{
    "__comment": "Made with TheDestruc7i0n's advancements generator: https://advancements.thedestruc7i0n.ca",
    "display": {
        "title": {
            "text": "Advance Farmer",
            "color": "aqua",
            "bold": true
        },
        "description": {
            "text": "Obtain 1 stack of each farming item (ex. 64 wheat) , 1 stack of sugarcane and cactus too.",
            "color": "gray"
        },
        "icon": {
            "item": "minecraft:diamond_hoe"
        },
        "frame": "challenge",
        "show_toast": true,
        "announce_to_chat": true,
        "hidden": false
    },
    "rewards": {
        "experience": 100
    },
    "criteria": {
        "advancefarmer": {
            "trigger": "minecraft:inventory_changed",
            "conditions": {
                "items": [
                    {
                        "item": "minecraft:wheat",
                        "count": {
                            "min": 64,
                            "max": 64
                        }
                    }
                ]
            }
        },
        "advancefarmer2": {
            "trigger": "minecraft:inventory_changed",
            "conditions": {
                "items": [
                    {
                        "item": "minecraft:potato",
                        "count": {
                            "min": 64,
                            "max": 64
                        }
                    }
                ]
            }
        },
        "advancefarmer3": {
            "trigger": "minecraft:inventory_changed",
            "conditions": {
                "items": [
                    {
                        "item": "minecraft:carrot",
                        "count": {
                            "min": 64,
                            "max": 64
                        }
                    }
                ]
            }
        },
        "advancefarmer4": {
            "trigger": "minecraft:inventory_changed",
            "conditions": {
                "items": [
                    {
                        "item": "minecraft:pumpkin",
                        "count": {
                            "min": 64,
                            "max": 64
                        }
                    }
                ]
            }
        },
        "advancefarmer5": {
            "trigger": "minecraft:inventory_changed",
            "conditions": {
                "items": [
                    {
                        "item": "minecraft:melon_slice",
                        "count": {
                            "min": 64,
                            "max": 64
                        }
                    }
                ]
            }
        },
        "advancefarmer6": {
            "trigger": "minecraft:inventory_changed",
            "conditions": {
                "items": [
                    {
                        "item": "minecraft:cactus",
                        "count": {
                            "min": 64,
                            "max": 64
                        }
                    }
                ]
            }
        },
        "advancefarmer7": {
            "trigger": "minecraft:inventory_changed",
            "conditions": {
                "items": [
                    {
                        "item": "minecraft:sugar_cane",
                        "count": {
                            "min": 64,
                            "max": 64
                        }
                    }
                ]
            }
        }
    },
    "parent": "customskyblock:farmingpackage"
}