{
    "__comment": "Made with TheDestruc7i0n's advancements generator: https://advancements.thedestruc7i0n.ca",
    "display": {
        "title": {
            "text": "Good night",
            "color": "green",
            "bold": true
        },
        "description": {
            "text": "Craft bed and sleep",
            "color": "gray"
        },
        "icon": {
            "item": "minecraft:red_bed"
        },
        "frame": "challenge",
        "show_toast": true,
        "announce_to_chat": true,
        "hidden": false
    },
    "rewards": {
        "experience": 25
    },
    "criteria": {
        "bed": {
            "trigger": "minecraft:slept_in_bed"
        }
    },
    "parent": "customskyblock:string"
}