{
    "__comment": "Made with TheDestruc7i0n's advancements generator: https://advancements.thedestruc7i0n.ca",
    "display": {
        "title": {
            "text": "Stone age!",
            "color": "dark_gray",
            "bold": true,
            "underlined": true
        },
        "description": {
            "text": "Mine 64 cobblestone",
            "color": "gray"
        },
        "icon": {
            "item": "minecraft:cobblestone"
        },
        "frame": "task",
        "show_toast": true,
        "announce_to_chat": true,
        "hidden": false
    },
    "criteria": {
        "cobblestone": {
            "trigger": "minecraft:inventory_changed",
            "conditions": {
                "items": [
                    {
                        "item": "minecraft:cobblestone",
                        "count": {
                            "min": 64,
                            "max": 64
                        }
                    }
                ]
            }
        }
    },
    "parent": "customskyblock:lava_bucket"
}