{
    "__comment": "Made with TheDestruc7i0n's advancements generator: https://advancements.thedestruc7i0n.ca",
    "display": {
        "title": {
            "text": "Magic Egg",
            "color": "dark_purple",
            "bold": true
        },
        "description": {
            "text": "Craft Animal Spawn egg (Cow , sheep , pig , chicken)",
            "color": "gray"
        },
        "icon": {
            "item": "minecraft:egg"
        },
        "frame": "task",
        "show_toast": true,
        "announce_to_chat": true,
        "hidden": false
    },
    "criteria": {
        "egg": {
            "trigger": "minecraft:inventory_changed",
            "conditions": {
                "items": [
                    {
                        "item": "minecraft:cow_spawn_egg",
                        "count": {
                            "min": 1,
                            "max": 64
                        }
                    }
                ]
            }
        },
        "egg2": {
            "trigger": "minecraft:inventory_changed",
            "conditions": {
                "items": [
                    {
                        "item": "minecraft:sheep_spawn_egg",
                        "count": {
                            "min": 1,
                            "max": 64
                        }
                    }
                ]
            }
        },
        "egg3": {
            "trigger": "minecraft:inventory_changed",
            "conditions": {
                "items": [
                    {
                        "item": "minecraft:chicken_spawn_egg",
                        "count": {
                            "min": 1,
                            "max": 64
                        }
                    }
                ]
            }
        },
        "egg4": {
            "trigger": "minecraft:inventory_changed",
            "conditions": {
                "items": [
                    {
                        "item": "minecraft:pig_spawn_egg",
                        "count": {
                            "min": 1,
                            "max": 64
                        }
                    }
                ]
            }
        }
    },
    "parent": "customskyblock:seed"
}