{
    "__comment": "Made with TheDestruc7i0n's advancements generator: https://advancements.thedestruc7i0n.ca",
    "display": {
        "title": {
            "text": "Magic Progression",
            "color": "gold",
            "bold": true
        },
        "description": {
            "text": "Obtain Dragon Egg and Dragon Head",
            "color": "gray"
        },
        "icon": {
            "item": "minecraft:dragon_egg"
        },
        "frame": "task",
        "show_toast": true,
        "announce_to_chat": true,
        "hidden": false
    },
    "criteria": {
        "dragon": {
            "trigger": "minecraft:inventory_changed",
            "conditions": {
                "items": [
                    {
                        "item": "minecraft:dragon_egg",
                        "count": {
                            "min": 1,
                            "max": 64
                        }
                    }
                ]
            }
        },
        "dragon2": {
            "trigger": "minecraft:inventory_changed",
            "conditions": {
                "items": [
                    {
                        "item": "minecraft:dragon_head",
                        "count": {
                            "min": 1,
                            "max": 64
                        }
                    }
                ]
            }
        }
    },
    "parent": "customskyblock:trident"
}