{
    "__comment": "Made with TheDestruc7i0n's advancements generator: https://advancements.thedestruc7i0n.ca",
    "display": {
        "title": {
            "text": "Farming Package.",
            "color": "light_purple",
            "bold": true
        },
        "description": {
            "text": "Craft pumpkin seed , melon seed , potato , carrot , sugarcane , cactus.",
            "color": "gray"
        },
        "icon": {
            "item": "minecraft:chest"
        },
        "frame": "task",
        "show_toast": true,
        "announce_to_chat": true,
        "hidden": false
    },
    "criteria": {
        "farmingpackage": {
            "trigger": "minecraft:inventory_changed",
            "conditions": {
                "items": [
                    {
                        "item": "minecraft:pumpkin_seeds",
                        "count": {
                            "min": 1,
                            "max": 64
                        }
                    }
                ]
            }
        },
        "farmingpackage2": {
            "trigger": "minecraft:inventory_changed",
            "conditions": {
                "items": [
                    {
                        "item": "minecraft:melon_seeds",
                        "count": {
                            "min": 1,
                            "max": 64
                        }
                    }
                ]
            }
        },
        "farmingpackage3": {
            "trigger": "minecraft:inventory_changed",
            "conditions": {
                "items": [
                    {
                        "item": "minecraft:potato",
                        "count": {
                            "min": 1,
                            "max": 64
                        }
                    }
                ]
            }
        },
        "farmingpackage4": {
            "trigger": "minecraft:inventory_changed",
            "conditions": {
                "items": [
                    {
                        "item": "minecraft:carrot",
                        "count": {
                            "min": 1,
                            "max": 64
                        }
                    }
                ]
            }
        },
        "farmingpackage5": {
            "trigger": "minecraft:inventory_changed",
            "conditions": {
                "items": [
                    {
                        "item": "minecraft:sugar_cane",
                        "count": {
                            "min": 1,
                            "max": 64
                        }
                    }
                ]
            }
        },
        "farmingpackage6": {
            "trigger": "minecraft:inventory_changed",
            "conditions": {
                "items": [
                    {
                        "item": "minecraft:cactus",
                        "count": {
                            "min": 1,
                            "max": 64
                        }
                    }
                ]
            }
        }
    },
    "parent": "customskyblock:seed"
}