{
    "__comment": "Made with TheDestruc7i0n's advancements generator: https://advancements.thedestruc7i0n.ca",
    "display": {
        "title": {
            "text": "Better Gear",
            "color": "white",
            "bold": true
        },
        "description": {
            "text": "Craft Iron Gear",
            "color": "gray"
        },
        "icon": {
            "item": "minecraft:iron_chestplate"
        },
        "frame": "task",
        "show_toast": true,
        "announce_to_chat": true,
        "hidden": false
    },
    "criteria": {
        "gear2": {
            "trigger": "minecraft:inventory_changed",
            "conditions": {
                "items": [
                    {
                        "item": "minecraft:iron_helmet",
                        "count": {
                            "min": 1,
                            "max": 1
                        }
                    },
                    {
                        "item": "minecraft:iron_chestplate",
                        "count": {
                            "min": 1,
                            "max": 1
                        }
                    },
                    {
                        "item": "minecraft:iron_leggings",
                        "count": {
                            "min": 1,
                            "max": 1
                        }
                    },
                    {
                        "item": "minecraft:iron_boots"
                    }
                ]
            }
        }
    },
    "parent": "customskyblock:gear1"
}