{
    "__comment": "Made with TheDestruc7i0n's advancements generator: https://advancements.thedestruc7i0n.ca",
    "display": {
        "title": {
            "text": "Precious Gear but not Strong!",
            "color": "gold",
            "bold": true
        },
        "description": {
            "text": "Craft golden gear",
            "color": "gray"
        },
        "icon": {
            "item": "minecraft:golden_chestplate"
        },
        "frame": "task",
        "show_toast": true,
        "announce_to_chat": true,
        "hidden": false
    },
    "criteria": {
        "gear4": {
            "trigger": "minecraft:inventory_changed",
            "conditions": {
                "items": [
                    {
                        "item": "minecraft:golden_helmet",
                        "count": {
                            "min": 1,
                            "max": 1
                        }
                    },
                    {
                        "item": "minecraft:golden_chestplate",
                        "count": {
                            "min": 1,
                            "max": 1
                        }
                    },
                    {
                        "item": "minecraft:golden_leggings",
                        "count": {
                            "min": 1,
                            "max": 1
                        }
                    },
                    {
                        "item": "minecraft:golden_boots",
                        "count": {
                            "min": 1,
                            "max": 1
                        }
                    }
                ]
            }
        }
    },
    "parent": "customskyblock:gear3"
}