{
    "__comment": "Made with TheDestruc7i0n's advancements generator: https://advancements.thedestruc7i0n.ca",
    "display": {
        "title": {
            "text": "Strongest Gear ever!",
            "color": "aqua",
            "bold": true
        },
        "description": {
            "text": "Craft Diamond gear",
            "color": "gray"
        },
        "icon": {
            "item": "minecraft:diamond_chestplate"
        },
        "frame": "task",
        "show_toast": true,
        "announce_to_chat": true,
        "hidden": false
    },
    "criteria": {
        "gear3": {
            "trigger": "minecraft:inventory_changed",
            "conditions": {
                "items": [
                    {
                        "item": "minecraft:diamond_helmet",
                        "count": {
                            "min": 1,
                            "max": 1
                        }
                    },
                    {
                        "item": "minecraft:diamond_chestplate",
                        "count": {
                            "min": 1,
                            "max": 1
                        }
                    },
                    {
                        "item": "minecraft:diamond_leggings",
                        "count": {
                            "min": 1,
                            "max": 1
                        }
                    },
                    {
                        "item": "minecraft:diamond_boots",
                        "count": {
                            "min": 1,
                            "max": 1
                        }
                    }
                ]
            }
        }
    },
    "parent": "customskyblock:gear2"
}