{
    "__comment": "Made with TheDestruc7i0n's advancements generator: https://advancements.thedestruc7i0n.ca",
    "display": {
        "title": {
            "text": "Hot Lava ~~",
            "color": "red",
            "bold": true
        },
        "description": {
            "text": "Craft lava bucket",
            "color": "gray"
        },
        "icon": {
            "item": "minecraft:lava_bucket"
        },
        "frame": "task",
        "show_toast": true,
        "announce_to_chat": true,
        "hidden": false
    },
    "criteria": {
        "lava_bucket": {
            "trigger": "minecraft:inventory_changed",
            "conditions": {
                "items": [
                    {
                        "item": "minecraft:lava_bucket"
                    }
                ]
            }
        }
    },
    "parent": "customskyblock:torch"
}