{
    "__comment": "Made with TheDestruc7i0n's advancements generator: https://advancements.thedestruc7i0n.ca",
    "display": {
        "title": {
            "text": "Monster Place!",
            "color": "dark_red",
            "bold": true
        },
        "description": {
            "text": "Make monster place and kill them!",
            "color": "gray"
        },
        "icon": {
            "item": "minecraft:iron_sword"
        },
        "frame": "task",
        "show_toast": true,
        "announce_to_chat": true,
        "hidden": false
    },
    "criteria": {
        "kill": {
            "trigger": "minecraft:player_killed_entity",
            "conditions": {
                "entity": {
                    "type": "minecraft:skeleton",
                    "distance": {
                        "absolute": {
                            "min": 1,
                            "max": 100
                        }
                    }
                }
            }
        },
        "kill1": {
            "trigger": "minecraft:player_killed_entity",
            "conditions": {
                "entity": {
                    "type": "minecraft:zombie",
                    "distance": {
                        "absolute": {
                            "min": 1,
                            "max": 100
                        }
                    }
                }
            }
        },
        "kill2": {
            "trigger": "minecraft:player_killed_entity",
            "conditions": {
                "entity": {
                    "type": "minecraft:spider",
                    "distance": {
                        "absolute": {
                            "min": 1,
                            "max": 100
                        }
                    }
                }
            }
        },
        "kill3": {
            "trigger": "minecraft:player_killed_entity",
            "conditions": {
                "entity": {
                    "type": "minecraft:creeper",
                    "distance": {
                        "absolute": {
                            "min": 1,
                            "max": 100
                        }
                    }
                }
            }
        },
        "kill4": {
            "trigger": "minecraft:player_killed_entity",
            "conditions": {
                "entity": {
                    "type": "minecraft:enderman",
                    "distance": {
                        "absolute": {
                            "min": 1,
                            "max": 100
                        }
                    }
                }
            }
        }
    },
    "parent": "customskyblock:cobblestone"
}