{
    "__comment": "Made with TheDestruc7i0n's advancements generator: https://advancements.thedestruc7i0n.ca",
    "display": {
        "title": {
            "text": "Another World?",
            "color": "red",
            "bold": true
        },
        "description": {
            "text": "Go to nether and mine netherrack",
            "color": "gray"
        },
        "icon": {
            "item": "minecraft:netherrack"
        },
        "frame": "challenge",
        "show_toast": true,
        "announce_to_chat": true,
        "hidden": false
    },
    "rewards": {
        "experience": 100
    },
    "criteria": {
        "nether": {
            "trigger": "minecraft:inventory_changed",
            "conditions": {
                "items": [
                    {
                        "item": "minecraft:netherrack",
                        "count": {
                            "min": 1,
                            "max": 64
                        }
                    }
                ]
            }
        }
    },
    "parent": "customskyblock:obsidian"
}