{
    "__comment": "Made with TheDestruc7i0n's advancements generator: https://advancements.thedestruc7i0n.ca",
    "display": {
        "title": {
            "text": "Ore Crafter",
            "color": "gray",
            "bold": true
        },
        "description": {
            "text": "Craft Coal , Iron , Gold , Redstone , Lapis lazuli , Diamond",
            "color": "gray"
        },
        "icon": {
            "item": "minecraft:iron_ingot"
        },
        "frame": "task",
        "show_toast": true,
        "announce_to_chat": true,
        "hidden": false
    },
    "criteria": {
        "ore": {
            "trigger": "minecraft:inventory_changed",
            "conditions": {
                "items": [
                    {
                        "item": "minecraft:coal",
                        "count": {
                            "min": 1,
                            "max": 64
                        }
                    }
                ]
            }
        },
        "ore2": {
            "trigger": "minecraft:inventory_changed",
            "conditions": {
                "items": [
                    {
                        "item": "minecraft:iron_ingot",
                        "count": {
                            "min": 1,
                            "max": 64
                        }
                    }
                ]
            }
        },
        "ore3": {
            "trigger": "minecraft:inventory_changed",
            "conditions": {
                "items": [
                    {
                        "item": "minecraft:gold_ingot",
                        "count": {
                            "min": 1,
                            "max": 64
                        }
                    }
                ]
            }
        },
        "ore4": {
            "trigger": "minecraft:inventory_changed",
            "conditions": {
                "items": [
                    {
                        "item": "minecraft:redstone",
                        "count": {
                            "min": 1,
                            "max": 64
                        }
                    }
                ]
            }
        },
        "ore5": {
            "trigger": "minecraft:inventory_changed",
            "conditions": {
                "items": [
                    {
                        "item": "minecraft:lapis_lazuli",
                        "count": {
                            "min": 1,
                            "max": 64
                        }
                    }
                ]
            }
        },
        "ore6": {
            "trigger": "minecraft:inventory_changed",
            "conditions": {
                "items": [
                    {
                        "item": "minecraft:diamond",
                        "count": {
                            "min": 1,
                            "max": 64
                        }
                    }
                ]
            }
        }
    },
    "parent": "customskyblock:mob"
}