{
    "__comment": "Made with TheDestruc7i0n's advancements generator: https://advancements.thedestruc7i0n.ca",
    "display": {
        "title": {
            "text": "Magical Mob",
            "color": "dark_green",
            "bold": true
        },
        "description": {
            "text": "Kill phantom",
            "color": "gray"
        },
        "icon": {
            "item": "minecraft:phantom_membrane"
        },
        "frame": "task",
        "show_toast": true,
        "announce_to_chat": true,
        "hidden": false
    },
    "criteria": {
        "phantom": {
            "trigger": "minecraft:player_killed_entity",
            "conditions": {
                "entity": {
                    "type": "minecraft:phantom",
                    "distance": {
                        "absolute": {
                            "min": 1,
                            "max": 300
                        }
                    }
                }
            }
        }
    },
    "parent": "customskyblock:prosperous"
}