{
    "__comment": "Made with TheDestruc7i0n's advancements generator: https://advancements.thedestruc7i0n.ca",
    "display": {
        "title": {
            "text": "Prosperous Age",
            "color": "aqua",
            "bold": true,
            "underlined": true
        },
        "description": {
            "text": "Obtain Nether star",
            "color": "gray"
        },
        "icon": {
            "item": "minecraft:nether_star"
        },
        "frame": "task",
        "show_toast": true,
        "announce_to_chat": true,
        "hidden": false
    },
    "criteria": {
        "star": {
            "trigger": "minecraft:inventory_changed",
            "conditions": {
                "items": [
                    {
                        "item": "minecraft:nether_star",
                        "count": {
                            "min": 1,
                            "max": 1
                        }
                    }
                ]
            }
        }
    },
    "parent": "customskyblock:torch"
}