{
    "__comment": "Made with TheDestruc7i0n's advancements generator: https://advancements.thedestruc7i0n.ca",
    "display": {
        "title": {
            "text": "The End",
            "color": "black",
            "bold": true
        },
        "description": {
            "text": "Thank you for playing Custom Skyblock.",
            "color": "gold",
            "bold": true
        },
        "icon": {
            "item": "minecraft:end_portal_frame"
        },
        "frame": "challenge",
        "show_toast": true,
        "announce_to_chat": true,
        "hidden": false
    },
    "criteria": {
        "totem2": {
            "trigger": "minecraft:inventory_changed",
            "conditions": {
                "items": [
                    {
                        "item": "minecraft:totem_of_undying",
                        "count": {
                            "min": 1,
                            "max": 1
                        }
                    }
                ]
            }
        }
    },
    "parent": "customskyblock:totem"
}