{
    "__comment": "Made with TheDestruc7i0n's advancements generator: https://advancements.thedestruc7i0n.ca",
    "display": {
        "title": {
            "text": "Need light?",
            "color": "yellow",
            "bold": true
        },
        "description": {
            "text": "Craft Torch",
            "color": "gray"
        },
        "icon": {
            "item": "minecraft:torch"
        },
        "frame": "task",
        "show_toast": true,
        "announce_to_chat": true,
        "hidden": false
    },
    "criteria": {
        "torch": {
            "trigger": "minecraft:inventory_changed",
            "conditions": {
                "items": [
                    {
                        "item": "minecraft:torch",
                        "count": {
                            "min": 1,
                            "max": 64
                        }
                    }
                ]
            }
        }
    },
    "parent": "customskyblock:water_bucket"
}