{
    "display": {
        "icon": {
            "item": "minecraft:diamond_hoe"
        },
        "title": {
            "translate": "advancements.husbandry.break_diamond_hoe.title"
        },
        "description": {
            "translate": "advancements.husbandry.break_diamond_hoe.description"
        },
        "frame": "challenge"
    },
    "parent": "minecraft:husbandry/plant_seed",
    "criteria": {
        "levitated": {
            "trigger": "minecraft:impossible"
        }
    }
}