{"stats":{"minecraft:custom":{"minecraft:interact_with_crafting_table":184,"minecraft:leave_game":27,"minecraft:time_since_death":11820,"minecraft:damage_resisted":12424,"minecraft:sprint_one_cm":640153,"minecraft:drop":44,"minecraft:talked_to_villager":38,"minecraft:deaths":13,"minecraft:jump":4787,"minecraft:interact_with_brewingstand":1,"minecraft:walk_on_water_one_cm":39555,"minecraft:interact_with_furnace":194,"minecraft:play_one_minute":1605796,"minecraft:damage_dealt":334,"minecraft:crouch_one_cm":194833,"minecraft:mob_kills":1,"minecraft:climb_one_cm":6835,"minecraft:walk_one_cm":855926,"minecraft:sneak_time":102179,"minecraft:walk_under_water_one_cm":23400,"minecraft:time_since_rest":11841,"minecraft:damage_taken":6142,"minecraft:trigger_trapped_chest":1,"minecraft:swim_one_cm":22115,"minecraft:fly_one_cm":11011403,"minecraft:open_chest":7,"minecraft:fall_one_cm":244047},"minecraft:crafted":{"minecraft:oak_planks":268,"minecraft:stone":7,"minecraft:hopper":1,"minecraft:glass":3,"minecraft:bow":1,"minecraft:comparator":1,"minecraft:stone_pressure_plate":1,"minecraft:chest":1,"minecraft:dried_kelp_block":3,"minecraft:redstone_lamp":1,"minecraft:cauldron":2,"minecraft:crafting_table":65,"minecraft:spruce_planks":88,"minecraft:wooden_pickaxe":31,"minecraft:chest_minecart":1,"minecraft:clock":1,"minecraft:sticky_piston":1,"minecraft:pumpkin_seeds":4,"minecraft:hopper_minecart":1,"minecraft:birch_planks":56,"minecraft:brewing_stand":1,"minecraft:dandelion_yellow":1,"minecraft:dark_oak_slab":6,"minecraft:iron_chestplate":1,"minecraft:diamond_pickaxe":1,"minecraft:shield":2,"minecraft:stick":272,"minecraft:stone_slab":6,"minecraft:iron_ingot":81,"minecraft:iron_pickaxe":8,"minecraft:stone_sword":1,"minecraft:wooden_sword":7,"minecraft:stone_shovel":3,"minecraft:tripwire_hook":2,"minecraft:popped_chorus_fruit":1,"minecraft:furnace":35,"minecraft:piston":1,"minecraft:mushroom_stew":3,"minecraft:slime_ball":153,"minecraft:stone_pickaxe":19,"minecraft:diamond_boots":1,"minecraft:dark_oak_planks":148,"minecraft:lead":4,"minecraft:minecart":1,"minecraft:daylight_detector":1,"minecraft:dried_kelp":26,"minecraft:bowl":16,"minecraft:glowstone":1,"minecraft:bread":3,"minecraft:air":0,"minecraft:jungle_planks":72,"minecraft:white_wool":3,"minecraft:white_bed":1,"minecraft:acacia_planks":128},"minecraft:dropped":{"minecraft:brown_mushroom":1,"minecraft:crafting_table":2,"minecraft:red_mushroom":1,"minecraft:black_concrete":3,"minecraft:yellow_stained_glass":1,"minecraft:acacia_sapling":1,"minecraft:quartz":2,"minecraft:brown_concrete":1,"minecraft:barrier":1,"minecraft:cobblestone":2,"minecraft:spruce_button":4,"minecraft:sign":3,"minecraft:lava_bucket":4,"minecraft:white_concrete":2,"minecraft:light_gray_stained_glass":2,"minecraft:green_glazed_terracotta":1,"minecraft:cactus":2,"minecraft:lily_pad":1,"minecraft:redstone":2,"minecraft:green_terracotta":1,"minecraft:light_gray_concrete":1,"minecraft:light_blue_concrete":1,"minecraft:red_terracotta":1,"minecraft:stone":3,"minecraft:redstone_torch":1,"minecraft:brown_stained_glass":1,"minecraft:white_stained_glass":1,"minecraft:terracotta":1},"minecraft:mined":{"minecraft:dark_oak_planks":12,"minecraft:spruce_planks":1,"minecraft:light_blue_concrete":2,"minecraft:cobblestone_stairs":2,"minecraft:orange_stained_glass":14,"minecraft:red_sand":1,"minecraft:acacia_log":4,"minecraft:grass_block":43,"minecraft:jungle_log":3,"minecraft:lime_stained_glass":8,"minecraft:nether_wart":5,"minecraft:orange_concrete":3,"minecraft:glowstone":5,"minecraft:iron_ore":126,"minecraft:pumpkin":5,"minecraft:dark_oak_stairs":1,"minecraft:spruce_wood":10,"minecraft:blue_orchid":3,"minecraft:brown_mushroom":4,"minecraft:kelp_plant":22,"minecraft:orange_terracotta":62,"minecraft:blue_stained_glass":2,"minecraft:light_gray_terracotta":1,"minecraft:dark_oak_wood":6,"minecraft:poppy":3,"minecraft:nether_quartz_ore":18,"minecraft:cobblestone":22,"minecraft:birch_wood":16,"minecraft:slime_block":353,"minecraft:sugar_cane":2,"minecraft:oak_planks":28,"minecraft:wall_torch":1,"minecraft:seagrass":9,"minecraft:jungle_wood":16,"minecraft:dark_oak_slab":3,"minecraft:wheat":14,"minecraft:jukebox":3,"minecraft:lime_concrete":5,"minecraft:orange_tulip":4,"minecraft:grass":67,"minecraft:oak_log":12,"minecraft:sand":20,"minecraft:dirt":83,"minecraft:netherrack":64,"minecraft:oak_leaves":29,"minecraft:diamond_ore":10,"minecraft:red_carpet":1,"minecraft:dark_oak_log":39,"minecraft:jack_o_lantern":5,"minecraft:end_stone":10,"minecraft:nether_bricks":9,"minecraft:tube_coral_wall_fan":2,"minecraft:magenta_concrete":11,"minecraft:spruce_leaves":5,"minecraft:red_mushroom":4,"minecraft:kelp":15,"minecraft:redstone_ore":9,"minecraft:snow":5,"minecraft:acacia_wood":21,"minecraft:orange_stained_glass_pane":6,"minecraft:andesite":8,"minecraft:stripped_spruce_log":7,"minecraft:cobblestone_slab":1,"minecraft:vine":10,"minecraft:chorus_plant":3,"minecraft:stone":999,"minecraft:bone_block":3,"minecraft:white_wool":12,"minecraft:podzol":5,"minecraft:acacia_leaves":38,"minecraft:soul_sand":31,"minecraft:snow_block":15,"minecraft:dandelion":4,"minecraft:oak_fence":1,"minecraft:crafting_table":3,"minecraft:light_gray_concrete_powder":14,"minecraft:oak_wood":62,"minecraft:lapis_ore":14,"minecraft:red_concrete":3,"minecraft:red_terracotta":43,"minecraft:cactus":2,"minecraft:coarse_dirt":35,"minecraft:gray_concrete_powder":5,"minecraft:cobblestone_wall":1,"minecraft:spruce_log":9,"minecraft:purple_concrete":3,"minecraft:grass_path":2,"minecraft:coal_ore":72,"minecraft:cocoa":1,"minecraft:gravel":15,"minecraft:yellow_concrete":5,"minecraft:cobweb":43,"minecraft:terracotta":11,"minecraft:stripped_acacia_wood":14,"minecraft:gold_ore":11,"minecraft:fern":6},"minecraft:killed":{"minecraft:blaze":1},"minecraft:used":{"minecraft:jack_o_lantern":1,"minecraft:blue_terracotta":21,"minecraft:light_gray_stained_glass_pane":2,"minecraft:spruce_slab":17,"minecraft:carrot_on_a_stick":3,"minecraft:bone_block":13,"minecraft:ladder":13,"minecraft:brown_concrete":167,"minecraft:stone":15145,"minecraft:grass":681,"minecraft:green_terracotta":715,"minecraft:spruce_leaves":179,"minecraft:soul_sand":24,"minecraft:blue_stained_glass":1,"minecraft:jungle_planks":5,"minecraft:nether_bricks":1,"minecraft:pink_terracotta":2,"minecraft:packed_ice":58,"minecraft:cyan_terracotta":6,"minecraft:lava_bucket":226,"minecraft:coal_ore":367,"minecraft:red_wool":320,"minecraft:spruce_wood":92,"minecraft:grass_block":1832,"minecraft:blue_orchid":22,"minecraft:dark_oak_slab":2,"minecraft:redstone_lamp":30,"minecraft:snow":857,"minecraft:furnace":35,"minecraft:gold_block":6,"minecraft:large_fern":8,"minecraft:emerald_ore":28,"minecraft:dark_oak_stairs":1,"minecraft:diorite":14,"minecraft:red_stained_glass":2,"minecraft:stone_pickaxe":971,"minecraft:oak_planks":107,"minecraft:lily_pad":16,"minecraft:orange_tulip":11,"minecraft:cactus":12,"minecraft:wooden_pickaxe":326,"minecraft:oak_leaves":350,"minecraft:sand":347,"minecraft:yellow_terracotta":1,"minecraft:light_blue_concrete":149,"minecraft:yellow_concrete":139,"minecraft:light_gray_terracotta":3,"minecraft:acacia_leaves":191,"minecraft:sponge":157,"minecraft:purple_terracotta":207,"minecraft:gray_concrete":13,"minecraft:end_stone":4,"minecraft:redstone_torch":6,"minecraft:black_terracotta":190,"minecraft:green_concrete":126,"minecraft:black_concrete":2210,"minecraft:dark_oak_log":46,"minecraft:gray_stained_glass_pane":1,"minecraft:light_gray_concrete":180,"minecraft:brown_stained_glass":312,"minecraft:barrier":1901,"minecraft:sign":141,"minecraft:red_terracotta":60,"minecraft:diamond_ore":81,"minecraft:gravel":17,"minecraft:wooden_sword":32,"minecraft:dark_oak_fence":9,"minecraft:white_stained_glass":268,"minecraft:andesite":148,"minecraft:pink_stained_glass":18,"minecraft:ice":51,"minecraft:white_concrete":151,"minecraft:coarse_dirt":33,"minecraft:cobweb":34,"minecraft:oak_fence":14,"minecraft:stone_sword":18,"minecraft:orange_concrete":143,"minecraft:flint_and_steel":12,"minecraft:dead_bush":4,"minecraft:white_tulip":7,"minecraft:armor_stand":2,"minecraft:redstone_ore":109,"minecraft:red_concrete":184,"minecraft:stone_shovel":84,"minecraft:light_gray_carpet":1,"minecraft:mycelium":175,"minecraft:light_blue_terracotta":36,"minecraft:spruce_planks":69,"minecraft:structure_block":41,"minecraft:netherrack":17,"minecraft:green_glazed_terracotta":82,"minecraft:orange_stained_glass":1,"minecraft:torch":22,"minecraft:dirt":2758,"minecraft:spruce_stairs":45,"minecraft:cobblestone_wall":1,"minecraft:oak_wood":261,"minecraft:spruce_fence":30,"minecraft:granite":20,"minecraft:blue_concrete":175,"minecraft:fern":13,"minecraft:brown_terracotta":39,"minecraft:dark_oak_planks":9,"minecraft:sea_lantern":15,"minecraft:red_tulip":21,"minecraft:yellow_stained_glass":4,"minecraft:iron_block":25,"minecraft:oak_stairs":13,"minecraft:jungle_log":63,"minecraft:purple_concrete":145,"minecraft:lime_concrete":166,"minecraft:black_stained_glass":13,"minecraft:tall_grass":64,"minecraft:magenta_terracotta":2,"minecraft:lime_stained_glass":3,"minecraft:white_stained_glass_pane":2,"minecraft:podzol":20,"minecraft:acacia_wood":123,"minecraft:acacia_planks":10,"minecraft:orange_terracotta":28,"minecraft:water_bucket":459,"minecraft:iron_ore":397,"minecraft:pink_tulip":9,"minecraft:snow_block":54,"minecraft:birch_planks":1,"minecraft:brown_mushroom":20,"minecraft:red_mushroom_block":59,"minecraft:magenta_stained_glass":2,"minecraft:gold_ore":121,"minecraft:pink_concrete":154,"minecraft:diamond_block":5,"minecraft:terracotta":6,"minecraft:lime_terracotta":17,"minecraft:rail":16,"minecraft:vine":147,"minecraft:crafting_table":71,"minecraft:red_mushroom":19,"minecraft:yellow_stained_glass_pane":2,"minecraft:spruce_log":53,"minecraft:dark_oak_door":1,"minecraft:mushroom_stem":12,"minecraft:purple_stained_glass":1,"minecraft:oak_log":201,"minecraft:iron_pickaxe":293,"minecraft:lapis_ore":88,"minecraft:cyan_concrete":146,"minecraft:magenta_concrete":90,"minecraft:stone_axe":65,"minecraft:cobblestone":436,"minecraft:acacia_pressure_plate":14,"minecraft:brown_mushroom_block":45,"minecraft:green_stained_glass":4},"minecraft:picked_up":{"minecraft:wheat":14,"minecraft:light_blue_concrete":2,"minecraft:acacia_pressure_plate":5,"minecraft:string":44,"minecraft:armor_stand":1,"minecraft:red_sand":1,"minecraft:spruce_planks":1,"minecraft:white_tulip":4,"minecraft:redstone_torch":13,"minecraft:rose_bush":3,"minecraft:cobblestone_slab":1,"minecraft:stick":15,"minecraft:oak_fence":1,"minecraft:torch":10,"minecraft:acacia_log":4,"minecraft:cactus":4,"minecraft:red_tulip":6,"minecraft:blaze_rod":2,"minecraft:snowball":56,"minecraft:cobblestone":982,"minecraft:barrier":1,"minecraft:jungle_log":3,"minecraft:andesite":8,"minecraft:jungle_wood":17,"minecraft:flint":3,"minecraft:lapis_lazuli":86,"minecraft:dirt":124,"minecraft:light_gray_concrete_powder":13,"minecraft:gray_concrete_powder":5,"minecraft:sign":11,"minecraft:acacia_planks":3,"minecraft:orange_tulip":5,"minecraft:wheat_seeds":54,"minecraft:birch_wood":15,"minecraft:glowstone_dust":19,"minecraft:oak_planks":58,"minecraft:stripped_acacia_wood":14,"minecraft:sand":19,"minecraft:stripped_spruce_log":7,"minecraft:red_terracotta":42,"minecraft:dark_oak_log":39,"minecraft:light_gray_terracotta":1,"minecraft:diamond":9,"minecraft:slime_block":351,"minecraft:spruce_button":5,"minecraft:jack_o_lantern":5,"minecraft:oak_sapling":2,"minecraft:chorus_fruit":24,"minecraft:netherrack":63,"minecraft:allium":3,"minecraft:cocoa_beans":9,"minecraft:crafting_table":3,"minecraft:coarse_dirt":35,"minecraft:azure_bluet":3,"minecraft:nether_wart":14,"minecraft:ladder":46,"minecraft:brown_mushroom":11,"minecraft:orange_concrete":3,"minecraft:blue_orchid":3,"minecraft:poppy":5,"minecraft:sugar_cane":3,"minecraft:end_stone":10,"minecraft:redstone":42,"minecraft:dark_oak_planks":29,"minecraft:nether_bricks":8,"minecraft:pink_tulip":3,"minecraft:white_wool":12,"minecraft:bone_block":3,"minecraft:oxeye_daisy":1,"minecraft:carrot_on_a_stick":1,"minecraft:red_mushroom":12,"minecraft:acacia_wood":20,"minecraft:oak_log":12,"minecraft:lily_pad":1,"minecraft:cobblestone_wall":1,"minecraft:cobblestone_stairs":2,"minecraft:orange_terracotta":62,"minecraft:red_carpet":1,"minecraft:kelp":45,"minecraft:spruce_wood":10,"minecraft:iron_ingot":1,"minecraft:iron_ore":125,"minecraft:soul_sand":29,"minecraft:acacia_sapling":3,"minecraft:dark_oak_stairs":1,"minecraft:purple_concrete":3,"minecraft:dark_oak_slab":3,"minecraft:pumpkin":5,"minecraft:yellow_concrete":5,"minecraft:dandelion":4,"minecraft:quartz":18,"minecraft:lime_concrete":5,"minecraft:gravel":76,"minecraft:spruce_sapling":1,"minecraft:spruce_log":9,"minecraft:gold_ore":11,"minecraft:oak_wood":61,"minecraft:terracotta":11,"minecraft:magenta_concrete":11,"minecraft:red_concrete":3,"minecraft:dark_oak_wood":6,"minecraft:coal":71}},"DataVersion":1628}