{"stats":{"minecraft:used":{"minecraft:oak_fence":77,"minecraft:glass":1,"minecraft:water_bucket":125,"minecraft:iron_ore":9,"minecraft:coal_ore":11,"minecraft:sandstone_stairs":45,"minecraft:chiseled_sandstone":58,"minecraft:acacia_door":2,"minecraft:dead_bush":6,"minecraft:red_wool":50,"minecraft:red_sandstone_slab":1,"minecraft:carrot_on_a_stick":1,"minecraft:barrier":47,"minecraft:ladder":21,"minecraft:cactus":16,"minecraft:sign":1,"minecraft:sandstone":27,"minecraft:stone":75,"minecraft:cut_sandstone":110,"minecraft:structure_void":23,"minecraft:cauldron":1,"minecraft:gravel":84,"minecraft:gold_ore":10,"minecraft:debug_stick":420,"minecraft:jungle_bark":19,"minecraft:sand":243,"minecraft:cobblestone":62,"minecraft:oak_slab":39,"minecraft:chorus_flower":15,"minecraft:sandstone_slab":60,"minecraft:dark_oak_bark":150,"minecraft:repeating_command_block":7,"minecraft:skeleton_skull":4,"minecraft:snowball":28,"minecraft:chorus_plant":5,"minecraft:end_stone":127,"minecraft:cake":2,"minecraft:obsidian":25},"minecraft:dropped":{"minecraft:detector_rail":1,"minecraft:sand":1,"minecraft:red_sandstone_slab":2},"minecraft:picked_up":{"minecraft:tnt":64,"minecraft:red_sandstone_slab":1},"minecraft:custom":{"minecraft:sprint_one_cm":32427,"minecraft:walk_one_cm":192890,"minecraft:drop":4,"minecraft:dive_one_cm":12462,"minecraft:swim_one_cm":3030,"minecraft:fly_one_cm":638506,"minecraft:fill_cauldron":1,"minecraft:play_one_minute":138960,"minecraft:crouch_one_cm":31549,"minecraft:deaths":1,"minecraft:sneak_time":11776,"minecraft:jump":444,"minecraft:leave_game":5,"minecraft:time_since_death":130783,"minecraft:climb_one_cm":3009}},"DataVersion":1464}