{"stats":{"minecraft:custom":{"minecraft:interact_with_furnace":15,"minecraft:interact_with_crafting_table":38,"minecraft:play_one_minute":100409,"minecraft:leave_game":4,"minecraft:time_since_death":49563,"minecraft:climb_one_cm":216,"minecraft:damage_resisted":4990,"minecraft:time_since_rest":49605,"minecraft:damage_taken":2110,"minecraft:sprint_one_cm":75993,"minecraft:walk_one_cm":111773,"minecraft:drop":17,"minecraft:damage_dealt":10,"minecraft:talked_to_villager":2,"minecraft:fly_one_cm":370985,"minecraft:open_chest":1,"minecraft:crouch_one_cm":5514,"minecraft:deaths":4,"minecraft:sneak_time":3036,"minecraft:walk_under_water_one_cm":9966,"minecraft:jump":807,"minecraft:walk_on_water_one_cm":7016,"minecraft:fall_one_cm":97537},"minecraft:crafted":{"minecraft:oak_planks":48,"minecraft:crafting_table":13,"minecraft:spruce_planks":60,"minecraft:dried_kelp":9,"minecraft:spruce_button":20,"minecraft:wooden_pickaxe":8,"minecraft:furnace":6,"minecraft:birch_planks":12,"minecraft:air":0,"minecraft:jungle_planks":4,"minecraft:dark_oak_slab":6,"minecraft:stick":48,"minecraft:iron_ingot":10,"minecraft:iron_pickaxe":2,"minecraft:stone_pickaxe":5,"minecraft:wooden_axe":1,"minecraft:stone_sword":1,"minecraft:light_gray_dye":1,"minecraft:white_bed":1,"minecraft:dried_kelp_block":1,"minecraft:acacia_planks":16,"minecraft:dark_oak_planks":40},"minecraft:dropped":{"minecraft:spruce_button":16,"minecraft:dirt":1},"minecraft:mined":{"minecraft:white_bed":1,"minecraft:acacia_leaves":8,"minecraft:spruce_planks":1,"minecraft:brown_mushroom":2,"minecraft:light_blue_concrete":4,"minecraft:dark_oak_log":3,"minecraft:cyan_stained_glass":3,"minecraft:oak_fence":1,"minecraft:dark_oak_wood":7,"minecraft:acacia_log":1,"minecraft:oak_wood":6,"minecraft:grass_block":11,"minecraft:green_concrete_powder":2,"minecraft:jungle_log":1,"minecraft:cobblestone":19,"minecraft:birch_wood":3,"minecraft:sugar_cane":2,"minecraft:red_mushroom":2,"minecraft:nether_wart":1,"minecraft:cactus":1,"minecraft:redstone_ore":1,"minecraft:coarse_dirt":1,"minecraft:jungle_wood":1,"minecraft:iron_ore":15,"minecraft:purple_stained_glass":8,"minecraft:wheat":3,"minecraft:acacia_wood":2,"minecraft:jukebox":1,"minecraft:andesite":2,"minecraft:stripped_spruce_log":15,"minecraft:pumpkin":1,"minecraft:orange_tulip":2,"minecraft:grass_path":1,"minecraft:grass":13,"minecraft:oak_log":6,"minecraft:coal_ore":1,"minecraft:light_gray_concrete":8,"minecraft:sand":4,"minecraft:dirt":18,"minecraft:pink_tulip":1,"minecraft:stripped_acacia_wood":4,"minecraft:stone":67,"minecraft:white_tulip":1,"minecraft:netherrack":5,"minecraft:white_wool":8,"minecraft:oak_leaves":8,"minecraft:fern":2},"minecraft:used":{"minecraft:stone_pickaxe":87,"minecraft:carrot_on_a_stick":1,"minecraft:wooden_pickaxe":56,"minecraft:netherrack":3,"minecraft:dirt":7,"minecraft:crafting_table":13,"minecraft:white_bed":2,"minecraft:acacia_sapling":1,"minecraft:light_gray_concrete":3,"minecraft:iron_pickaxe":2,"minecraft:furnace":6,"minecraft:andesite":1},"minecraft:picked_up":{"minecraft:coarse_dirt":1,"minecraft:wheat":3,"minecraft:light_blue_concrete":4,"minecraft:nether_wart":3,"minecraft:andesite":2,"minecraft:jungle_log":1,"minecraft:green_concrete_powder":2,"minecraft:brown_mushroom":2,"minecraft:jungle_wood":1,"minecraft:red_mushroom":2,"minecraft:acacia_wood":2,"minecraft:oak_log":6,"minecraft:dirt":30,"minecraft:orange_tulip":2,"minecraft:wheat_seeds":6,"minecraft:spruce_planks":1,"minecraft:birch_wood":3,"minecraft:white_tulip":1,"minecraft:iron_ore":15,"minecraft:sugar_cane":3,"minecraft:acacia_sapling":1,"minecraft:stick":4,"minecraft:pumpkin":1,"minecraft:oak_fence":1,"minecraft:stripped_acacia_wood":4,"minecraft:sand":4,"minecraft:stripped_spruce_log":15,"minecraft:white_bed":1,"minecraft:dark_oak_log":3,"minecraft:light_gray_concrete":6,"minecraft:oak_wood":6,"minecraft:cactus":5,"minecraft:pink_tulip":2,"minecraft:spruce_button":1,"minecraft:netherrack":5,"minecraft:dark_oak_wood":7,"minecraft:coal":1,"minecraft:white_wool":8,"minecraft:cobblestone":85}},"DataVersion":1628}