{"stats":{"minecraft:custom":{"minecraft:time_since_rest":470184,"minecraft:interact_with_furnace":4,"minecraft:sprint_one_cm":49222,"minecraft:damage_taken":370,"minecraft:walk_one_cm":56474,"minecraft:drop":14,"minecraft:damage_dealt":0,"minecraft:interact_with_crafting_table":7,"minecraft:talked_to_villager":152,"minecraft:fly_one_cm":666064,"minecraft:play_one_minute":687754,"minecraft:crouch_one_cm":1042,"minecraft:deaths":1,"minecraft:sneak_time":904,"minecraft:walk_under_water_one_cm":1622,"minecraft:jump":223,"minecraft:leave_game":18,"minecraft:time_since_death":645580,"minecraft:walk_on_water_one_cm":952,"minecraft:damage_resisted":1570,"minecraft:fall_one_cm":24323},"minecraft:crafted":{"minecraft:sugar":6,"minecraft:oak_planks":28,"minecraft:crafting_table":2,"minecraft:stick":8,"minecraft:wooden_pickaxe":2,"minecraft:rose_red":1,"minecraft:stone_sword":2,"minecraft:pumpkin_pie":1,"minecraft:cactus_green":1,"minecraft:air":0},"minecraft:dropped":{"minecraft:sign":2,"minecraft:white_tulip":1,"minecraft:oak_log":1,"minecraft:lime_concrete":1,"minecraft:lime_stained_glass":1,"minecraft:yellow_concrete":1,"minecraft:orange_concrete":1,"minecraft:barrier":1,"minecraft:yellow_stained_glass":1,"minecraft:rose_red":2,"minecraft:orange_stained_glass":1,"minecraft:terracotta":1},"minecraft:mined":{"minecraft:cactus":1,"minecraft:jungle_wood":1,"minecraft:pumpkin":1,"minecraft:grass":1,"minecraft:grass_block":1,"minecraft:red_tulip":1,"minecraft:oak_log":7,"minecraft:dirt":5,"minecraft:stone":5,"minecraft:sugar_cane":10,"minecraft:oak_leaves":2},"minecraft:used":{"minecraft:iron_shovel":1,"minecraft:yellow_stained_glass":3,"minecraft:stone_shovel":2,"minecraft:barrier":2,"minecraft:carrot_on_a_stick":5,"minecraft:wooden_pickaxe":7,"minecraft:orange_stained_glass":4,"minecraft:stone_axe":9,"minecraft:lime_concrete":13,"minecraft:dirt":4,"minecraft:terracotta":1,"minecraft:crafting_table":2,"minecraft:furnace":1,"minecraft:lime_stained_glass":1,"minecraft:yellow_concrete":1},"minecraft:picked_up":{"minecraft:stick":2,"minecraft:pumpkin":1,"minecraft:jungle_wood":1,"minecraft:oak_log":8,"minecraft:dirt":5,"minecraft:rose_red":1,"minecraft:sign":1,"minecraft:cactus":1,"minecraft:red_tulip":1,"minecraft:white_tulip":1,"minecraft:sugar_cane":13,"minecraft:cobblestone":5,"minecraft:egg":1}},"DataVersion":1628}