{"stats":{"minecraft:custom":{"minecraft:time_since_rest":33585,"minecraft:interact_with_furnace":9,"minecraft:sprint_one_cm":33561,"minecraft:damage_taken":540,"minecraft:walk_one_cm":73668,"minecraft:mob_kills":1,"minecraft:damage_dealt":199,"minecraft:interact_with_crafting_table":13,"minecraft:talked_to_villager":1,"minecraft:fly_one_cm":83482,"minecraft:crouch_one_cm":3268,"minecraft:play_one_minute":33585,"minecraft:sneak_time":1230,"minecraft:walk_under_water_one_cm":833,"minecraft:jump":187,"minecraft:leave_game":1,"minecraft:time_since_death":33585,"minecraft:walk_on_water_one_cm":1348,"minecraft:damage_resisted":280,"minecraft:fall_one_cm":8734},"minecraft:crafted":{"minecraft:oak_planks":54,"minecraft:stone_shovel":1,"minecraft:crafting_table":7,"minecraft:stick":16,"minecraft:iron_ingot":4,"minecraft:wooden_pickaxe":1,"minecraft:iron_pickaxe":1,"minecraft:stone_pickaxe":1,"minecraft:stone_sword":1,"minecraft:chest":1,"minecraft:furnace":2,"minecraft:piston":1,"minecraft:dark_oak_planks":4,"minecraft:brewing_stand":1,"minecraft:air":0,"minecraft:jungle_planks":12},"minecraft:mined":{"minecraft:redstone_ore":6,"minecraft:iron_ore":5,"minecraft:dark_oak_log":5,"minecraft:emerald_ore":1,"minecraft:grass":4,"minecraft:grass_block":4,"minecraft:oak_wood":7,"minecraft:oak_log":7,"minecraft:mycelium":1,"minecraft:jungle_log":3,"minecraft:dirt":19,"minecraft:sand":6,"minecraft:cobblestone":2,"minecraft:stone":137,"minecraft:netherrack":4,"minecraft:sugar_cane":1,"minecraft:oak_leaves":1,"minecraft:fern":1},"minecraft:killed":{"minecraft:blaze":1},"minecraft:used":{"minecraft:wooden_axe":11,"minecraft:stone_sword":17,"minecraft:dark_oak_log":4,"minecraft:stone_shovel":8,"minecraft:stone_pickaxe":130,"minecraft:iron_pickaxe":31,"minecraft:wooden_pickaxe":18,"minecraft:netherrack":2,"minecraft:stone_axe":12,"minecraft:cobblestone":8,"minecraft:sand":4,"minecraft:dirt":12,"minecraft:crafting_table":7,"minecraft:furnace":2},"minecraft:picked_up":{"minecraft:jungle_log":3,"minecraft:sand":5,"minecraft:jungle_planks":8,"minecraft:oak_log":7,"minecraft:redstone":27,"minecraft:dark_oak_log":5,"minecraft:dirt":24,"minecraft:oak_wood":7,"minecraft:iron_ore":5,"minecraft:emerald":1,"minecraft:blaze_rod":2,"minecraft:netherrack":4,"minecraft:cobblestone":136}},"DataVersion":1628}