{"stats":{"minecraft:custom":{"minecraft:crouch_one_cm":5535,"minecraft:play_one_minute":95207,"minecraft:sprint_one_cm":46977,"minecraft:walk_one_cm":68708,"minecraft:sneak_time":4177,"minecraft:jump":530,"minecraft:dive_one_cm":2433,"minecraft:leave_game":5,"minecraft:time_since_death":95207,"minecraft:climb_one_cm":2108,"minecraft:swim_one_cm":576,"minecraft:fall_one_cm":2090,"minecraft:fly_one_cm":748272},"minecraft:used":{"minecraft:green_glazed_terracotta":2,"minecraft:black_terracotta":2,"minecraft:netherrack":704,"minecraft:glass":13,"minecraft:debug_stick":123,"minecraft:nether_brick_fence":58,"minecraft:glowstone":32,"minecraft:dark_oak_trapdoor":1,"minecraft:lava_bucket":37,"minecraft:soul_sand":42,"minecraft:flint_and_steel":1,"minecraft:nether_quartz_ore":59,"minecraft:nether_bricks":320,"minecraft:ladder":10,"minecraft:nether_brick_slab":86,"minecraft:sign":3,"minecraft:nether_wart":19,"minecraft:nether_brick_stairs":148,"minecraft:dark_oak_button":11}},"DataVersion":1463}