{"stats":{"minecraft:broken":{"minecraft:wooden_shovel":2},"minecraft:used":{"minecraft:nether_brick_fence":7,"minecraft:stone_sword":10,"minecraft:red_sand":1,"minecraft:acacia_log":1,"minecraft:dead_bush":2,"minecraft:redstone_ore":8,"minecraft:stone_shovel":13,"minecraft:redstone":5,"minecraft:carrot_on_a_stick":8,"minecraft:light_gray_carpet":1,"minecraft:chest":6,"minecraft:spruce_planks":6,"minecraft:stone":733,"minecraft:wooden_shovel":162,"minecraft:stripped_birch_wood":108,"minecraft:structure_block":3,"minecraft:player_head":2,"minecraft:oak_door":2,"minecraft:green_terracotta":371,"minecraft:netherrack":266,"minecraft:torch":6,"minecraft:soul_sand":30,"minecraft:dirt":101,"minecraft:chorus_flower":5,"minecraft:nether_quartz_ore":10,"minecraft:nether_bricks":402,"minecraft:jungle_planks":2,"minecraft:orange_wool":54,"minecraft:nether_brick_slab":6,"minecraft:nether_brick_stairs":68,"minecraft:dark_oak_planks":11,"minecraft:wooden_axe":3,"minecraft:lava_bucket":458,"minecraft:coal_ore":42,"minecraft:yellow_stained_glass":27,"minecraft:glowstone":39,"minecraft:lime_concrete":47,"minecraft:oak_sapling":5,"minecraft:furnace":36,"minecraft:trapped_chest":10,"minecraft:acacia_wood":43,"minecraft:stone_pressure_plate":3,"minecraft:acacia_planks":2,"minecraft:orange_terracotta":1,"minecraft:seagrass":2,"minecraft:pumpkin":4,"minecraft:emerald_ore":2,"minecraft:water_bucket":19,"minecraft:iron_ore":30,"minecraft:pink_glazed_terracotta":37,"minecraft:sandstone_stairs":35,"minecraft:stripped_birch_log":23,"minecraft:chorus_fruit":3,"minecraft:stone_pickaxe":841,"minecraft:oak_planks":10,"minecraft:cactus":5,"minecraft:cut_sandstone":85,"minecraft:wooden_pickaxe":440,"minecraft:sandstone":1176,"minecraft:sugar_cane":10,"minecraft:gold_ore":28,"minecraft:sand":50,"minecraft:yellow_concrete":2,"minecraft:crafting_table":61,"minecraft:light_gray_concrete_powder":2,"minecraft:chiseled_sandstone":30,"minecraft:iron_pickaxe":429,"minecraft:barrier":36,"minecraft:lapis_ore":4,"minecraft:sign":10,"minecraft:cyan_concrete":377,"minecraft:red_terracotta":27,"minecraft:diamond_ore":15,"minecraft:fire_charge":4,"minecraft:stone_axe":61,"minecraft:diamond_sword":11,"minecraft:fishing_rod":6,"minecraft:wooden_sword":17,"minecraft:cobblestone":10,"minecraft:andesite":2,"minecraft:white_stained_glass":254,"minecraft:bucket":5,"minecraft:sandstone_slab":16,"minecraft:blue_terracotta":5,"minecraft:chorus_plant":3,"minecraft:cobweb":11,"minecraft:stripped_acacia_wood":47,"minecraft:orange_concrete_powder":1},"minecraft:killed_by":{"minecraft:blaze":1},"minecraft:dropped":{"minecraft:iron_ingot":1,"minecraft:oak_log":16,"minecraft:spruce_button":5,"minecraft:carrot_on_a_stick":1,"minecraft:cod":2,"minecraft:dirt":33,"minecraft:dark_oak_log":1,"minecraft:milk_bucket":9,"minecraft:diorite":4,"minecraft:fire_charge":1,"minecraft:sugar":10,"minecraft:birch_log":1,"minecraft:oak_door":4,"minecraft:sugar_cane":11,"minecraft:stone_shovel":1,"minecraft:carrot":83,"minecraft:stone":1,"minecraft:shield":2,"minecraft:netherrack":1},"minecraft:crafted":{"minecraft:coarse_dirt":4,"minecraft:oak_door":3,"minecraft:wooden_sword":5,"minecraft:oak_planks":268,"minecraft:stone_shovel":4,"minecraft:fishing_rod":2,"minecraft:popped_chorus_fruit":1,"minecraft:furnace":37,"minecraft:stone_button":1,"minecraft:stone":13,"minecraft:jack_o_lantern":1,"minecraft:nether_brick":2,"minecraft:glass":3,"minecraft:detector_rail":12,"minecraft:bow":1,"minecraft:iron_hoe":1,"minecraft:comparator":1,"minecraft:stone_pickaxe":18,"minecraft:stone_pressure_plate":2,"minecraft:chest":2,"minecraft:diamond_boots":2,"minecraft:oak_button":1,"minecraft:dried_kelp_block":1,"minecraft:dark_oak_planks":140,"minecraft:lead":2,"minecraft:sugar":46,"minecraft:golden_axe":1,"minecraft:daylight_detector":1,"minecraft:wooden_shovel":5,"minecraft:crafting_table":62,"minecraft:spruce_planks":192,"minecraft:rose_red":1,"minecraft:dried_kelp":9,"minecraft:wooden_pickaxe":39,"minecraft:clock":1,"minecraft:red_nether_bricks":1,"minecraft:bucket":4,"minecraft:brewing_stand":1,"minecraft:birch_planks":12,"minecraft:orange_dye":3,"minecraft:diorite":4,"minecraft:bread":1,"minecraft:air":0,"minecraft:jungle_planks":132,"minecraft:dandelion_yellow":5,"minecraft:dispenser":1,"minecraft:dark_oak_slab":6,"minecraft:charcoal":1,"minecraft:stick":312,"minecraft:stone_slab":6,"minecraft:iron_ingot":76,"minecraft:iron_pickaxe":14,"minecraft:wooden_axe":2,"minecraft:stone_sword":1,"minecraft:snow_block":2,"minecraft:gold_ingot":7,"minecraft:redstone_torch":10,"minecraft:acacia_planks":100,"minecraft:cactus_green":1,"minecraft:torch":12,"minecraft:shears":1},"minecraft:picked_up":{"minecraft:wheat":13,"minecraft:cocoa_beans":6,"minecraft:allium":3,"minecraft:crafting_table":3,"minecraft:azure_bluet":3,"minecraft:light_blue_concrete":1,"minecraft:chicken":1,"minecraft:nether_wart":10,"minecraft:brown_mushroom":1,"minecraft:diamond_sword":1,"minecraft:shield":2,"minecraft:string":18,"minecraft:spruce_planks":1,"minecraft:beef":1,"minecraft:white_tulip":4,"minecraft:poppy":2,"minecraft:coal_block":1,"minecraft:sugar_cane":84,"minecraft:egg":4,"minecraft:end_stone":35,"minecraft:oak_door":3,"minecraft:torch":3,"minecraft:acacia_log":7,"minecraft:diorite":2,"minecraft:carrot":24,"minecraft:redstone":37,"minecraft:cactus":6,"minecraft:stone_shovel":1,"minecraft:nether_bricks":2,"minecraft:red_tulip":8,"minecraft:carved_pumpkin":1,"minecraft:pink_tulip":3,"minecraft:chorus_flower":3,"minecraft:blaze_rod":1,"minecraft:cod":5,"minecraft:snowball":27,"minecraft:cobblestone":1334,"minecraft:oxeye_daisy":1,"minecraft:feather":2,"minecraft:andesite":29,"minecraft:jungle_log":19,"minecraft:leather":1,"minecraft:green_concrete_powder":4,"minecraft:jungle_wood":14,"minecraft:red_mushroom":1,"minecraft:acacia_wood":15,"minecraft:flint":1,"minecraft:brown_concrete":3,"minecraft:oak_log":27,"minecraft:cobblestone_stairs":1,"minecraft:lapis_lazuli":17,"minecraft:dirt":303,"minecraft:light_gray_concrete_powder":13,"minecraft:sign":1,"minecraft:kelp":15,"minecraft:wheat_seeds":33,"minecraft:orange_tulip":4,"minecraft:birch_wood":3,"minecraft:spruce_wood":31,"minecraft:iron_ingot":1,"minecraft:iron_ore":96,"minecraft:oak_planks":4,"minecraft:milk_bucket":9,"minecraft:pumpkin":4,"minecraft:stone_brick_slab":2,"minecraft:lime_concrete":3,"minecraft:quartz":12,"minecraft:dandelion":5,"minecraft:stripped_acacia_wood":14,"minecraft:gravel":27,"minecraft:sand":26,"minecraft:stripped_spruce_log":6,"minecraft:nether_brick_stairs":1,"minecraft:spruce_log":11,"minecraft:gold_ore":14,"minecraft:dark_oak_log":29,"minecraft:light_gray_concrete":13,"minecraft:oak_wood":40,"minecraft:pumpkin_seeds":4,"minecraft:sugar":8,"minecraft:diamond":11,"minecraft:spruce_button":10,"minecraft:netherrack":38,"minecraft:oak_sapling":11,"minecraft:light_gray_carpet":1,"minecraft:chorus_fruit":6,"minecraft:dark_oak_wood":6,"minecraft:coal":30},"minecraft:killed":{"minecraft:spider":1,"minecraft:zombie":1,"minecraft:blaze":2,"minecraft:cow":1},"minecraft:mined":{"minecraft:diamond_ore":11,"minecraft:spruce_planks":1,"minecraft:brown_concrete":3,"minecraft:oak_sapling":3,"minecraft:farmland":2,"minecraft:light_blue_concrete":1,"minecraft:cobblestone_stairs":2,"minecraft:dark_oak_log":29,"minecraft:jungle_leaves":25,"minecraft:orange_stained_glass":4,"minecraft:end_stone":35,"minecraft:carved_pumpkin":1,"minecraft:nether_bricks":2,"minecraft:allium":2,"minecraft:tube_coral_wall_fan":1,"minecraft:acacia_log":7,"minecraft:grass_block":168,"minecraft:jungle_log":19,"minecraft:coal_block":1,"minecraft:lime_stained_glass":12,"minecraft:spruce_leaves":3,"minecraft:kelp":12,"minecraft:red_mushroom":1,"minecraft:oxeye_daisy":1,"minecraft:nether_wart":3,"minecraft:chorus_flower":3,"minecraft:redstone_ore":8,"minecraft:iron_ore":96,"minecraft:snow":14,"minecraft:acacia_wood":15,"minecraft:orange_stained_glass_pane":1,"minecraft:andesite":29,"minecraft:stripped_spruce_log":6,"minecraft:pumpkin":4,"minecraft:nether_brick_stairs":1,"minecraft:azure_bluet":3,"minecraft:red_tulip":8,"minecraft:vine":1,"minecraft:light_gray_concrete":13,"minecraft:pink_tulip":2,"minecraft:chorus_plant":2,"minecraft:spruce_wood":31,"minecraft:white_tulip":2,"minecraft:stone":1307,"minecraft:light_gray_carpet":1,"minecraft:acacia_leaves":9,"minecraft:brown_mushroom":2,"minecraft:kelp_plant":4,"minecraft:stone_brick_slab":2,"minecraft:dandelion":5,"minecraft:blue_stained_glass":1,"minecraft:crafting_table":3,"minecraft:torch":2,"minecraft:light_gray_concrete_powder":15,"minecraft:dark_oak_wood":6,"minecraft:oak_wood":40,"minecraft:poppy":2,"minecraft:green_concrete_powder":4,"minecraft:nether_quartz_ore":14,"minecraft:cobblestone":57,"minecraft:birch_wood":3,"minecraft:lapis_ore":3,"minecraft:sugar_cane":46,"minecraft:wall_torch":1,"minecraft:cactus":2,"minecraft:gray_concrete_powder":2,"minecraft:jungle_wood":14,"minecraft:wheat":11,"minecraft:spruce_log":11,"minecraft:orange_tulip":2,"minecraft:grass_path":1,"minecraft:grass":100,"minecraft:oak_log":27,"minecraft:coal_ore":32,"minecraft:mycelium":1,"minecraft:gravel":29,"minecraft:sand":27,"minecraft:dirt":143,"minecraft:cobweb":20,"minecraft:red_mushroom_block":1,"minecraft:stripped_acacia_wood":14,"minecraft:netherrack":40,"minecraft:gold_ore":14,"minecraft:oak_leaves":48,"minecraft:fern":14},"minecraft:custom":{"minecraft:mob_kills":5,"minecraft:interact_with_crafting_table":196,"minecraft:leave_game":29,"minecraft:time_since_death":7440,"minecraft:damage_resisted":7523,"minecraft:climb_one_cm":4131,"minecraft:sprint_one_cm":1256352,"minecraft:walk_one_cm":841135,"minecraft:drop":138,"minecraft:talked_to_villager":5,"minecraft:deaths":8,"minecraft:sneak_time":17276,"minecraft:walk_under_water_one_cm":22695,"minecraft:jump":7217,"minecraft:walk_on_water_one_cm":26031,"minecraft:interact_with_furnace":136,"minecraft:play_one_minute":810538,"minecraft:time_since_rest":7473,"minecraft:damage_taken":6554,"minecraft:trigger_trapped_chest":3,"minecraft:damage_dealt":1829,"minecraft:player_kills":3,"minecraft:swim_one_cm":18569,"minecraft:fly_one_cm":4367864,"minecraft:open_chest":4,"minecraft:crouch_one_cm":16415,"minecraft:fall_one_cm":252739,"minecraft:fish_caught":3}},"DataVersion":1628}