{"stats":{"minecraft:custom":{"minecraft:time_since_rest":1133,"minecraft:sprint_one_cm":95306,"minecraft:damage_taken":4260,"minecraft:walk_one_cm":30787,"minecraft:mob_kills":2,"minecraft:damage_dealt":300,"minecraft:swim_one_cm":3462,"minecraft:interact_with_crafting_table":1,"minecraft:fly_one_cm":197944,"minecraft:play_one_minute":68674,"minecraft:crouch_one_cm":1210,"minecraft:deaths":6,"minecraft:sneak_time":537,"minecraft:walk_under_water_one_cm":8440,"minecraft:jump":674,"minecraft:leave_game":3,"minecraft:time_since_death":803,"minecraft:walk_on_water_one_cm":1207,"minecraft:climb_one_cm":503,"minecraft:damage_resisted":1370,"minecraft:fall_one_cm":40776},"minecraft:crafted":{"minecraft:oak_planks":8,"minecraft:stone_shovel":1,"minecraft:crafting_table":1,"minecraft:stick":4},"minecraft:mined":{"minecraft:skeleton_skull":1,"minecraft:cactus":1,"minecraft:jungle_wood":2,"minecraft:light_gray_stained_glass":4,"minecraft:iron_ore":4,"minecraft:jukebox":1,"minecraft:orange_stained_glass":1,"minecraft:pumpkin":1,"minecraft:light_gray_concrete_powder":4,"minecraft:grass":47,"minecraft:oak_wood":7,"minecraft:grass_block":7,"minecraft:coal_ore":1,"minecraft:vine":2,"minecraft:gravel":8,"minecraft:sand":2,"minecraft:dirt":9,"minecraft:blue_orchid":1,"minecraft:stone":10,"minecraft:lily_pad":3},"minecraft:killed":{"minecraft:blaze":1,"minecraft:cow":1},"minecraft:used":{"minecraft:stone_sword":10,"minecraft:stone_pickaxe":43,"minecraft:stone_shovel":28,"minecraft:stone_axe":52,"minecraft:dirt":2,"minecraft:sand":2,"minecraft:crafting_table":1},"minecraft:picked_up":{"minecraft:pumpkin":1,"minecraft:leather":3,"minecraft:jungle_wood":2,"minecraft:gravel":8,"minecraft:sand":2,"minecraft:lily_pad":3,"minecraft:dirt":15,"minecraft:light_gray_concrete_powder":4,"minecraft:oak_wood":7,"minecraft:cactus":3,"minecraft:blue_orchid":1,"minecraft:wheat_seeds":5,"minecraft:beef":3,"minecraft:iron_ore":4,"minecraft:blaze_rod":2,"minecraft:coal":1,"minecraft:skeleton_skull":1,"minecraft:cobblestone":10}},"DataVersion":1628}