{"stats":{"minecraft:used":{"minecraft:oak_trapdoor":25,"minecraft:oak_fence":21,"minecraft:petrified_oak_slab":20,"minecraft:water_bucket":4,"minecraft:rose_bush":4,"minecraft:iron_ore":115,"minecraft:iron_shovel":27,"minecraft:dead_bush":7,"minecraft:snow_block":32,"minecraft:red_stained_glass":3,"minecraft:redstone_ore":44,"minecraft:birch_leaves":66,"minecraft:poppy":4,"minecraft:oak_planks":41,"minecraft:light_gray_carpet":1,"minecraft:orange_tulip":7,"minecraft:white_concrete_powder":2,"minecraft:spruce_planks":65,"minecraft:stone":2008,"minecraft:brown_mushroom":3,"minecraft:grass":120,"minecraft:structure_block":5,"minecraft:gold_ore":30,"minecraft:green_terracotta":1,"minecraft:spruce_leaves":442,"minecraft:oak_leaves":705,"minecraft:debug_stick":300,"minecraft:green_glazed_terracotta":6,"minecraft:torch":6,"minecraft:mossy_cobblestone":52,"minecraft:dirt":1311,"minecraft:lime_terracotta":6,"minecraft:anvil":1,"minecraft:terracotta":5,"minecraft:white_carpet":1,"minecraft:crafting_table":11,"minecraft:jungle_planks":34,"minecraft:red_mushroom":2,"minecraft:cobblestone_wall":17,"minecraft:spruce_log":24,"minecraft:oak_log":84,"minecraft:black_terracotta":3,"minecraft:dark_oak_planks":29,"minecraft:lever":1,"minecraft:packed_ice":238,"minecraft:lava_bucket":8,"minecraft:coal_ore":137,"minecraft:command_block":1,"minecraft:red_wool":5,"minecraft:grass_block":789,"minecraft:oak_button":1,"minecraft:barrier":4,"minecraft:stone_button":1,"minecraft:sign":255,"minecraft:dark_oak_leaves":162,"minecraft:red_terracotta":1,"minecraft:diamond_ore":41,"minecraft:spruce_sapling":12,"minecraft:item_frame":8,"minecraft:glowstone":7,"minecraft:snow":417,"minecraft:tall_grass":8,"minecraft:podzol":26,"minecraft:white_stained_glass":31,"minecraft:oak_bark":229,"minecraft:grass_path":13,"minecraft:dark_oak_bark":2,"minecraft:ice":31,"minecraft:acacia_planks":10,"minecraft:coarse_dirt":238,"minecraft:dandelion":4,"minecraft:bone_meal":18,"minecraft:spruce_bark":160},"minecraft:dropped":{"minecraft:oak_log":1,"minecraft:acacia_planks":1},"minecraft:picked_up":{"minecraft:redstone_block":1,"minecraft:red_mushroom_block":64,"minecraft:brown_mushroom":6,"minecraft:red_mushroom":5,"minecraft:oak_log":1,"minecraft:wheat_seeds":3,"minecraft:orange_tulip":6,"minecraft:rose_bush":4,"minecraft:oak_bark":1,"minecraft:poppy":4,"minecraft:dandelion":4,"minecraft:dead_bush":1,"minecraft:jungle_leaves":64},"minecraft:custom":{"minecraft:interact_with_crafting_table":1,"minecraft:play_one_minute":629309,"minecraft:leave_game":15,"minecraft:time_since_death":309855,"minecraft:climb_one_cm":505,"minecraft:sprint_one_cm":88905,"minecraft:damage_taken":520,"minecraft:walk_one_cm":175291,"minecraft:drop":2,"minecraft:dive_one_cm":9881,"minecraft:swim_one_cm":3084,"minecraft:fly_one_cm":4808695,"minecraft:crouch_one_cm":15529,"minecraft:deaths":2,"minecraft:sneak_time":27265,"minecraft:jump":1017,"minecraft:fall_one_cm":627}},"DataVersion":1464}