{"stats":{"minecraft:broken":{"minecraft:stone_pickaxe":1},"minecraft:used":{"minecraft:oak_fence":9,"minecraft:jungle_leaves":26,"minecraft:writable_book":2,"minecraft:iron_shovel":15,"minecraft:white_tulip":5,"minecraft:orange_concrete":7,"minecraft:flint_and_steel":1,"minecraft:carrot_on_a_stick":248,"minecraft:poppy":4,"minecraft:light_blue_terracotta":4,"minecraft:stone":634,"minecraft:iron_sword":1,"minecraft:wooden_shovel":4,"minecraft:stripped_birch_wood":28,"minecraft:grass":26,"minecraft:debug_stick":200,"minecraft:spruce_leaves":1,"minecraft:green_terracotta":1,"minecraft:orange_stained_glass":2,"minecraft:green_glazed_terracotta":147,"minecraft:dirt":652,"minecraft:soul_sand":2,"minecraft:blue_stained_glass":2,"minecraft:chorus_flower":11,"minecraft:jungle_planks":2,"minecraft:oak_wood":3,"minecraft:allium":4,"minecraft:golden_shovel":5,"minecraft:pink_terracotta":2,"minecraft:snowball":191,"minecraft:azure_bluet":6,"minecraft:fern":22,"minecraft:brown_terracotta":27,"minecraft:wooden_axe":13,"minecraft:sea_lantern":1,"minecraft:coal_ore":6,"minecraft:red_tulip":7,"minecraft:light_gray_stained_glass":3,"minecraft:yellow_stained_glass":15,"minecraft:iron_axe":10,"minecraft:red_wool":13,"minecraft:spruce_wood":49,"minecraft:iron_block":52,"minecraft:grass_block":336,"minecraft:slime_block":8,"minecraft:jungle_log":2,"minecraft:repeater":1,"minecraft:redstone_lamp":14,"minecraft:black_stained_glass":1,"minecraft:tall_grass":12,"minecraft:oak_sapling":1,"minecraft:lime_stained_glass":16,"minecraft:furnace":7,"minecraft:podzol":1,"minecraft:white_stained_glass_pane":1,"minecraft:gold_block":7,"minecraft:acacia_wood":8,"minecraft:stone_pressure_plate":1,"minecraft:orange_terracotta":7,"minecraft:pumpkin":3,"minecraft:large_fern":5,"minecraft:brown_concrete_powder":1,"minecraft:water_bucket":84,"minecraft:pink_tulip":4,"minecraft:red_stained_glass":3,"minecraft:stone_pickaxe":188,"minecraft:oak_planks":2,"minecraft:lily_pad":25,"minecraft:cactus":11,"minecraft:orange_tulip":2,"minecraft:wooden_pickaxe":144,"minecraft:redstone_block":17,"minecraft:magenta_stained_glass":2,"minecraft:gold_ore":2,"minecraft:oak_leaves":59,"minecraft:white_wool":1,"minecraft:yellow_terracotta":2,"minecraft:terracotta":3,"minecraft:lime_terracotta":1,"minecraft:rail":15,"minecraft:sand":5,"minecraft:crafting_table":45,"minecraft:red_mushroom":1,"minecraft:light_gray_terracotta":8,"minecraft:end_stone":45,"minecraft:spruce_log":1,"minecraft:cyan_stained_glass":1,"minecraft:oak_log":6,"minecraft:black_terracotta":39,"minecraft:lever":7,"minecraft:oxeye_daisy":3,"minecraft:firework_rocket":121,"minecraft:activator_rail":1,"minecraft:command_block":9,"minecraft:gray_stained_glass_pane":9,"minecraft:light_gray_concrete":79,"minecraft:iron_pickaxe":39,"minecraft:stone_button":3,"minecraft:barrier":34,"minecraft:oak_button":1,"minecraft:tnt_minecart":1,"minecraft:sign":28,"minecraft:red_terracotta":3,"minecraft:diamond_sword":4,"minecraft:wooden_sword":7,"minecraft:fishing_rod":30,"minecraft:cobblestone":30,"minecraft:white_stained_glass":8,"minecraft:bucket":1,"minecraft:chain_command_block":59,"minecraft:pink_stained_glass":6,"minecraft:repeating_command_block":45,"minecraft:kelp":1,"minecraft:white_concrete":11,"minecraft:coarse_dirt":5,"minecraft:chorus_plant":57,"minecraft:gray_stained_glass":2,"minecraft:smooth_stone":1,"minecraft:green_stained_glass":10},"minecraft:dropped":{"minecraft:acacia_boat":1,"minecraft:acacia_wood":1,"minecraft:orange_dye":1,"minecraft:oak_log":3,"minecraft:lime_stained_glass":1,"minecraft:oak_fence":1,"minecraft:cobblestone":4,"minecraft:command_block":1,"minecraft:carrot_on_a_stick":22,"minecraft:grass_block":1,"minecraft:stick":1,"minecraft:gold_block":2,"minecraft:sign":2,"minecraft:dirt":8,"minecraft:redstone_lamp":1,"minecraft:repeater":64,"minecraft:brown_terracotta":1,"minecraft:jungle_sapling":1,"minecraft:green_glazed_terracotta":5,"minecraft:sugar":8,"minecraft:pink_tulip":1,"minecraft:gravel":64,"minecraft:lever":1,"minecraft:player_head":1,"minecraft:orange_concrete":2,"minecraft:black_terracotta":1,"minecraft:yellow_stained_glass":1,"minecraft:light_gray_concrete":1,"minecraft:azure_bluet":1,"minecraft:stone":64,"minecraft:oak_button":64,"minecraft:diamond_chestplate":1,"minecraft:orange_terracotta":1,"minecraft:oak_sapling":1,"minecraft:spruce_wood":64,"minecraft:spruce_log":1,"minecraft:chain_command_block":1,"minecraft:white_stained_glass":1,"minecraft:firework_rocket":1},"minecraft:crafted":{"minecraft:wooden_sword":3,"minecraft:oak_planks":148,"minecraft:furnace":7,"minecraft:slime_ball":9,"minecraft:stone_pickaxe":7,"minecraft:dark_oak_planks":20,"minecraft:sugar":52,"minecraft:crafting_table":22,"minecraft:spruce_planks":12,"minecraft:wooden_pickaxe":14,"minecraft:spruce_door":3,"minecraft:bucket":1,"minecraft:birch_planks":16,"minecraft:orange_dye":7,"minecraft:air":0,"minecraft:jungle_planks":12,"minecraft:stick":84,"minecraft:iron_ingot":17,"minecraft:iron_pickaxe":3,"minecraft:stone_sword":7,"minecraft:cactus_green":1,"minecraft:acacia_planks":64,"minecraft:firework_rocket":3},"minecraft:picked_up":{"minecraft:wheat":4,"minecraft:coarse_dirt":7,"minecraft:azure_bluet":2,"minecraft:ladder":13,"minecraft:nether_wart":14,"minecraft:string":1,"minecraft:orange_concrete":2,"minecraft:smooth_stone":1,"minecraft:player_head":1,"minecraft:jungle_sapling":1,"minecraft:sugar_cane":61,"minecraft:egg":11,"minecraft:stick":3,"minecraft:acacia_log":2,"minecraft:stone_button":2,"minecraft:redstone":4,"minecraft:cactus":13,"minecraft:diamond_chestplate":1,"minecraft:red_tulip":1,"minecraft:pink_tulip":4,"minecraft:blaze_rod":2,"minecraft:stripped_birch_wood":1,"minecraft:cobblestone":285,"minecraft:rail":5,"minecraft:white_wool":13,"minecraft:andesite":1,"minecraft:carrot_on_a_stick":9,"minecraft:jungle_wood":3,"minecraft:red_mushroom":1,"minecraft:acacia_wood":14,"minecraft:oak_log":27,"minecraft:lily_pad":26,"minecraft:acacia_boat":1,"minecraft:lapis_lazuli":21,"minecraft:dirt":95,"minecraft:sign":3,"minecraft:kelp":8,"minecraft:wheat_seeds":11,"minecraft:orange_tulip":8,"minecraft:spruce_wood":11,"minecraft:birch_wood":6,"minecraft:iron_ore":50,"minecraft:oak_planks":1,"minecraft:soul_sand":8,"minecraft:green_glazed_terracotta":2,"minecraft:quartz":4,"minecraft:stripped_acacia_wood":10,"minecraft:sand":27,"minecraft:melon":1,"minecraft:spruce_log":2,"minecraft:dark_oak_log":12,"minecraft:firework_rocket":1,"minecraft:oak_wood":24,"minecraft:sugar":4,"minecraft:slime_block":45,"minecraft:lever":1,"minecraft:spruce_button":1,"minecraft:oak_sapling":2,"minecraft:netherrack":2,"minecraft:chorus_fruit":3,"minecraft:coal":18},"minecraft:mined":{"minecraft:tube_coral":1,"minecraft:dark_oak_leaves":1,"minecraft:red_stained_glass":2,"minecraft:jungle_leaves":5,"minecraft:dark_oak_log":12,"minecraft:tube_coral_wall_fan":1,"minecraft:acacia_log":2,"minecraft:grass_block":27,"minecraft:lime_stained_glass":22,"minecraft:spruce_leaves":4,"minecraft:red_mushroom":1,"minecraft:kelp":5,"minecraft:nether_wart":4,"minecraft:redstone_ore":1,"minecraft:iron_ore":50,"minecraft:acacia_wood":14,"minecraft:andesite":1,"minecraft:vine":1,"minecraft:pink_tulip":3,"minecraft:spruce_wood":11,"minecraft:stone":285,"minecraft:white_wool":13,"minecraft:soul_sand":8,"minecraft:blue_stained_glass":25,"minecraft:oak_wood":23,"minecraft:dead_bush":2,"minecraft:nether_quartz_ore":4,"minecraft:birch_wood":6,"minecraft:slime_block":45,"minecraft:lapis_ore":4,"minecraft:lily_pad":24,"minecraft:sugar_cane":46,"minecraft:oak_planks":1,"minecraft:seagrass":1,"minecraft:cactus":9,"minecraft:coarse_dirt":7,"minecraft:jungle_wood":3,"minecraft:light_gray_stained_glass":6,"minecraft:wheat":1,"minecraft:spruce_log":3,"minecraft:jukebox":4,"minecraft:birch_leaves":1,"minecraft:orange_tulip":10,"minecraft:grass_path":1,"minecraft:grass":26,"minecraft:oak_log":24,"minecraft:coal_ore":18,"minecraft:mycelium":2,"minecraft:sand":28,"minecraft:dirt":35,"minecraft:cobweb":1,"minecraft:stripped_acacia_wood":10,"minecraft:netherrack":2,"minecraft:oak_leaves":16,"minecraft:fern":4},"minecraft:custom":{"minecraft:interact_with_crafting_table":63,"minecraft:leave_game":66,"minecraft:time_since_death":17006,"minecraft:climb_one_cm":6604,"minecraft:damage_resisted":8460,"minecraft:sprint_one_cm":588512,"minecraft:walk_one_cm":1135773,"minecraft:drop":80,"minecraft:talked_to_villager":158,"minecraft:deaths":16,"minecraft:sneak_time":71291,"minecraft:walk_under_water_one_cm":31595,"minecraft:jump":7898,"minecraft:walk_on_water_one_cm":40425,"minecraft:interact_with_furnace":20,"minecraft:play_one_minute":3545569,"minecraft:time_since_rest":17085,"minecraft:damage_taken":8884,"minecraft:damage_dealt":199,"minecraft:swim_one_cm":17889,"minecraft:fly_one_cm":7064344,"minecraft:open_chest":1,"minecraft:crouch_one_cm":125781,"minecraft:aviate_one_cm":1077084,"minecraft:fall_one_cm":266339}},"DataVersion":1628}