{"stats":{"minecraft:picked_up":{"minecraft:crafting_table":1,"minecraft:coarse_dirt":1,"minecraft:wheat":8,"minecraft:nether_wart":10,"minecraft:jungle_log":5,"minecraft:jungle_wood":2,"minecraft:wooden_pickaxe":1,"minecraft:acacia_wood":8,"minecraft:brown_concrete":30,"minecraft:oak_log":12,"minecraft:dirt":70,"minecraft:string":3,"minecraft:apple":1,"minecraft:blue_orchid":2,"minecraft:wheat_seeds":18,"minecraft:spruce_planks":4,"minecraft:spruce_wood":3,"minecraft:iron_ore":28,"minecraft:cobblestone_slab":5,"minecraft:soul_sand":5,"minecraft:egg":1,"minecraft:stick":2,"minecraft:pumpkin":1,"minecraft:oak_fence":1,"minecraft:sand":11,"minecraft:stripped_spruce_log":8,"minecraft:spruce_sapling":1,"minecraft:spruce_log":8,"minecraft:redstone":19,"minecraft:dark_oak_log":13,"minecraft:light_gray_concrete":253,"minecraft:oak_wood":22,"minecraft:green_concrete":6,"minecraft:diamond":3,"minecraft:red_tulip":2,"minecraft:chorus_fruit":1,"minecraft:netherrack":2,"minecraft:red_concrete":2,"minecraft:dark_oak_wood":4,"minecraft:coal":9,"minecraft:cobblestone":294},"minecraft:broken":{"minecraft:stone_pickaxe":1,"minecraft:wooden_pickaxe":1},"minecraft:mined":{"minecraft:podzol":7,"minecraft:diamond_ore":3,"minecraft:spruce_planks":4,"minecraft:brown_concrete":31,"minecraft:soul_sand":5,"minecraft:dark_oak_log":13,"minecraft:orange_stained_glass":3,"minecraft:blue_stained_glass":1,"minecraft:oak_fence":1,"minecraft:crafting_table":1,"minecraft:dark_oak_wood":4,"minecraft:oak_wood":22,"minecraft:grass_block":15,"minecraft:jungle_log":5,"minecraft:cobblestone":3,"minecraft:spruce_leaves":2,"minecraft:red_concrete":2,"minecraft:green_concrete":6,"minecraft:nether_wart":3,"minecraft:redstone_ore":4,"minecraft:coarse_dirt":2,"minecraft:jungle_wood":2,"minecraft:light_gray_stained_glass":6,"minecraft:iron_ore":28,"minecraft:wheat":10,"minecraft:acacia_wood":8,"minecraft:spruce_log":8,"minecraft:stripped_spruce_log":8,"minecraft:pumpkin":1,"minecraft:grass_path":2,"minecraft:grass":18,"minecraft:red_tulip":2,"minecraft:oak_log":12,"minecraft:coal_ore":9,"minecraft:cobblestone_slab":5,"minecraft:light_gray_concrete":260,"minecraft:sand":13,"minecraft:dirt":50,"minecraft:cobweb":3,"minecraft:spruce_wood":3,"minecraft:stone":319,"minecraft:blue_orchid":2,"minecraft:netherrack":2},"minecraft:custom":{"minecraft:interact_with_furnace":17,"minecraft:interact_with_crafting_table":59,"minecraft:play_one_minute":105203,"minecraft:leave_game":4,"minecraft:time_since_death":65028,"minecraft:climb_one_cm":467,"minecraft:damage_resisted":5448,"minecraft:time_since_rest":65067,"minecraft:sprint_one_cm":217983,"minecraft:damage_taken":1681,"minecraft:walk_one_cm":111323,"minecraft:drop":3,"minecraft:damage_dealt":361,"minecraft:swim_one_cm":3724,"minecraft:talked_to_villager":3,"minecraft:fly_one_cm":688279,"minecraft:crouch_one_cm":63335,"minecraft:deaths":5,"minecraft:sneak_time":22538,"minecraft:walk_under_water_one_cm":4018,"minecraft:jump":1398,"minecraft:walk_on_water_one_cm":885,"minecraft:fall_one_cm":81211},"minecraft:dropped":{"minecraft:chorus_fruit":1,"minecraft:apple":1,"minecraft:light_gray_concrete":1},"minecraft:used":{"minecraft:red_concrete":2,"minecraft:stone_pickaxe":270,"minecraft:carrot_on_a_stick":1,"minecraft:spruce_planks":5,"minecraft:wooden_pickaxe":223,"minecraft:cobblestone_slab":4,"minecraft:wooden_shovel":46,"minecraft:soul_sand":5,"minecraft:dirt":13,"minecraft:sand":6,"minecraft:crafting_table":21,"minecraft:wooden_axe":4,"minecraft:light_gray_concrete":13,"minecraft:iron_pickaxe":222,"minecraft:wooden_sword":3,"minecraft:cobblestone":13,"minecraft:furnace":7},"minecraft:killed_by":{"minecraft:player":1},"minecraft:crafted":{"minecraft:wooden_sword":1,"minecraft:oak_planks":124,"minecraft:wooden_shovel":1,"minecraft:crafting_table":21,"minecraft:spruce_planks":76,"minecraft:wooden_pickaxe":14,"minecraft:rose_red":1,"minecraft:furnace":9,"minecraft:stone_button":1,"minecraft:stone":1,"minecraft:bread":2,"minecraft:air":0,"minecraft:jungle_planks":20,"minecraft:glass":1,"minecraft:bow":1,"minecraft:diamond_pickaxe":1,"minecraft:stick":80,"minecraft:light_blue_dye":1,"minecraft:iron_ingot":7,"minecraft:iron_pickaxe":2,"minecraft:stone_pickaxe":9,"minecraft:wooden_axe":1,"minecraft:stone_sword":1,"minecraft:chest":1,"minecraft:acacia_planks":32,"minecraft:dark_oak_planks":68,"minecraft:torch":4}},"DataVersion":1628}