{"stats":{"minecraft:used":{"minecraft:green_terracotta":1,"minecraft:lever":3,"minecraft:black_concrete":58,"minecraft:dark_oak_trapdoor":4,"minecraft:crafting_table":1,"minecraft:acacia_pressure_plate":2,"minecraft:grass_block":3,"minecraft:barrier":1,"minecraft:carrot_on_a_stick":1,"minecraft:white_stained_glass":2,"minecraft:oak_planks":46,"minecraft:wooden_pickaxe":8},"minecraft:crafted":{"minecraft:stone_sword":1,"minecraft:oak_planks":12,"minecraft:crafting_table":1,"minecraft:stick":4,"minecraft:wooden_pickaxe":1},"minecraft:picked_up":{"minecraft:oak_log":3,"minecraft:dirt":8,"minecraft:cobblestone":3},"minecraft:custom":{"minecraft:crouch_one_cm":3431,"minecraft:play_one_minute":140676,"minecraft:damage_taken":280,"minecraft:sprint_one_cm":102260,"minecraft:deaths":1,"minecraft:walk_one_cm":34422,"minecraft:sneak_time":976,"minecraft:jump":780,"minecraft:leave_game":6,"minecraft:time_since_death":66910,"minecraft:climb_one_cm":6088,"minecraft:swim_one_cm":496,"minecraft:talked_to_villager":56,"minecraft:interact_with_crafting_table":2,"minecraft:fall_one_cm":11238,"minecraft:fly_one_cm":1731787},"minecraft:mined":{"minecraft:grass_block":3,"minecraft:oak_log":3,"minecraft:dirt":5,"minecraft:stone":3,"minecraft:fern":1}},"DataVersion":1464}