{"stats":{"minecraft:custom":{"minecraft:mob_kills":2,"minecraft:interact_with_crafting_table":112,"minecraft:fill_cauldron":1,"minecraft:leave_game":7,"minecraft:time_since_death":2385,"minecraft:climb_one_cm":9771,"minecraft:damage_resisted":4680,"minecraft:sprint_one_cm":227772,"minecraft:walk_one_cm":330802,"minecraft:drop":10,"minecraft:talked_to_villager":7,"minecraft:deaths":8,"minecraft:sneak_time":27754,"minecraft:walk_under_water_one_cm":9710,"minecraft:jump":1568,"minecraft:walk_on_water_one_cm":15412,"minecraft:interact_with_furnace":94,"minecraft:play_one_minute":243753,"minecraft:time_since_rest":2406,"minecraft:damage_taken":5366,"minecraft:damage_dealt":837,"minecraft:swim_one_cm":8975,"minecraft:fly_one_cm":2937474,"minecraft:open_chest":3,"minecraft:crouch_one_cm":70993,"minecraft:fall_one_cm":140504},"minecraft:broken":{"minecraft:stone_pickaxe":1},"minecraft:crafted":{"minecraft:wooden_sword":4,"minecraft:cookie":8,"minecraft:oak_planks":124,"minecraft:stone_shovel":2,"minecraft:furnace":21,"minecraft:stone_button":2,"minecraft:piston":1,"minecraft:stone":8,"minecraft:nether_brick":4,"minecraft:glass":3,"minecraft:bow":2,"minecraft:slime_ball":9,"minecraft:comparator":2,"minecraft:stone_pickaxe":13,"minecraft:chest":1,"minecraft:dark_oak_planks":100,"minecraft:lead":2,"minecraft:minecart":1,"minecraft:sugar":1,"minecraft:redstone_lamp":2,"minecraft:daylight_detector":1,"minecraft:cauldron":1,"minecraft:crafting_table":33,"minecraft:spruce_planks":68,"minecraft:acacia_slab":6,"minecraft:dried_kelp":5,"minecraft:wooden_pickaxe":22,"minecraft:chest_minecart":1,"minecraft:bowl":4,"minecraft:sticky_piston":1,"minecraft:red_nether_bricks":2,"minecraft:birch_planks":16,"minecraft:glowstone":2,"minecraft:bread":1,"minecraft:diorite":2,"minecraft:air":0,"minecraft:jungle_planks":16,"minecraft:dandelion_yellow":1,"minecraft:dispenser":1,"minecraft:stick":188,"minecraft:iron_ingot":51,"minecraft:compass":1,"minecraft:iron_pickaxe":8,"minecraft:stone_sword":1,"minecraft:snow_block":1,"minecraft:redstone_torch":6,"minecraft:pumpkin_pie":2,"minecraft:acacia_planks":160,"minecraft:torch":12},"minecraft:dropped":{"minecraft:lapis_lazuli":26,"minecraft:compass":1,"minecraft:diamond_chestplate":1,"minecraft:acacia_sapling":1,"minecraft:iron_ore":1,"minecraft:bow":1,"minecraft:green_concrete_powder":1,"minecraft:netherrack":3},"minecraft:mined":{"minecraft:brown_concrete":3,"minecraft:light_blue_concrete":7,"minecraft:red_stained_glass":22,"minecraft:orange_stained_glass":1,"minecraft:dark_oak_log":18,"minecraft:nether_bricks":2,"minecraft:ladder":2,"minecraft:acacia_log":5,"minecraft:grass_block":4,"minecraft:jungle_log":2,"minecraft:magenta_concrete":3,"minecraft:lime_stained_glass":19,"minecraft:acacia_slab":1,"minecraft:green_concrete":1,"minecraft:kelp":4,"minecraft:red_mushroom":2,"minecraft:nether_wart":2,"minecraft:redstone_ore":7,"minecraft:glowstone":4,"minecraft:iron_ore":74,"minecraft:snow":1,"minecraft:acacia_wood":14,"minecraft:andesite":24,"minecraft:stripped_spruce_log":11,"minecraft:pumpkin":6,"minecraft:light_gray_concrete":84,"minecraft:spruce_wood":8,"minecraft:stone":386,"minecraft:white_wool":6,"minecraft:acacia_leaves":2,"minecraft:soul_sand":1,"minecraft:kelp_plant":8,"minecraft:snow_block":2,"minecraft:orange_terracotta":107,"minecraft:blue_stained_glass":28,"minecraft:dandelion":1,"minecraft:crafting_table":10,"minecraft:dark_oak_wood":7,"minecraft:oak_wood":19,"minecraft:green_concrete_powder":1,"minecraft:dead_bush":2,"minecraft:nether_quartz_ore":9,"minecraft:cobblestone":32,"minecraft:birch_wood":4,"minecraft:slime_block":2,"minecraft:lapis_ore":4,"minecraft:red_concrete":4,"minecraft:sugar_cane":3,"minecraft:white_terracotta":1,"minecraft:fire_coral_fan":1,"minecraft:red_terracotta":132,"minecraft:cactus":2,"minecraft:coarse_dirt":15,"minecraft:jungle_wood":3,"minecraft:light_gray_stained_glass":1,"minecraft:purple_stained_glass":1,"minecraft:wheat":8,"minecraft:jukebox":1,"minecraft:lime_concrete":1,"minecraft:purple_concrete":2,"minecraft:orange_tulip":2,"minecraft:grass":6,"minecraft:oak_log":15,"minecraft:coal_ore":25,"minecraft:cocoa":1,"minecraft:sand":10,"minecraft:dirt":11,"minecraft:cobweb":7,"minecraft:terracotta":17,"minecraft:stripped_acacia_wood":24,"minecraft:gold_ore":4,"minecraft:netherrack":58,"minecraft:oak_leaves":15},"minecraft:killed":{"minecraft:blaze":2},"minecraft:used":{"minecraft:stone_sword":4,"minecraft:red_sand":289,"minecraft:dead_bush":10,"minecraft:stone_shovel":10,"minecraft:carrot_on_a_stick":2,"minecraft:ladder":2,"minecraft:light_blue_terracotta":15,"minecraft:white_terracotta":14,"minecraft:stone":41,"minecraft:brown_concrete":2,"minecraft:netherrack":18,"minecraft:torch":1,"minecraft:soul_sand":1,"minecraft:dirt":1,"minecraft:nether_bricks":2,"minecraft:pink_terracotta":17,"minecraft:brown_terracotta":22,"minecraft:cyan_terracotta":45,"minecraft:acacia_slab":1,"minecraft:dark_oak_slab":2,"minecraft:purple_concrete":1,"minecraft:lime_concrete":1,"minecraft:magenta_terracotta":15,"minecraft:furnace":21,"minecraft:orange_terracotta":55,"minecraft:pumpkin":4,"minecraft:iron_ore":2,"minecraft:stone_pickaxe":680,"minecraft:wooden_pickaxe":195,"minecraft:sandstone":1,"minecraft:gold_ore":3,"minecraft:white_wool":3,"minecraft:sand":2,"minecraft:lime_terracotta":10,"minecraft:yellow_terracotta":13,"minecraft:terracotta":78,"minecraft:light_blue_concrete":2,"minecraft:crafting_table":43,"minecraft:light_gray_terracotta":50,"minecraft:purple_terracotta":12,"minecraft:black_terracotta":11,"minecraft:gray_terracotta":18,"minecraft:ender_eye":3,"minecraft:dark_oak_log":6,"minecraft:light_gray_concrete":2,"minecraft:iron_pickaxe":160,"minecraft:barrier":3,"minecraft:sign":14,"minecraft:magenta_concrete":1,"minecraft:red_terracotta":38,"minecraft:stone_axe":47,"minecraft:wooden_sword":4,"minecraft:cobblestone":28,"minecraft:green_concrete_powder":1,"minecraft:end_portal_frame":12,"minecraft:cobweb":4},"minecraft:picked_up":{"minecraft:cocoa_beans":3,"minecraft:coarse_dirt":15,"minecraft:crafting_table":9,"minecraft:wheat":8,"minecraft:light_blue_concrete":4,"minecraft:nether_wart":2,"minecraft:ladder":2,"minecraft:string":7,"minecraft:sugar_cane":3,"minecraft:egg":1,"minecraft:stick":2,"minecraft:acacia_log":5,"minecraft:redstone":33,"minecraft:cactus":3,"minecraft:nether_bricks":2,"minecraft:white_terracotta":1,"minecraft:snowball":5,"minecraft:white_wool":4,"minecraft:cobblestone":384,"minecraft:jungle_log":2,"minecraft:andesite":21,"minecraft:green_concrete_powder":2,"minecraft:jungle_wood":3,"minecraft:red_mushroom":2,"minecraft:acacia_wood":13,"minecraft:brown_concrete":3,"minecraft:oak_log":15,"minecraft:lapis_lazuli":52,"minecraft:dirt":15,"minecraft:orange_terracotta":94,"minecraft:kelp":13,"minecraft:orange_tulip":1,"minecraft:wheat_seeds":16,"minecraft:birch_wood":4,"minecraft:spruce_wood":8,"minecraft:iron_ore":72,"minecraft:glowstone_dust":12,"minecraft:soul_sand":1,"minecraft:acacia_sapling":1,"minecraft:purple_concrete":1,"minecraft:pumpkin":6,"minecraft:stripped_acacia_wood":24,"minecraft:lime_concrete":1,"minecraft:quartz":9,"minecraft:dandelion":1,"minecraft:sand":10,"minecraft:stripped_spruce_log":11,"minecraft:gold_ore":4,"minecraft:red_terracotta":111,"minecraft:dark_oak_log":18,"minecraft:oak_wood":19,"minecraft:light_gray_concrete":67,"minecraft:green_concrete":1,"minecraft:slime_block":2,"minecraft:spruce_button":4,"minecraft:terracotta":15,"minecraft:acacia_slab":1,"minecraft:magenta_concrete":3,"minecraft:red_concrete":4,"minecraft:netherrack":56,"minecraft:dark_oak_wood":7,"minecraft:coal":22}},"DataVersion":1628}