{"stats":{"minecraft:used":{"minecraft:stone_pickaxe":163,"minecraft:wooden_pickaxe":172,"minecraft:stone":3,"minecraft:wooden_shovel":6,"minecraft:structure_block":6,"minecraft:netherrack":9,"minecraft:debug_stick":5,"minecraft:dirt":3,"minecraft:soul_sand":7,"minecraft:crafting_table":18,"minecraft:firework_rocket":5,"minecraft:iron_pickaxe":3,"minecraft:sign":1,"minecraft:dark_oak_wood":6,"minecraft:cobblestone":2,"minecraft:hay_block":3,"minecraft:furnace":11},"minecraft:dropped":{"minecraft:chest_minecart":1,"minecraft:nether_bricks":2,"minecraft:dirt":1,"minecraft:green_concrete_powder":1},"minecraft:crafted":{"minecraft:oak_planks":44,"minecraft:cobblestone_slab":6,"minecraft:wooden_shovel":1,"minecraft:crafting_table":17,"minecraft:spruce_planks":64,"minecraft:acacia_slab":6,"minecraft:wooden_pickaxe":15,"minecraft:furnace":12,"minecraft:piston":1,"minecraft:birch_planks":12,"minecraft:air":0,"minecraft:stick":104,"minecraft:slime_ball":18,"minecraft:iron_ingot":18,"minecraft:iron_pickaxe":2,"minecraft:stone_pickaxe":9,"minecraft:stone_sword":1,"minecraft:acacia_planks":80,"minecraft:dark_oak_planks":36},"minecraft:picked_up":{"minecraft:crafting_table":1,"minecraft:coarse_dirt":7,"minecraft:wheat":4,"minecraft:ladder":1,"minecraft:andesite":4,"minecraft:green_concrete_powder":2,"minecraft:brown_mushroom":2,"minecraft:red_mushroom":1,"minecraft:acacia_wood":9,"minecraft:brown_concrete":6,"minecraft:oak_log":7,"minecraft:dirt":17,"minecraft:acacia_planks":7,"minecraft:orange_tulip":2,"minecraft:wheat_seeds":4,"minecraft:spruce_planks":1,"minecraft:birch_wood":3,"minecraft:spruce_wood":9,"minecraft:iron_ore":33,"minecraft:soul_sand":9,"minecraft:pumpkin":1,"minecraft:acacia_log":1,"minecraft:torch":1,"minecraft:dandelion":1,"minecraft:quartz":8,"minecraft:stripped_acacia_wood":12,"minecraft:pink_carpet":1,"minecraft:sand":5,"minecraft:stripped_spruce_log":8,"minecraft:spruce_log":4,"minecraft:redstone":4,"minecraft:dark_oak_log":8,"minecraft:light_gray_concrete":5,"minecraft:oak_wood":7,"minecraft:cactus":3,"minecraft:green_concrete":2,"minecraft:slime_block":8,"minecraft:nether_bricks":2,"minecraft:sandstone_stairs":1,"minecraft:netherrack":25,"minecraft:dark_oak_wood":6,"minecraft:coal":6,"minecraft:rail":1,"minecraft:white_wool":7,"minecraft:cobblestone":218},"minecraft:mined":{"minecraft:dark_oak_planks":1,"minecraft:spruce_planks":2,"minecraft:acacia_leaves":2,"minecraft:brown_concrete":6,"minecraft:pink_carpet":1,"minecraft:soul_sand":9,"minecraft:dark_oak_log":9,"minecraft:dandelion":1,"minecraft:crafting_table":1,"minecraft:nether_bricks":2,"minecraft:dark_oak_wood":6,"minecraft:acacia_log":1,"minecraft:oak_wood":7,"minecraft:grass_block":6,"minecraft:green_concrete_powder":1,"minecraft:brown_mushroom_block":4,"minecraft:nether_quartz_ore":8,"minecraft:cobblestone":22,"minecraft:birch_wood":3,"minecraft:slime_block":8,"minecraft:lime_stained_glass":1,"minecraft:green_concrete":2,"minecraft:sandstone_stairs":1,"minecraft:cactus":1,"minecraft:coarse_dirt":7,"minecraft:redstone_ore":1,"minecraft:iron_ore":33,"minecraft:wheat":5,"minecraft:acacia_wood":10,"minecraft:jukebox":1,"minecraft:spruce_log":4,"minecraft:pumpkin":1,"minecraft:andesite":4,"minecraft:stripped_spruce_log":8,"minecraft:orange_tulip":2,"minecraft:grass":4,"minecraft:coal_ore":6,"minecraft:oak_log":7,"minecraft:rail":1,"minecraft:light_gray_concrete":5,"minecraft:sand":5,"minecraft:dirt":10,"minecraft:spruce_wood":10,"minecraft:red_mushroom_block":3,"minecraft:stripped_acacia_wood":12,"minecraft:stone":199,"minecraft:netherrack":31,"minecraft:white_wool":7,"minecraft:oak_leaves":4,"minecraft:fern":2},"minecraft:custom":{"minecraft:interact_with_furnace":24,"minecraft:interact_with_crafting_table":63,"minecraft:play_one_minute":102264,"minecraft:leave_game":4,"minecraft:time_since_death":4382,"minecraft:climb_one_cm":2714,"minecraft:damage_resisted":280,"minecraft:time_since_rest":4420,"minecraft:sprint_one_cm":134258,"minecraft:damage_taken":2290,"minecraft:walk_one_cm":169393,"minecraft:drop":5,"minecraft:damage_dealt":45,"minecraft:swim_one_cm":1364,"minecraft:talked_to_villager":1,"minecraft:fly_one_cm":409485,"minecraft:open_chest":2,"minecraft:crouch_one_cm":3230,"minecraft:deaths":2,"minecraft:sneak_time":1922,"minecraft:walk_under_water_one_cm":22066,"minecraft:jump":747,"minecraft:aviate_one_cm":920452,"minecraft:walk_on_water_one_cm":7640,"minecraft:fall_one_cm":38876}},"DataVersion":1628}