{"stats":{"minecraft:picked_up":{"minecraft:cocoa_beans":3,"minecraft:carrot_on_a_stick":1,"minecraft:oak_log":10,"minecraft:dirt":8,"minecraft:kelp":3,"minecraft:wheat_seeds":1,"minecraft:end_stone":1,"minecraft:sand":1,"minecraft:oak_wood":3,"minecraft:chorus_fruit":3,"minecraft:cobblestone":23},"minecraft:crafted":{"minecraft:oak_planks":32,"minecraft:wooden_shovel":1,"minecraft:crafting_table":2,"minecraft:wooden_pickaxe":1,"minecraft:oak_wood":6,"minecraft:wooden_hoe":1,"minecraft:stick":12,"minecraft:wooden_axe":1,"minecraft:stone_sword":1,"minecraft:chest":1},"minecraft:mined":{"minecraft:jungle_leaves":7,"minecraft:oak_wood":3,"minecraft:grass_block":5,"minecraft:cobblestone":1,"minecraft:lime_stained_glass":5,"minecraft:grass":1,"minecraft:oak_log":10,"minecraft:dirt":3,"minecraft:stone":22,"minecraft:oak_leaves":3,"minecraft:fern":2},"minecraft:custom":{"minecraft:interact_with_crafting_table":24,"minecraft:play_one_minute":143537,"minecraft:leave_game":2,"minecraft:time_since_death":121497,"minecraft:damage_resisted":70,"minecraft:time_since_rest":121528,"minecraft:sprint_one_cm":22242,"minecraft:damage_taken":413,"minecraft:walk_one_cm":125647,"minecraft:damage_dealt":0,"minecraft:swim_one_cm":713,"minecraft:talked_to_villager":665,"minecraft:fly_one_cm":832978,"minecraft:open_chest":2,"minecraft:crouch_one_cm":11969,"minecraft:deaths":1,"minecraft:sneak_time":8265,"minecraft:walk_under_water_one_cm":74627,"minecraft:boat_one_cm":385,"minecraft:jump":344,"minecraft:walk_on_water_one_cm":7555,"minecraft:fall_one_cm":1277},"minecraft:used":{"minecraft:brain_coral_block":28,"minecraft:oak_fence":23,"minecraft:purpur_block":31,"minecraft:water_bucket":1,"minecraft:blue_terracotta":4,"minecraft:jungle_leaves":35,"minecraft:tube_coral_fan":16,"minecraft:iron_ore":18,"minecraft:tube_coral_block":16,"minecraft:brain_coral_fan":89,"minecraft:carrot_on_a_stick":6,"minecraft:oak_planks":30,"minecraft:birch_wood":22,"minecraft:chest":1,"minecraft:wooden_pickaxe":24,"minecraft:stone":198,"minecraft:wooden_shovel":3,"minecraft:purpur_pillar":32,"minecraft:tube_coral":3,"minecraft:green_glazed_terracotta":9,"minecraft:brain_coral":3,"minecraft:torch":10,"minecraft:jungle_wood":14,"minecraft:purpur_stairs":17,"minecraft:dirt":8,"minecraft:sand":52,"minecraft:terracotta":1,"minecraft:cocoa_beans":5,"minecraft:crafting_table":11,"minecraft:chorus_flower":3,"minecraft:oak_wood":27,"minecraft:fire_coral":3,"minecraft:end_stone":57,"minecraft:oak_log":3,"minecraft:spruce_boat":1,"minecraft:wooden_hoe":28,"minecraft:activator_rail":1,"minecraft:coal_ore":25,"minecraft:grass_block":11,"minecraft:barrier":6,"minecraft:sign":4,"minecraft:fire_coral_block":24,"minecraft:cobblestone":15,"minecraft:lime_stained_glass":5,"minecraft:birch_log":23,"minecraft:fire_coral_fan":19,"minecraft:kelp":71,"minecraft:dragon_head":3,"minecraft:chorus_plant":19,"minecraft:bone_meal":8,"minecraft:cobweb":12}},"DataVersion":1628}