{"stats":{"minecraft:custom":{"minecraft:jump":13,"minecraft:leave_game":1,"minecraft:time_since_rest":21467,"minecraft:crouch_one_cm":361,"minecraft:play_one_minute":21467,"minecraft:sprint_one_cm":855,"minecraft:damage_taken":2340,"minecraft:time_since_death":21467,"minecraft:walk_one_cm":9234,"minecraft:sneak_time":95,"minecraft:walk_under_water_one_cm":665,"minecraft:damage_resisted":180,"minecraft:interact_with_crafting_table":1,"minecraft:fall_one_cm":3017,"minecraft:fly_one_cm":847},"minecraft:crafted":{"minecraft:wooden_sword":3,"minecraft:crafting_table":1,"minecraft:stick":4,"minecraft:oak_planks":12},"minecraft:mined":{"minecraft:oak_log":3,"minecraft:oak_leaves":2},"minecraft:used":{"minecraft:stone_axe":5,"minecraft:crafting_table":1},"minecraft:picked_up":{"minecraft:oak_log":3}},"DataVersion":1628}