{"stats":{"minecraft:used":{"minecraft:nether_brick_fence":15,"minecraft:jack_o_lantern":7,"minecraft:orange_concrete":93,"minecraft:flint_and_steel":17,"minecraft:redstone_ore":8,"minecraft:red_concrete":84,"minecraft:spruce_slab":12,"minecraft:spruce_planks":194,"minecraft:white_terracotta":5,"minecraft:stone":1824,"minecraft:nether_wart":6,"minecraft:structure_block":11,"minecraft:player_head":13,"minecraft:green_terracotta":71,"minecraft:netherrack":677,"minecraft:debug_stick":24,"minecraft:spruce_leaves":211,"minecraft:orange_stained_glass":239,"minecraft:dirt":333,"minecraft:soul_sand":48,"minecraft:white_carpet":2,"minecraft:nether_bricks":239,"minecraft:nether_quartz_ore":40,"minecraft:prismarine_bricks":34,"minecraft:jungle_planks":96,"minecraft:spruce_stairs":23,"minecraft:cobblestone_wall":31,"minecraft:spruce_fence":5,"minecraft:nether_brick_stairs":10,"minecraft:brown_terracotta":18,"minecraft:packed_ice":87,"minecraft:sea_lantern":9,"minecraft:cyan_terracotta":12,"minecraft:lava_bucket":369,"minecraft:coal_ore":27,"minecraft:grass_block":362,"minecraft:red_wool":219,"minecraft:iron_block":28,"minecraft:quartz_block":31,"minecraft:wet_sponge":6,"minecraft:bedrock":49,"minecraft:purple_concrete":83,"minecraft:glowstone":34,"minecraft:lime_concrete":81,"minecraft:snow":791,"minecraft:tall_grass":6,"minecraft:oak_sapling":7,"minecraft:lime_stained_glass":1,"minecraft:oak_bark":18,"minecraft:stone_pressure_plate":1,"minecraft:orange_terracotta":84,"minecraft:orange_stained_glass_pane":208,"minecraft:emerald_ore":2,"minecraft:water_bucket":128,"minecraft:end_rod":4,"minecraft:iron_ore":22,"minecraft:cobblestone_stairs":91,"minecraft:snow_block":15,"minecraft:prismarine":18,"minecraft:oak_planks":587,"minecraft:sandstone":6,"minecraft:structure_void":1,"minecraft:clay":40,"minecraft:cobblestone_slab":125,"minecraft:gold_ore":13,"minecraft:oak_leaves":51,"minecraft:white_wool":315,"minecraft:yellow_terracotta":33,"minecraft:lime_terracotta":5,"minecraft:sand":35,"minecraft:terracotta":112,"minecraft:light_blue_concrete":76,"minecraft:crafting_table":13,"minecraft:yellow_concrete":72,"minecraft:smooth_red_sandstone":41,"minecraft:light_gray_terracotta":5,"minecraft:sponge":25,"minecraft:birch_fence":6,"minecraft:black_terracotta":187,"minecraft:lever":4,"minecraft:dark_prismarine":55,"minecraft:black_wool":3,"minecraft:diamond_pickaxe":151,"minecraft:black_concrete":768,"minecraft:acacia_bark":22,"minecraft:birch_fence_gate":2,"minecraft:command_block":2,"minecraft:barrier":113,"minecraft:lapis_ore":10,"minecraft:sign":8,"minecraft:magenta_concrete":68,"minecraft:cyan_concrete":52,"minecraft:stone_slab":2,"minecraft:diamond_ore":20,"minecraft:gravel":155,"minecraft:fishing_rod":182,"minecraft:cobblestone":13,"minecraft:dark_oak_fence":1,"minecraft:andesite":70,"minecraft:bucket":23,"minecraft:white_stained_glass":12,"minecraft:lapis_block":18,"minecraft:dark_oak_bark":17,"minecraft:ice":152,"minecraft:spruce_bark":41},"minecraft:dropped":{"minecraft:water_bucket":3,"minecraft:gold_ore":1,"minecraft:clay":2,"minecraft:spruce_bark":1,"minecraft:emerald_ore":1,"minecraft:lime_terracotta":1,"minecraft:barrier":4,"minecraft:cobblestone":1,"minecraft:red_wool":2,"minecraft:command_block":3,"minecraft:bedrock":1,"minecraft:spruce_stairs":1,"minecraft:grass_block":1,"minecraft:structure_void":2,"minecraft:sign":7,"minecraft:end_rod":1,"minecraft:cobblestone_stairs":2,"minecraft:spruce_leaves":3,"minecraft:lava_bucket":1,"minecraft:iron_block":2,"minecraft:dirt":2,"minecraft:birch_fence":1,"minecraft:smooth_red_sandstone":1,"minecraft:light_blue_stained_glass":1,"minecraft:sponge":2,"minecraft:light_blue_wool":1,"minecraft:wet_sponge":1,"minecraft:sand":1,"minecraft:black_concrete":2,"minecraft:smooth_stone":1,"minecraft:white_wool":4,"minecraft:bucket":1,"minecraft:lapis_block":1,"minecraft:green_wool":1,"minecraft:snow_block":1,"minecraft:gravel":65,"minecraft:red_concrete":1,"minecraft:furnace":1,"minecraft:redstone_ore":1,"minecraft:player_head":324,"minecraft:oak_bark":1,"minecraft:cobblestone_wall":2,"minecraft:light_gray_terracotta":1,"minecraft:tall_grass":1,"minecraft:oak_planks":1,"minecraft:blue_concrete":1,"minecraft:structure_block":3,"minecraft:prismarine":1,"minecraft:stone_slab":1,"minecraft:debug_stick":1,"minecraft:magenta_concrete":1,"minecraft:light_blue_concrete":1,"minecraft:diamond_ore":1,"minecraft:spruce_fence":1,"minecraft:orange_stained_glass":1,"minecraft:birch_fence_gate":1,"minecraft:purple_stained_glass":1,"minecraft:acacia_bark":3,"minecraft:sea_lantern":1,"minecraft:cobblestone_slab":1,"minecraft:stone":70,"minecraft:orange_terracotta":6,"minecraft:spruce_planks":1,"minecraft:coal_ore":1,"minecraft:andesite":65,"minecraft:quartz_block":1,"minecraft:quartz_stairs":1,"minecraft:glowstone":1,"minecraft:oak_sapling":1,"minecraft:stone_pressure_plate":1,"minecraft:iron_ore":1,"minecraft:sandstone":1,"minecraft:orange_stained_glass_pane":1,"minecraft:prismarine_bricks":1,"minecraft:nether_quartz_ore":1,"minecraft:dark_oak_bark":1,"minecraft:dark_prismarine":1,"minecraft:oak_leaves":2,"minecraft:white_stained_glass":1,"minecraft:black_wool":1,"minecraft:terracotta":2},"minecraft:picked_up":{"minecraft:allium":1,"minecraft:light_blue_concrete":1,"minecraft:azure_bluet":2,"minecraft:structure_block":1,"minecraft:lapis_block":1,"minecraft:white_carpet":2,"minecraft:birch_fence":1,"minecraft:spruce_planks":1,"minecraft:white_tulip":2,"minecraft:player_head":2,"minecraft:furnace":1,"minecraft:sandstone":1,"minecraft:stone":65,"minecraft:dark_oak_bark":1,"minecraft:acacia_bark":2,"minecraft:tnt":64,"minecraft:command_block":3,"minecraft:red_tulip":2,"minecraft:end_rod":1,"minecraft:cobblestone":47,"minecraft:emerald_ore":1,"minecraft:oxeye_daisy":1,"minecraft:sponge":1,"minecraft:barrier":5,"minecraft:smooth_red_sandstone":1,"minecraft:water_bucket":1,"minecraft:cobblestone_wall":1,"minecraft:dirt":37,"minecraft:orange_terracotta":1,"minecraft:sign":13,"minecraft:orange_tulip":1,"minecraft:wheat_seeds":2,"minecraft:tall_grass":1,"minecraft:gravel":64,"minecraft:structure_void":2,"minecraft:light_gray_terracotta":1,"minecraft:clay":1,"minecraft:black_concrete":1},"minecraft:custom":{"minecraft:interact_with_crafting_table":1,"minecraft:leave_game":9,"minecraft:time_since_death":8905,"minecraft:climb_one_cm":48,"minecraft:sprint_one_cm":159154,"minecraft:walk_one_cm":359551,"minecraft:drop":129,"minecraft:dive_one_cm":76363,"minecraft:deaths":3,"minecraft:sneak_time":25687,"minecraft:jump":1206,"minecraft:play_one_minute":379806,"minecraft:damage_taken":772,"minecraft:minecart_one_cm":3769,"minecraft:swim_one_cm":18141,"minecraft:fly_one_cm":2265186,"minecraft:crouch_one_cm":29775,"minecraft:fall_one_cm":4734},"minecraft:mined":{"minecraft:grass_block":29,"minecraft:lime_stained_glass":5,"minecraft:stone":101,"minecraft:grass":3,"minecraft:dirt":40,"minecraft:oak_leaves":54}},"DataVersion":1464}