{"stats":{"minecraft:picked_up":{"minecraft:crafting_table":3,"minecraft:light_blue_concrete":2,"minecraft:nether_wart":7,"minecraft:quartz":16,"minecraft:acacia_log":7,"minecraft:gravel":27,"minecraft:flint":3,"minecraft:sand":6,"minecraft:brown_concrete":29,"minecraft:stripped_spruce_log":5,"minecraft:redstone":24,"minecraft:gold_ore":9,"minecraft:dark_oak_log":9,"minecraft:light_gray_concrete_powder":9,"minecraft:light_gray_concrete":309,"minecraft:green_concrete":2,"minecraft:iron_ore":19,"minecraft:netherrack":12,"minecraft:red_concrete":2,"minecraft:coal":9,"minecraft:cobblestone":82},"minecraft:crafted":{"minecraft:wooden_shovel":1,"minecraft:shield":1,"minecraft:crafting_table":3,"minecraft:compass":1,"minecraft:spruce_planks":20,"minecraft:stick":28,"minecraft:wooden_pickaxe":3,"minecraft:iron_ingot":9,"minecraft:iron_pickaxe":1,"minecraft:stone_pickaxe":4,"minecraft:gold_ingot":9,"minecraft:furnace":3,"minecraft:golden_pickaxe":3,"minecraft:acacia_planks":20,"minecraft:dark_oak_planks":20,"minecraft:air":0},"minecraft:mined":{"minecraft:redstone_ore":5,"minecraft:gray_concrete_powder":1,"minecraft:brown_concrete":29,"minecraft:light_blue_concrete":2,"minecraft:light_gray_stained_glass":1,"minecraft:iron_ore":19,"minecraft:dark_oak_log":9,"minecraft:stripped_spruce_log":5,"minecraft:crafting_table":3,"minecraft:light_gray_concrete_powder":14,"minecraft:acacia_log":7,"minecraft:coal_ore":9,"minecraft:light_gray_concrete":331,"minecraft:gravel":32,"minecraft:sand":8,"minecraft:nether_quartz_ore":16,"minecraft:lime_stained_glass":4,"minecraft:red_concrete":2,"minecraft:stone":85,"minecraft:green_concrete":2,"minecraft:netherrack":12,"minecraft:gold_ore":9,"minecraft:nether_wart":2},"minecraft:broken":{"minecraft:stone_pickaxe":1,"minecraft:golden_pickaxe":3},"minecraft:custom":{"minecraft:time_since_rest":37861,"minecraft:interact_with_furnace":16,"minecraft:sprint_one_cm":40944,"minecraft:damage_taken":450,"minecraft:walk_one_cm":106289,"minecraft:interact_with_crafting_table":20,"minecraft:fly_one_cm":51909,"minecraft:play_one_minute":37861,"minecraft:crouch_one_cm":25201,"minecraft:sneak_time":8559,"minecraft:aviate_one_cm":127153,"minecraft:jump":340,"minecraft:leave_game":2,"minecraft:time_since_death":37861,"minecraft:walk_on_water_one_cm":24,"minecraft:damage_resisted":355,"minecraft:fall_one_cm":16103},"minecraft:used":{"minecraft:firework_rocket":1,"minecraft:stone_pickaxe":291,"minecraft:iron_pickaxe":73,"minecraft:wooden_pickaxe":66,"minecraft:wooden_shovel":43,"minecraft:netherrack":11,"minecraft:crafting_table":6,"minecraft:furnace":3,"minecraft:light_gray_concrete_powder":3,"minecraft:golden_pickaxe":96}},"DataVersion":1628}