{"stats":{"minecraft:used":{"minecraft:spruce_planks":9,"minecraft:stone":7,"minecraft:brown_concrete":1,"minecraft:wooden_shovel":5,"minecraft:netherrack":2,"minecraft:dirt":8,"minecraft:nether_bricks":6,"minecraft:dark_oak_slab":1,"minecraft:furnace":17,"minecraft:acacia_wood":1,"minecraft:acacia_planks":1,"minecraft:pumpkin":2,"minecraft:stone_pickaxe":255,"minecraft:wooden_pickaxe":277,"minecraft:white_wool":3,"minecraft:sand":2,"minecraft:crafting_table":34,"minecraft:light_gray_concrete":7,"minecraft:iron_pickaxe":34,"minecraft:barrier":2,"minecraft:sign":1,"minecraft:wooden_sword":6,"minecraft:cobblestone":4,"minecraft:bucket":1,"minecraft:grass_path":1,"minecraft:white_concrete":1,"minecraft:coarse_dirt":1,"minecraft:cobweb":1},"minecraft:dropped":{"minecraft:brown_mushroom":2,"minecraft:wheat_seeds":5,"minecraft:orange_dye":1,"minecraft:crafting_table":1,"minecraft:spruce_button":2,"minecraft:coal":3,"minecraft:sign":2,"minecraft:rose_bush":1,"minecraft:string":1,"minecraft:nether_wart":10,"minecraft:oak_planks":3,"minecraft:slime_block":234,"minecraft:oak_wood":2,"minecraft:andesite":3},"minecraft:crafted":{"minecraft:wooden_sword":4,"minecraft:oak_planks":104,"minecraft:furnace":17,"minecraft:stone":9,"minecraft:white_carpet":3,"minecraft:hopper":1,"minecraft:stone_pickaxe":12,"minecraft:chest":1,"minecraft:dark_oak_planks":160,"minecraft:minecart":1,"minecraft:redstone_lamp":1,"minecraft:wooden_shovel":1,"minecraft:crafting_table":38,"minecraft:spruce_planks":108,"minecraft:wooden_pickaxe":27,"minecraft:hopper_minecart":1,"minecraft:bucket":1,"minecraft:birch_planks":20,"minecraft:brewing_stand":1,"minecraft:glowstone":6,"minecraft:air":0,"minecraft:jungle_planks":20,"minecraft:dandelion_yellow":1,"minecraft:stick":164,"minecraft:stone_slab":6,"minecraft:iron_ingot":43,"minecraft:iron_pickaxe":4,"minecraft:stone_sword":1,"minecraft:snow_block":1,"minecraft:armor_stand":1,"minecraft:redstone_torch":2,"minecraft:acacia_planks":104,"minecraft:torch":8,"minecraft:shears":1},"minecraft:picked_up":{"minecraft:coarse_dirt":27,"minecraft:wheat":3,"minecraft:light_blue_concrete":7,"minecraft:nether_wart":10,"minecraft:ladder":34,"minecraft:brown_mushroom":6,"minecraft:string":1,"minecraft:orange_concrete":1,"minecraft:spruce_planks":13,"minecraft:cobblestone_slab":2,"minecraft:rose_bush":1,"minecraft:redstone":22,"minecraft:dark_oak_planks":3,"minecraft:cactus":3,"minecraft:nether_bricks":7,"minecraft:carved_pumpkin":1,"minecraft:blaze_rod":2,"minecraft:snowball":5,"minecraft:white_wool":12,"minecraft:cobblestone":273,"minecraft:smooth_red_sandstone":1,"minecraft:jungle_log":1,"minecraft:andesite":4,"minecraft:jungle_wood":5,"minecraft:red_mushroom":2,"minecraft:acacia_wood":23,"minecraft:brown_concrete":2,"minecraft:oak_log":10,"minecraft:dirt":43,"minecraft:acacia_planks":1,"minecraft:kelp":29,"minecraft:orange_tulip":2,"minecraft:wheat_seeds":10,"minecraft:birch_wood":5,"minecraft:spruce_wood":11,"minecraft:iron_ore":52,"minecraft:glowstone_dust":24,"minecraft:dark_oak_slab":1,"minecraft:pumpkin":12,"minecraft:quartz":3,"minecraft:dandelion":2,"minecraft:stripped_acacia_wood":4,"minecraft:sand":2,"minecraft:spruce_sapling":1,"minecraft:stripped_spruce_log":12,"minecraft:gold_ore":2,"minecraft:spruce_log":7,"minecraft:dark_oak_log":34,"minecraft:oak_wood":20,"minecraft:light_gray_concrete":52,"minecraft:pumpkin_seeds":4,"minecraft:slime_block":234,"minecraft:spruce_button":2,"minecraft:red_concrete":3,"minecraft:netherrack":6,"minecraft:dark_oak_wood":6,"minecraft:coal":15},"minecraft:killed":{"minecraft:blaze":1},"minecraft:mined":{"minecraft:dark_oak_planks":2,"minecraft:spruce_planks":2,"minecraft:brown_concrete":2,"minecraft:light_blue_concrete":7,"minecraft:red_stained_glass":2,"minecraft:orange_stained_glass":15,"minecraft:dark_oak_log":34,"minecraft:carved_pumpkin":1,"minecraft:nether_bricks":10,"minecraft:grass_block":19,"minecraft:jungle_log":1,"minecraft:brown_mushroom_block":7,"minecraft:spruce_leaves":8,"minecraft:kelp":1,"minecraft:red_mushroom":1,"minecraft:nether_wart":3,"minecraft:orange_concrete":1,"minecraft:redstone_ore":5,"minecraft:glowstone":9,"minecraft:iron_ore":52,"minecraft:snow":5,"minecraft:acacia_wood":23,"minecraft:orange_stained_glass_pane":6,"minecraft:andesite":4,"minecraft:stripped_spruce_log":12,"minecraft:pumpkin":13,"minecraft:smooth_red_sandstone":2,"minecraft:cobblestone_slab":2,"minecraft:light_gray_concrete":56,"minecraft:spruce_wood":11,"minecraft:stone":268,"minecraft:white_wool":12,"minecraft:acacia_leaves":3,"minecraft:brown_mushroom":2,"minecraft:kelp_plant":7,"minecraft:dandelion":2,"minecraft:dark_oak_wood":6,"minecraft:oak_wood":20,"minecraft:poppy":1,"minecraft:nether_quartz_ore":3,"minecraft:cobblestone":12,"minecraft:birch_wood":5,"minecraft:slime_block":203,"minecraft:red_concrete":3,"minecraft:cactus":1,"minecraft:coarse_dirt":27,"minecraft:jungle_wood":5,"minecraft:dark_oak_slab":1,"minecraft:wheat":3,"minecraft:spruce_log":7,"minecraft:jukebox":2,"minecraft:orange_tulip":2,"minecraft:grass":27,"minecraft:oak_log":10,"minecraft:coal_ore":15,"minecraft:sand":3,"minecraft:dirt":27,"minecraft:cobweb":1,"minecraft:acacia_planks":1,"minecraft:red_mushroom_block":5,"minecraft:stripped_acacia_wood":4,"minecraft:netherrack":7,"minecraft:gold_ore":2,"minecraft:oak_leaves":8,"minecraft:fern":2},"minecraft:custom":{"minecraft:mob_kills":2,"minecraft:interact_with_crafting_table":115,"minecraft:leave_game":5,"minecraft:time_since_death":101854,"minecraft:climb_one_cm":4050,"minecraft:damage_resisted":4870,"minecraft:sprint_one_cm":399955,"minecraft:walk_one_cm":343793,"minecraft:drop":24,"minecraft:talked_to_villager":1,"minecraft:deaths":5,"minecraft:sneak_time":29411,"minecraft:walk_under_water_one_cm":10469,"minecraft:jump":3788,"minecraft:walk_on_water_one_cm":12786,"minecraft:interact_with_furnace":90,"minecraft:play_one_minute":239685,"minecraft:time_since_rest":101877,"minecraft:damage_taken":5090,"minecraft:trigger_trapped_chest":2,"minecraft:damage_dealt":312,"minecraft:swim_one_cm":15270,"minecraft:fly_one_cm":1938305,"minecraft:open_chest":4,"minecraft:crouch_one_cm":63078,"minecraft:fall_one_cm":187130}},"DataVersion":1628}