{"stats":{"minecraft:custom":{"minecraft:mob_kills":10,"minecraft:interact_with_crafting_table":32,"minecraft:fill_cauldron":1,"minecraft:leave_game":47,"minecraft:time_since_death":5512,"minecraft:climb_one_cm":10360,"minecraft:damage_resisted":13726,"minecraft:sprint_one_cm":1045551,"minecraft:walk_one_cm":668427,"minecraft:drop":23,"minecraft:talked_to_villager":9,"minecraft:deaths":31,"minecraft:sneak_time":59539,"minecraft:walk_under_water_one_cm":35165,"minecraft:interact_with_brewingstand":11,"minecraft:jump":7309,"minecraft:walk_on_water_one_cm":34337,"minecraft:interact_with_furnace":8,"minecraft:play_one_minute":770658,"minecraft:pot_flower":1,"minecraft:time_since_rest":5545,"minecraft:damage_taken":11830,"minecraft:trigger_trapped_chest":7,"minecraft:damage_dealt":1702,"minecraft:swim_one_cm":15063,"minecraft:fly_one_cm":8602952,"minecraft:open_chest":31,"minecraft:crouch_one_cm":105466,"minecraft:fall_one_cm":328647},"minecraft:crafted":{"minecraft:oak_planks":108,"minecraft:stone_shovel":1,"minecraft:furnace":4,"minecraft:piston":1,"minecraft:slime_ball":9,"minecraft:stone_pickaxe":6,"minecraft:chest":1,"minecraft:dark_oak_planks":88,"minecraft:sugar":27,"minecraft:wooden_shovel":1,"minecraft:crafting_table":18,"minecraft:spruce_planks":24,"minecraft:wooden_pickaxe":10,"minecraft:sticky_piston":1,"minecraft:leather_helmet":2,"minecraft:birch_planks":8,"minecraft:air":0,"minecraft:jungle_planks":20,"minecraft:stick":64,"minecraft:iron_ingot":4,"minecraft:iron_pickaxe":1,"minecraft:snow_block":4,"minecraft:acacia_planks":32},"minecraft:dropped":{"minecraft:bread":1,"minecraft:wheat_seeds":2,"minecraft:orange_dye":1,"minecraft:grass_block":1,"minecraft:leather_helmet":7,"minecraft:wooden_sword":1,"minecraft:pumpkin":1,"minecraft:sugar":3,"minecraft:sugar_cane":3,"minecraft:blaze_rod":4,"minecraft:iron_chestplate":1},"minecraft:mined":{"minecraft:dark_oak_planks":7,"minecraft:red_carpet":1,"minecraft:orange_stained_glass":33,"minecraft:dark_oak_log":16,"minecraft:nether_bricks":1,"minecraft:tube_coral_wall_fan":6,"minecraft:allium":1,"minecraft:grass_block":27,"minecraft:jungle_log":7,"minecraft:lime_stained_glass":2,"minecraft:kelp":15,"minecraft:nether_wart":3,"minecraft:redstone_ore":1,"minecraft:iron_ore":20,"minecraft:snow":12,"minecraft:acacia_wood":8,"minecraft:orange_stained_glass_pane":3,"minecraft:pumpkin":3,"minecraft:stone":328,"minecraft:white_wool":19,"minecraft:kelp_plant":7,"minecraft:blue_stained_glass":8,"minecraft:oak_fence":1,"minecraft:crafting_table":1,"minecraft:dark_oak_wood":6,"minecraft:oak_wood":19,"minecraft:mushroom_stem":2,"minecraft:glass":2,"minecraft:cobblestone":7,"minecraft:birch_wood":2,"minecraft:slime_block":16,"minecraft:lily_pad":1,"minecraft:sugar_cane":32,"minecraft:seagrass":9,"minecraft:cactus":3,"minecraft:coarse_dirt":4,"minecraft:light_gray_stained_glass":17,"minecraft:wheat":3,"minecraft:jukebox":1,"minecraft:spruce_log":7,"minecraft:orange_tulip":1,"minecraft:grass":52,"minecraft:coal_ore":9,"minecraft:oak_log":10,"minecraft:mycelium":1,"minecraft:cocoa":2,"minecraft:sand":8,"minecraft:dirt":13,"minecraft:netherrack":14,"minecraft:yellow_stained_glass":5,"minecraft:oak_leaves":23,"minecraft:fern":4},"minecraft:killed":{"minecraft:chicken":1,"minecraft:blaze":7,"minecraft:cow":1},"minecraft:used":{"minecraft:oak_fence":3,"minecraft:jack_o_lantern":6,"minecraft:jungle_leaves":36,"minecraft:stone_sword":45,"minecraft:red_sand":12,"minecraft:dead_bush":1,"minecraft:orange_concrete":26,"minecraft:redstone_ore":14,"minecraft:red_concrete":5,"minecraft:spruce_slab":155,"minecraft:stone_shovel":16,"minecraft:carrot_on_a_stick":7,"minecraft:ladder":6,"minecraft:light_blue_terracotta":1,"minecraft:spruce_planks":62,"minecraft:chest":9,"minecraft:brown_concrete":7,"minecraft:stone":337,"minecraft:iron_sword":1,"minecraft:wooden_shovel":25,"minecraft:player_head":1,"minecraft:netherrack":25,"minecraft:debug_stick":16,"minecraft:torch":10,"minecraft:brewing_stand":1,"minecraft:dirt":99,"minecraft:soul_sand":5,"minecraft:spruce_stairs":108,"minecraft:allium":1,"minecraft:oak_wood":40,"minecraft:pink_carpet":1,"minecraft:blue_concrete":1,"minecraft:dark_oak_planks":301,"minecraft:stone_brick_slab":21,"minecraft:wooden_axe":15,"minecraft:coal_ore":72,"minecraft:quartz_pillar":13,"minecraft:red_wool":6,"minecraft:iron_axe":4,"minecraft:grass_block":129,"minecraft:green_wool":2,"minecraft:dark_oak_slab":13,"minecraft:stone_brick_stairs":15,"minecraft:light_gray_wool":29,"minecraft:repeater":4,"minecraft:tripwire_hook":2,"minecraft:purple_concrete":1,"minecraft:red_carpet":65,"minecraft:redstone_lamp":1,"minecraft:lime_concrete":6,"minecraft:brown_carpet":24,"minecraft:furnace":4,"minecraft:white_stained_glass_pane":19,"minecraft:acacia_wood":13,"minecraft:trapped_chest":2,"minecraft:skeleton_skull":4,"minecraft:egg":167,"minecraft:acacia_planks":16,"minecraft:pumpkin":1,"minecraft:emerald_ore":4,"minecraft:dark_oak_stairs":23,"minecraft:iron_ore":46,"minecraft:spruce_door":4,"minecraft:cobblestone_stairs":13,"minecraft:sandstone_stairs":1,"minecraft:birch_planks":7,"minecraft:stone_pickaxe":272,"minecraft:wooden_pickaxe":133,"minecraft:cauldron":3,"minecraft:cobblestone_slab":26,"minecraft:beacon":2,"minecraft:vindicator_spawn_egg":1,"minecraft:gold_ore":27,"minecraft:oak_leaves":8,"minecraft:white_wool":14,"minecraft:pink_concrete":1,"minecraft:mossy_cobblestone":42,"minecraft:diamond_block":2,"minecraft:lime_terracotta":10,"minecraft:sand":3,"minecraft:oak_slab":16,"minecraft:light_blue_concrete":15,"minecraft:crafting_table":19,"minecraft:yellow_concrete":1,"minecraft:note_block":1,"minecraft:gray_concrete":3,"minecraft:painting":18,"minecraft:spruce_log":12,"minecraft:oak_log":7,"minecraft:green_concrete":36,"minecraft:lever":2,"minecraft:flower_pot":8,"minecraft:dark_oak_log":47,"minecraft:command_block":58,"minecraft:light_gray_concrete":150,"minecraft:iron_pickaxe":2,"minecraft:brown_wool":45,"minecraft:barrier":2,"minecraft:sign":50,"minecraft:cyan_concrete":1,"minecraft:stone_slab":30,"minecraft:spruce_trapdoor":30,"minecraft:red_terracotta":12,"minecraft:diamond_ore":12,"minecraft:gravel":12,"minecraft:evoker_spawn_egg":1,"minecraft:stone_axe":10,"minecraft:wooden_sword":2,"minecraft:cobblestone":195,"minecraft:white_stained_glass":33,"minecraft:andesite":8,"minecraft:sandstone_slab":26,"minecraft:repeating_command_block":3,"minecraft:ice":1,"minecraft:splash_potion":2,"minecraft:white_concrete":9,"minecraft:gray_wool":2,"minecraft:cobweb":12,"minecraft:birch_stairs":2},"minecraft:picked_up":{"minecraft:coarse_dirt":5,"minecraft:cocoa_beans":10,"minecraft:crafting_table":1,"minecraft:allium":1,"minecraft:wheat":3,"minecraft:ladder":5,"minecraft:chicken":1,"minecraft:nether_wart":2,"minecraft:wooden_sword":1,"minecraft:beef":2,"minecraft:sugar_cane":39,"minecraft:egg":3,"minecraft:oak_fence":1,"minecraft:torch":1,"minecraft:redstone":4,"minecraft:dark_oak_planks":5,"minecraft:brown_carpet":1,"minecraft:cactus":7,"minecraft:nether_bricks":1,"minecraft:red_tulip":1,"minecraft:blaze_rod":9,"minecraft:snowball":22,"minecraft:white_wool":15,"minecraft:cobblestone":330,"minecraft:jungle_log":7,"minecraft:leather":3,"minecraft:acacia_wood":8,"minecraft:oak_log":10,"minecraft:lily_pad":1,"minecraft:dirt":44,"minecraft:sign":6,"minecraft:red_carpet":1,"minecraft:kelp":26,"minecraft:wheat_seeds":33,"minecraft:birch_wood":2,"minecraft:iron_ore":19,"minecraft:pumpkin":3,"minecraft:sand":8,"minecraft:spruce_log":7,"minecraft:grass_block":1,"minecraft:dark_oak_log":16,"minecraft:leather_helmet":3,"minecraft:oak_wood":17,"minecraft:slime_block":10,"minecraft:oak_sapling":2,"minecraft:coal":9,"minecraft:netherrack":12,"minecraft:dark_oak_wood":6}},"DataVersion":1628}