{"stats":{"minecraft:custom":{"minecraft:time_since_rest":18269,"minecraft:play_one_minute":21925,"minecraft:crouch_one_cm":105,"minecraft:sprint_one_cm":4264,"minecraft:walk_one_cm":16715,"minecraft:damage_taken":2650,"minecraft:deaths":1,"minecraft:sneak_time":35,"minecraft:walk_under_water_one_cm":1551,"minecraft:jump":43,"minecraft:leave_game":1,"minecraft:time_since_death":18233,"minecraft:damage_resisted":230,"minecraft:fly_one_cm":8044,"minecraft:fall_one_cm":4573},"minecraft:mined":{"minecraft:dirt":5,"minecraft:snow_block":13,"minecraft:spruce_leaves":3,"minecraft:stone":9,"minecraft:pumpkin":3},"minecraft:used":{"minecraft:stone_axe":3,"minecraft:stone_shovel":21,"minecraft:stone_pickaxe":9},"minecraft:picked_up":{"minecraft:pumpkin":3,"minecraft:snowball":52,"minecraft:dirt":5,"minecraft:cobblestone":9}},"DataVersion":1628}