{"stats":{"minecraft:used":{"minecraft:birch_fence":25,"minecraft:oak_fence":17,"minecraft:emerald_ore":14,"minecraft:water_bucket":120,"minecraft:packed_ice":42,"minecraft:lava_bucket":34,"minecraft:iron_ore":178,"minecraft:coal_ore":443,"minecraft:cobblestone_stairs":13,"minecraft:acacia_log":29,"minecraft:dark_oak_log":44,"minecraft:orange_concrete":1,"minecraft:snow_block":177,"minecraft:red_wool":19,"minecraft:birch_planks":10,"minecraft:redstone_ore":75,"minecraft:grass_block":201,"minecraft:acacia_slab":48,"minecraft:brown_wool":23,"minecraft:barrier":28,"minecraft:slime_block":744,"minecraft:ladder":47,"minecraft:green_wool":4,"minecraft:lapis_ore":12,"minecraft:chest":6,"minecraft:sign":2,"minecraft:spruce_planks":2,"minecraft:white_terracotta":321,"minecraft:red_terracotta":707,"minecraft:stone":2025,"minecraft:gray_concrete_powder":14,"minecraft:diamond_ore":54,"minecraft:spruce_sapling":9,"minecraft:gravel":122,"minecraft:cobblestone_slab":38,"minecraft:gold_ore":78,"minecraft:netherrack":130,"minecraft:oak_leaves":1,"minecraft:spruce_leaves":56,"minecraft:dirt":154,"minecraft:snow":534,"minecraft:coal_block":73,"minecraft:cobblestone":87,"minecraft:magma_block":44,"minecraft:sand":66,"minecraft:rail":17,"minecraft:terracotta":13,"minecraft:vine":9,"minecraft:dark_oak_boat":2,"minecraft:crafting_table":1,"minecraft:oak_sapling":3,"minecraft:gray_bed":3,"minecraft:white_stained_glass":5,"minecraft:cobblestone_wall":18,"minecraft:light_gray_terracotta":22,"minecraft:acacia_fence":6,"minecraft:acacia_leaves":69,"minecraft:ice":37,"minecraft:light_gray_concrete_powder":108,"minecraft:acacia_sapling":8,"minecraft:coarse_dirt":334,"minecraft:orange_terracotta":967,"minecraft:spruce_log":16,"minecraft:bone_meal":174,"minecraft:spruce_bark":18,"minecraft:dark_oak_sapling":5},"minecraft:picked_up":{"minecraft:red_sandstone_slab":1,"minecraft:wheat_seeds":94,"minecraft:acacia_sapling":1,"minecraft:sugar_cane":2},"minecraft:custom":{"minecraft:sprint_one_cm":12836,"minecraft:walk_one_cm":75601,"minecraft:dive_one_cm":3792,"minecraft:swim_one_cm":10039,"minecraft:fly_one_cm":2072797,"minecraft:crouch_one_cm":1762,"minecraft:play_one_minute":237586,"minecraft:sneak_time":7351,"minecraft:jump":207,"minecraft:leave_game":5,"minecraft:time_since_death":237586,"minecraft:climb_one_cm":74}},"DataVersion":1464}