{"stats":{"minecraft:custom":{"minecraft:time_since_rest":10504,"minecraft:play_one_minute":17535,"minecraft:crouch_one_cm":3791,"minecraft:sprint_one_cm":2091,"minecraft:walk_one_cm":3641,"minecraft:damage_taken":1070,"minecraft:deaths":3,"minecraft:sneak_time":2099,"minecraft:walk_under_water_one_cm":185,"minecraft:jump":37,"minecraft:damage_dealt":58,"minecraft:leave_game":1,"minecraft:time_since_death":10479,"minecraft:walk_on_water_one_cm":369,"minecraft:damage_resisted":500,"minecraft:fall_one_cm":2567,"minecraft:fly_one_cm":87429},"minecraft:mined":{"minecraft:sand":2,"minecraft:dirt":9,"minecraft:spruce_log":2,"minecraft:lapis_ore":1,"minecraft:stone":16},"minecraft:used":{"minecraft:stone_axe":4,"minecraft:dirt":5,"minecraft:stone_sword":1,"minecraft:stone_shovel":10,"minecraft:stone_pickaxe":19},"minecraft:picked_up":{"minecraft:dandelion":1,"minecraft:sand":2,"minecraft:spruce_log":2,"minecraft:lapis_lazuli":6,"minecraft:dirt":7,"minecraft:cobblestone":13}},"DataVersion":1628}