{"stats":{"minecraft:custom":{"minecraft:jump":83,"minecraft:time_since_rest":23543,"minecraft:damage_dealt":400,"minecraft:crouch_one_cm":617,"minecraft:play_one_minute":23543,"minecraft:leave_game":1,"minecraft:sprint_one_cm":6355,"minecraft:damage_taken":2360,"minecraft:time_since_death":23543,"minecraft:walk_one_cm":8286,"minecraft:walk_under_water_one_cm":674,"minecraft:sneak_time":123,"minecraft:climb_one_cm":416,"minecraft:damage_resisted":200,"minecraft:mob_kills":2,"minecraft:fall_one_cm":6015,"minecraft:fly_one_cm":15451},"minecraft:killed":{"minecraft:blaze":2},"minecraft:used":{"minecraft:stone_axe":1,"minecraft:stone_sword":6},"minecraft:picked_up":{"minecraft:blaze_rod":2}},"DataVersion":1628}