{"stats":{"minecraft:custom":{"minecraft:mob_kills":1,"minecraft:interact_with_crafting_table":106,"minecraft:leave_game":30,"minecraft:time_since_death":231659,"minecraft:climb_one_cm":4122,"minecraft:damage_resisted":3010,"minecraft:sprint_one_cm":416661,"minecraft:walk_one_cm":300463,"minecraft:drop":32,"minecraft:talked_to_villager":1,"minecraft:deaths":8,"minecraft:sneak_time":13963,"minecraft:walk_under_water_one_cm":13746,"minecraft:jump":3013,"minecraft:walk_on_water_one_cm":22553,"minecraft:interact_with_furnace":134,"minecraft:play_one_minute":623189,"minecraft:time_since_rest":231725,"minecraft:damage_taken":8023,"minecraft:damage_dealt":224,"minecraft:swim_one_cm":3401,"minecraft:fly_one_cm":2851653,"minecraft:open_chest":3,"minecraft:crouch_one_cm":16328,"minecraft:fall_one_cm":168783},"minecraft:broken":{"minecraft:wooden_pickaxe":1},"minecraft:crafted":{"minecraft:cookie":16,"minecraft:oak_planks":104,"minecraft:stone_shovel":2,"minecraft:tripwire_hook":2,"minecraft:furnace":26,"minecraft:piston":1,"minecraft:stone":5,"minecraft:jack_o_lantern":1,"minecraft:mushroom_stew":1,"minecraft:nether_brick":2,"minecraft:glass":3,"minecraft:stone_pickaxe":7,"minecraft:chest":1,"minecraft:dried_kelp_block":1,"minecraft:dark_oak_planks":84,"minecraft:lead":2,"minecraft:sugar":4,"minecraft:daylight_detector":1,"minecraft:wooden_shovel":2,"minecraft:crafting_table":56,"minecraft:spruce_planks":112,"minecraft:dried_kelp":9,"minecraft:wooden_pickaxe":11,"minecraft:bowl":4,"minecraft:clock":3,"minecraft:red_nether_bricks":1,"minecraft:birch_planks":12,"minecraft:brewing_stand":1,"minecraft:orange_dye":1,"minecraft:air":0,"minecraft:bread":1,"minecraft:diorite":2,"minecraft:jungle_planks":40,"minecraft:dark_oak_slab":6,"minecraft:stick":156,"minecraft:iron_ingot":31,"minecraft:iron_pickaxe":6,"minecraft:wooden_axe":1,"minecraft:stone_sword":2,"minecraft:gold_ingot":12,"minecraft:redstone_torch":6,"minecraft:cactus_green":1,"minecraft:acacia_planks":108,"minecraft:torch":16,"minecraft:shears":1},"minecraft:dropped":{"minecraft:oak_log":3,"minecraft:cobblestone":1,"minecraft:jungle_planks":4,"minecraft:stick":51,"minecraft:stone_sword":1,"minecraft:oak_planks":12,"minecraft:spruce_wood":2},"minecraft:mined":{"minecraft:dark_oak_planks":2,"minecraft:diamond_ore":4,"minecraft:spruce_planks":2,"minecraft:light_blue_concrete":3,"minecraft:jungle_leaves":7,"minecraft:dark_oak_log":14,"minecraft:carved_pumpkin":1,"minecraft:nether_bricks":9,"minecraft:red_sand":1,"minecraft:acacia_log":2,"minecraft:grass_block":77,"minecraft:jungle_log":3,"minecraft:magenta_concrete":3,"minecraft:pink_stained_glass":5,"minecraft:coal_block":1,"minecraft:lime_stained_glass":6,"minecraft:spruce_leaves":1,"minecraft:kelp":10,"minecraft:red_mushroom":1,"minecraft:nether_wart":6,"minecraft:orange_concrete":3,"minecraft:redstone_ore":8,"minecraft:glowstone":1,"minecraft:iron_ore":78,"minecraft:snow":2,"minecraft:acacia_wood":15,"minecraft:andesite":13,"minecraft:stripped_spruce_log":9,"minecraft:pumpkin":3,"minecraft:green_stained_glass":4,"minecraft:red_tulip":1,"minecraft:rail":2,"minecraft:light_gray_concrete":3,"minecraft:packed_ice":1,"minecraft:spruce_wood":16,"minecraft:stone":626,"minecraft:white_wool":14,"minecraft:acacia_leaves":3,"minecraft:brown_mushroom":3,"minecraft:soul_sand":7,"minecraft:kelp_plant":2,"minecraft:orange_terracotta":10,"minecraft:blue_stained_glass":1,"minecraft:oak_fence":2,"minecraft:crafting_table":1,"minecraft:dark_oak_wood":7,"minecraft:oak_wood":17,"minecraft:nether_quartz_ore":10,"minecraft:cobblestone":30,"minecraft:birch_wood":3,"minecraft:lapis_ore":2,"minecraft:red_concrete":1,"minecraft:sugar_cane":4,"minecraft:wall_torch":1,"minecraft:seagrass":2,"minecraft:white_terracotta":1,"minecraft:cactus":1,"minecraft:red_terracotta":5,"minecraft:coarse_dirt":1,"minecraft:jungle_wood":7,"minecraft:light_gray_stained_glass":2,"minecraft:wheat":9,"minecraft:ice":1,"minecraft:spruce_log":3,"minecraft:jukebox":1,"minecraft:purple_concrete":1,"minecraft:lime_concrete":1,"minecraft:orange_tulip":2,"minecraft:grass":23,"minecraft:oak_log":19,"minecraft:coal_ore":25,"minecraft:cocoa":2,"minecraft:sand":16,"minecraft:gravel":6,"minecraft:yellow_concrete":3,"minecraft:dirt":75,"minecraft:cobweb":16,"minecraft:terracotta":3,"minecraft:stripped_acacia_wood":16,"minecraft:netherrack":49,"minecraft:gold_ore":14,"minecraft:oak_leaves":11,"minecraft:fern":5},"minecraft:killed":{"minecraft:blaze":1},"minecraft:used":{"minecraft:oak_fence":11,"minecraft:stone_sword":20,"minecraft:orange_concrete":1,"minecraft:spruce_slab":24,"minecraft:redstone_ore":21,"minecraft:stone_shovel":79,"minecraft:carrot_on_a_stick":2,"minecraft:spruce_planks":10,"minecraft:stone":718,"minecraft:wooden_shovel":89,"minecraft:grass":189,"minecraft:green_terracotta":1,"minecraft:netherrack":19,"minecraft:spruce_leaves":313,"minecraft:torch":18,"minecraft:soul_sand":2,"minecraft:dirt":590,"minecraft:nether_bricks":5,"minecraft:cobblestone_wall":19,"minecraft:oak_wood":34,"minecraft:spruce_fence":16,"minecraft:fern":51,"minecraft:dark_oak_planks":5,"minecraft:wooden_axe":31,"minecraft:sea_lantern":12,"minecraft:lava_bucket":30,"minecraft:coal_ore":41,"minecraft:spruce_wood":5,"minecraft:grass_block":575,"minecraft:purple_concrete":1,"minecraft:lime_concrete":1,"minecraft:tall_grass":15,"minecraft:oak_sapling":17,"minecraft:furnace":22,"minecraft:acacia_planks":8,"minecraft:pumpkin":3,"minecraft:emerald_ore":5,"minecraft:water_bucket":97,"minecraft:iron_ore":33,"minecraft:cobblestone_stairs":9,"minecraft:birch_planks":3,"minecraft:stone_pickaxe":486,"minecraft:oak_planks":1,"minecraft:lily_pad":6,"minecraft:wooden_pickaxe":299,"minecraft:structure_void":10,"minecraft:spruce_fence_gate":3,"minecraft:cobblestone_slab":4,"minecraft:gold_ore":28,"minecraft:oak_leaves":17,"minecraft:white_wool":7,"minecraft:dark_oak_trapdoor":3,"minecraft:lime_terracotta":4,"minecraft:sand":7,"minecraft:rail":16,"minecraft:vine":19,"minecraft:crafting_table":56,"minecraft:yellow_concrete":2,"minecraft:spruce_log":7,"minecraft:purple_stained_glass":2,"minecraft:command_block":4,"minecraft:iron_pickaxe":163,"minecraft:stone_button":6,"minecraft:barrier":25,"minecraft:lapis_ore":19,"minecraft:sign":2,"minecraft:spruce_trapdoor":21,"minecraft:diamond_ore":19,"minecraft:spruce_sapling":4,"minecraft:gravel":38,"minecraft:stone_axe":62,"minecraft:wooden_sword":11,"minecraft:cobblestone":771,"minecraft:green_concrete_powder":67,"minecraft:andesite":737,"minecraft:pink_stained_glass":21,"minecraft:coarse_dirt":242,"minecraft:bone_meal":111,"minecraft:cobweb":2},"minecraft:picked_up":{"minecraft:cocoa_beans":6,"minecraft:crafting_table":1,"minecraft:coarse_dirt":1,"minecraft:wheat":8,"minecraft:light_blue_concrete":3,"minecraft:nether_wart":7,"minecraft:brown_mushroom":4,"minecraft:string":15,"minecraft:orange_concrete":3,"minecraft:red_sand":1,"minecraft:spruce_planks":1,"minecraft:poppy":1,"minecraft:coal_block":1,"minecraft:sugar_cane":5,"minecraft:egg":1,"minecraft:stick":49,"minecraft:oak_fence":2,"minecraft:torch":2,"minecraft:acacia_log":2,"minecraft:redstone":37,"minecraft:dark_oak_planks":2,"minecraft:cactus":2,"minecraft:nether_bricks":9,"minecraft:red_tulip":1,"minecraft:carved_pumpkin":1,"minecraft:white_terracotta":1,"minecraft:blaze_rod":1,"minecraft:rail":2,"minecraft:snowball":7,"minecraft:white_wool":13,"minecraft:cobblestone":670,"minecraft:andesite":12,"minecraft:jungle_log":3,"minecraft:jungle_wood":7,"minecraft:red_mushroom":1,"minecraft:acacia_wood":15,"minecraft:birch_planks":2,"minecraft:oak_log":22,"minecraft:lapis_lazuli":12,"minecraft:dirt":139,"minecraft:orange_terracotta":10,"minecraft:kelp":14,"minecraft:wheat_seeds":20,"minecraft:orange_tulip":2,"minecraft:birch_wood":3,"minecraft:spruce_wood":18,"minecraft:iron_ore":74,"minecraft:glowstone_dust":4,"minecraft:acacia_sapling":1,"minecraft:oak_planks":13,"minecraft:soul_sand":7,"minecraft:purple_concrete":1,"minecraft:pink_stained_glass":1,"minecraft:pumpkin":3,"minecraft:yellow_concrete":3,"minecraft:quartz":9,"minecraft:lime_concrete":1,"minecraft:stripped_acacia_wood":15,"minecraft:gravel":6,"minecraft:jungle_planks":4,"minecraft:sand":16,"minecraft:stripped_spruce_log":9,"minecraft:spruce_log":3,"minecraft:gold_ore":14,"minecraft:red_terracotta":5,"minecraft:dark_oak_log":14,"minecraft:oak_wood":16,"minecraft:light_gray_concrete":3,"minecraft:pumpkin_seeds":4,"minecraft:diamond":21,"minecraft:terracotta":3,"minecraft:red_concrete":1,"minecraft:oak_sapling":1,"minecraft:netherrack":48,"minecraft:magenta_concrete":3,"minecraft:dark_oak_wood":7,"minecraft:coal":26,"minecraft:oak_leaves":1}},"DataVersion":1628}