{"stats":{"minecraft:dropped":{"minecraft:player_head":1},"minecraft:picked_up":{"minecraft:end_stone":1,"minecraft:ladder":3,"minecraft:nether_wart":7,"minecraft:acacia_log":1,"minecraft:jungle_wood":4,"minecraft:acacia_wood":3,"minecraft:lily_pad":2,"minecraft:dirt":6,"minecraft:oak_wood":4,"minecraft:blue_orchid":1,"minecraft:kelp":8,"minecraft:slime_block":114,"minecraft:birch_wood":3,"minecraft:red_tulip":1,"minecraft:pink_tulip":1,"minecraft:chorus_fruit":9,"minecraft:cobblestone":11},"minecraft:crafted":{"minecraft:oak_planks":12,"minecraft:acacia_pressure_plate":1,"minecraft:crafting_table":2,"minecraft:stick":8,"minecraft:wooden_pickaxe":2,"minecraft:furnace":1,"minecraft:acacia_planks":8,"minecraft:acacia_button":6,"minecraft:birch_planks":12,"minecraft:jungle_planks":12},"minecraft:mined":{"minecraft:seagrass":9,"minecraft:acacia_leaves":1,"minecraft:jungle_wood":4,"minecraft:acacia_wood":3,"minecraft:jukebox":3,"minecraft:end_stone":1,"minecraft:grass":1,"minecraft:tube_coral_wall_fan":2,"minecraft:acacia_log":1,"minecraft:oak_wood":4,"minecraft:grass_block":3,"minecraft:vine":1,"minecraft:dirt":3,"minecraft:chorus_plant":1,"minecraft:pink_tulip":1,"minecraft:birch_wood":3,"minecraft:slime_block":130,"minecraft:blue_orchid":1,"minecraft:stone":11,"minecraft:lily_pad":2,"minecraft:kelp":8,"minecraft:nether_wart":3},"minecraft:custom":{"minecraft:time_since_rest":3057,"minecraft:interact_with_furnace":5,"minecraft:sprint_one_cm":110491,"minecraft:damage_taken":1637,"minecraft:walk_one_cm":111563,"minecraft:drop":1,"minecraft:damage_dealt":55,"minecraft:interact_with_crafting_table":5,"minecraft:fly_one_cm":488620,"minecraft:play_one_minute":194590,"minecraft:crouch_one_cm":2126,"minecraft:deaths":5,"minecraft:sneak_time":1162,"minecraft:walk_under_water_one_cm":1957,"minecraft:jump":544,"minecraft:leave_game":17,"minecraft:time_since_death":3029,"minecraft:walk_on_water_one_cm":2167,"minecraft:climb_one_cm":4605,"minecraft:damage_resisted":4136,"minecraft:fall_one_cm":44438},"minecraft:used":{"minecraft:red_wool":66,"minecraft:command_block":13,"minecraft:red_stained_glass":5,"minecraft:slime_block":41,"minecraft:barrier":4,"minecraft:oak_planks":2,"minecraft:wooden_pickaxe":13,"minecraft:lime_terracotta":244,"minecraft:furnace":1,"minecraft:crafting_table":2,"minecraft:acacia_pressure_plate":1,"minecraft:white_stained_glass":260,"minecraft:acacia_button":6}},"DataVersion":1628}