{"stats":{"minecraft:dropped":{"minecraft:pink_stained_glass":1,"minecraft:player_head":3},"minecraft:picked_up":{"minecraft:azure_bluet":2,"minecraft:wheat_seeds":1,"minecraft:wooden_pickaxe":1,"minecraft:red_tulip":2,"minecraft:pink_tulip":1,"minecraft:oak_log":2,"minecraft:player_head":1,"minecraft:oak_sapling":1,"minecraft:dirt":25},"minecraft:custom":{"minecraft:crouch_one_cm":5103,"minecraft:play_one_minute":104097,"minecraft:damage_taken":520,"minecraft:sprint_one_cm":49193,"minecraft:deaths":2,"minecraft:walk_one_cm":69725,"minecraft:sneak_time":3101,"minecraft:drop":4,"minecraft:jump":673,"minecraft:damage_dealt":20,"minecraft:leave_game":4,"minecraft:time_since_death":95825,"minecraft:swim_one_cm":146,"minecraft:interact_with_crafting_table":1,"minecraft:fall_one_cm":5896,"minecraft:fly_one_cm":285942},"minecraft:used":{"minecraft:oak_log":5,"minecraft:fishing_rod":47,"minecraft:iron_bars":24,"minecraft:firework_rocket":32,"minecraft:command_block":10,"minecraft:oak_sapling":1,"minecraft:grass_block":103,"minecraft:pink_stained_glass":7,"minecraft:stone":10,"minecraft:bone_meal":5}},"DataVersion":1463}