{"stats":{"minecraft:custom":{"minecraft:interact_with_furnace":7,"minecraft:interact_with_crafting_table":15,"minecraft:play_one_minute":23776,"minecraft:leave_game":1,"minecraft:time_since_death":23776,"minecraft:climb_one_cm":499,"minecraft:damage_resisted":363,"minecraft:time_since_rest":23776,"minecraft:sprint_one_cm":10313,"minecraft:damage_taken":268,"minecraft:walk_one_cm":53991,"minecraft:drop":1,"minecraft:damage_dealt":0,"minecraft:swim_one_cm":2409,"minecraft:fly_one_cm":18075,"minecraft:sneak_time":943,"minecraft:walk_under_water_one_cm":3275,"minecraft:jump":226,"minecraft:walk_on_water_one_cm":2135,"minecraft:fall_one_cm":9117},"minecraft:crafted":{"minecraft:daylight_detector":1,"minecraft:oak_planks":76,"minecraft:stone_shovel":1,"minecraft:crafting_table":6,"minecraft:wooden_pickaxe":1,"minecraft:furnace":2,"minecraft:air":0,"minecraft:jungle_planks":16,"minecraft:glass":3,"minecraft:dark_oak_slab":6,"minecraft:stick":16,"minecraft:iron_ingot":4,"minecraft:iron_pickaxe":1,"minecraft:stone_pickaxe":1,"minecraft:stone_sword":1,"minecraft:chest":1,"minecraft:dark_oak_planks":20},"minecraft:dropped":{"minecraft:oak_wood":2},"minecraft:mined":{"minecraft:brown_mushroom":1,"minecraft:dark_oak_log":5,"minecraft:nether_bricks":9,"minecraft:allium":1,"minecraft:oak_wood":12,"minecraft:grass_block":7,"minecraft:jungle_log":4,"minecraft:nether_quartz_ore":6,"minecraft:spruce_leaves":3,"minecraft:nether_wart":6,"minecraft:redstone_ore":2,"minecraft:iron_ore":12,"minecraft:spruce_log":1,"minecraft:nether_brick_stairs":2,"minecraft:grass":4,"minecraft:oak_log":7,"minecraft:coal_ore":7,"minecraft:mycelium":2,"minecraft:sand":8,"minecraft:dirt":13,"minecraft:pink_tulip":1,"minecraft:stone":96,"minecraft:netherrack":31,"minecraft:fern":1},"minecraft:used":{"minecraft:iron_ore":3,"minecraft:stone_shovel":9,"minecraft:stone_pickaxe":160,"minecraft:wooden_pickaxe":21,"minecraft:netherrack":7,"minecraft:dirt":10,"minecraft:crafting_table":6,"minecraft:nether_bricks":4,"minecraft:nether_brick_stairs":1,"minecraft:wooden_axe":15,"minecraft:dark_oak_planks":2,"minecraft:iron_pickaxe":7,"minecraft:stone_axe":18,"minecraft:cobblestone":4,"minecraft:furnace":2},"minecraft:picked_up":{"minecraft:allium":1,"minecraft:nether_wart":20,"minecraft:jungle_log":4,"minecraft:brown_mushroom":1,"minecraft:oak_log":7,"minecraft:dirt":24,"minecraft:wheat_seeds":1,"minecraft:iron_ore":12,"minecraft:poppy":1,"minecraft:quartz":5,"minecraft:sand":7,"minecraft:nether_brick_stairs":2,"minecraft:spruce_log":1,"minecraft:redstone":8,"minecraft:dark_oak_log":5,"minecraft:oak_wood":14,"minecraft:nether_bricks":9,"minecraft:pink_tulip":1,"minecraft:netherrack":29,"minecraft:coal":7,"minecraft:cobblestone":97}},"DataVersion":1628}