{"stats":{"minecraft:mined":{"minecraft:dark_oak_planks":8,"minecraft:fire_coral_wall_fan":1,"minecraft:jungle_leaves":16,"minecraft:orange_stained_glass":8,"minecraft:obsidian":4,"minecraft:carved_pumpkin":4,"minecraft:acacia_log":2,"minecraft:grass_block":353,"minecraft:jungle_log":15,"minecraft:pink_stained_glass":3,"minecraft:lime_stained_glass":227,"minecraft:oxeye_daisy":1,"minecraft:nether_wart":9,"minecraft:glowstone":3,"minecraft:iron_ore":166,"minecraft:potted_red_mushroom":1,"minecraft:pumpkin":10,"minecraft:azure_bluet":3,"minecraft:potted_dandelion":1,"minecraft:red_tulip":11,"minecraft:pink_tulip":5,"minecraft:spruce_wood":37,"minecraft:blue_orchid":8,"minecraft:potted_brown_mushroom":1,"minecraft:brown_mushroom":7,"minecraft:kelp_plant":55,"minecraft:blue_stained_glass":11,"minecraft:dark_oak_wood":13,"minecraft:poppy":2,"minecraft:dead_bush":10,"minecraft:mushroom_stem":1,"minecraft:cobblestone":44,"minecraft:nether_quartz_ore":9,"minecraft:birch_wood":11,"minecraft:slime_block":174,"minecraft:oak_planks":26,"minecraft:sugar_cane":87,"minecraft:wall_torch":1,"minecraft:seagrass":7,"minecraft:jungle_wood":34,"minecraft:light_gray_stained_glass":16,"minecraft:wheat":48,"minecraft:jukebox":25,"minecraft:light_gray_wool":1,"minecraft:orange_tulip":34,"minecraft:grass":214,"minecraft:oak_log":128,"minecraft:sand":155,"minecraft:dirt":481,"minecraft:yellow_stained_glass":2,"minecraft:tripwire_hook":1,"minecraft:red_mushroom_block":4,"minecraft:netherrack":38,"minecraft:oak_leaves":88,"minecraft:diamond_ore":25,"minecraft:tube_coral":1,"minecraft:red_carpet":2,"minecraft:red_stained_glass":6,"minecraft:dark_oak_log":67,"minecraft:end_stone":6,"minecraft:nether_bricks":2,"minecraft:tube_coral_wall_fan":2,"minecraft:allium":3,"minecraft:spruce_leaves":20,"minecraft:kelp":42,"minecraft:red_mushroom":8,"minecraft:redstone_ore":24,"minecraft:snow":41,"minecraft:acacia_wood":53,"minecraft:orange_stained_glass_pane":8,"minecraft:andesite":4,"minecraft:cobblestone_slab":1,"minecraft:vine":5,"minecraft:chorus_plant":3,"minecraft:white_tulip":4,"minecraft:stone":2163,"minecraft:bone_block":5,"minecraft:acacia_leaves":9,"minecraft:soul_sand":5,"minecraft:snow_block":8,"minecraft:dandelion":6,"minecraft:fire_coral":1,"minecraft:crafting_table":18,"minecraft:emerald_ore":2,"minecraft:oak_wood":135,"minecraft:lapis_ore":10,"minecraft:lily_pad":9,"minecraft:spruce_stairs":2,"minecraft:cactus":9,"minecraft:coarse_dirt":11,"minecraft:cobblestone_wall":1,"minecraft:spruce_log":28,"minecraft:birch_leaves":1,"minecraft:grass_path":1,"minecraft:mycelium":8,"minecraft:coal_ore":81,"minecraft:cocoa":5,"minecraft:gravel":10,"minecraft:cobweb":45,"minecraft:gold_ore":17,"minecraft:fern":22},"minecraft:custom":{"minecraft:interact_with_crafting_table":405,"minecraft:leave_game":144,"minecraft:time_since_death":18429,"minecraft:damage_resisted":62965,"minecraft:sprint_one_cm":3224612,"minecraft:drop":809,"minecraft:talked_to_villager":809,"minecraft:deaths":60,"minecraft:jump":22515,"minecraft:interact_with_brewingstand":2,"minecraft:walk_on_water_one_cm":156915,"minecraft:interact_with_furnace":339,"minecraft:play_one_minute":7212391,"minecraft:damage_dealt":6820,"minecraft:crouch_one_cm":47820,"minecraft:mob_kills":35,"minecraft:climb_one_cm":13320,"minecraft:walk_one_cm":3950754,"minecraft:sneak_time":50172,"minecraft:walk_under_water_one_cm":197309,"minecraft:boat_one_cm":2398,"minecraft:pot_flower":3,"minecraft:time_since_rest":18464,"minecraft:damage_taken":28486,"minecraft:swim_one_cm":183025,"minecraft:fly_one_cm":31156610,"minecraft:open_chest":29,"minecraft:aviate_one_cm":1539560,"minecraft:fish_caught":1,"minecraft:fall_one_cm":1256358},"minecraft:picked_up":{"minecraft:wheat":50,"minecraft:flower_pot":3,"minecraft:potion":2,"minecraft:string":45,"minecraft:spruce_planks":37,"minecraft:white_tulip":8,"minecraft:rose_bush":3,"minecraft:redstone_torch":2,"minecraft:iron_pickaxe":1,"minecraft:hopper_minecart":1,"minecraft:stick":88,"minecraft:torch":15,"minecraft:acacia_log":2,"minecraft:spruce_stairs":2,"minecraft:orange_bed":2,"minecraft:stone_sword":2,"minecraft:cactus":18,"minecraft:command_block":1,"minecraft:red_tulip":23,"minecraft:carved_pumpkin":5,"minecraft:chorus_flower":64,"minecraft:blaze_rod":19,"minecraft:obsidian":4,"minecraft:cod":1,"minecraft:snowball":178,"minecraft:cobblestone":2062,"minecraft:barrier":2,"minecraft:andesite":4,"minecraft:jungle_log":15,"minecraft:jungle_wood":34,"minecraft:flint":6,"minecraft:lapis_lazuli":48,"minecraft:dirt":771,"minecraft:sign":19,"minecraft:bone":7,"minecraft:acacia_planks":7,"minecraft:wheat_seeds":134,"minecraft:orange_tulip":35,"minecraft:birch_wood":11,"minecraft:glowstone_dust":10,"minecraft:oak_planks":65,"minecraft:pink_stained_glass":2,"minecraft:ghast_tear":1,"minecraft:sand":128,"minecraft:jungle_planks":10,"minecraft:ink_sac":1,"minecraft:dead_bush":1,"minecraft:grass_block":1,"minecraft:dark_oak_log":67,"minecraft:sugar":3,"minecraft:diamond":26,"minecraft:slime_block":425,"minecraft:white_concrete":1,"minecraft:spruce_button":1,"minecraft:emerald":2,"minecraft:netherrack":37,"minecraft:oak_sapling":5,"minecraft:chorus_fruit":87,"minecraft:oak_leaves":1,"minecraft:cocoa_beans":32,"minecraft:coarse_dirt":11,"minecraft:crafting_table":19,"minecraft:allium":8,"minecraft:azure_bluet":4,"minecraft:ladder":18,"minecraft:nether_wart":24,"minecraft:brown_mushroom":14,"minecraft:wooden_pickaxe":1,"minecraft:dragon_head":1,"minecraft:white_stained_glass":3,"minecraft:blue_orchid":11,"minecraft:beef":16,"minecraft:player_head":16,"minecraft:jungle_sapling":1,"minecraft:poppy":8,"minecraft:sugar_cane":120,"minecraft:egg":22,"minecraft:orange_dye":3,"minecraft:end_stone":6,"minecraft:stone":5,"minecraft:stone_button":6,"minecraft:carrot":60,"minecraft:redstone":109,"minecraft:stone_pressure_plate":2,"minecraft:dark_oak_planks":28,"minecraft:diamond_chestplate":2,"minecraft:nether_bricks":2,"minecraft:shears":2,"minecraft:pink_tulip":8,"minecraft:gold_ingot":9,"minecraft:skeleton_skull":5,"minecraft:bone_block":5,"minecraft:oxeye_daisy":1,"minecraft:clock":2,"minecraft:tripwire_hook":1,"minecraft:leather":13,"minecraft:carrot_on_a_stick":4,"minecraft:red_mushroom":18,"minecraft:acacia_wood":54,"minecraft:oak_log":132,"minecraft:lily_pad":18,"minecraft:cobblestone_wall":1,"minecraft:red_carpet":3,"minecraft:apple":1,"minecraft:kelp":221,"minecraft:spruce_wood":37,"minecraft:stone_pickaxe":4,"minecraft:cobweb":28,"minecraft:iron_ore":163,"minecraft:soul_sand":5,"minecraft:pumpkin":10,"minecraft:green_glazed_terracotta":2,"minecraft:quartz":15,"minecraft:dandelion":10,"minecraft:gravel":8,"minecraft:lava_bucket":3,"minecraft:spruce_log":28,"minecraft:gold_ore":19,"minecraft:spider_eye":1,"minecraft:oak_wood":142,"minecraft:pumpkin_seeds":21,"minecraft:oak_button":2,"minecraft:dark_oak_wood":13,"minecraft:coal":77},"minecraft:broken":{"minecraft:stone_pickaxe":1,"minecraft:stone_shovel":1,"minecraft:wooden_pickaxe":1},"minecraft:dropped":{"minecraft:daylight_detector":1,"minecraft:iron_sword":1,"minecraft:acacia_wood":65,"minecraft:repeating_command_block":4,"minecraft:pink_stained_glass":5,"minecraft:piston":1,"minecraft:brown_mushroom":2,"minecraft:orange_dye":5,"minecraft:oak_log":136,"minecraft:chorus_fruit":15,"minecraft:glass_bottle":2,"minecraft:diamond":65,"minecraft:crafting_table":1,"minecraft:lime_stained_glass":12,"minecraft:stripped_birch_wood":1,"minecraft:lime_terracotta":2,"minecraft:red_wool":4,"minecraft:jungle_planks":12,"minecraft:bedrock":5,"minecraft:carrot_on_a_stick":51,"minecraft:structure_void":3,"minecraft:red_mushroom":2,"minecraft:cod":1,"minecraft:gold_block":3,"minecraft:cyan_terracotta":1,"minecraft:melon":1,"minecraft:redstone_lamp":1,"minecraft:dirt":27,"minecraft:gray_concrete":2,"minecraft:dark_oak_log":1,"minecraft:ice":1,"minecraft:stone_button":390,"minecraft:dark_oak_wood":1,"minecraft:snowball":17,"minecraft:bone_meal":64,"minecraft:wet_sponge":2,"minecraft:sand":7,"minecraft:sugar":4,"minecraft:iron_pickaxe":1,"minecraft:black_concrete":18,"minecraft:dark_oak_planks":24,"minecraft:rose_red":1,"minecraft:fishing_rod":1,"minecraft:chorus_plant":1,"minecraft:brown_mushroom_block":1,"minecraft:armor_stand":1,"minecraft:gold_ingot":9,"minecraft:pink_concrete":1,"minecraft:white_tulip":4,"minecraft:pink_terracotta":2,"minecraft:sugar_cane":8,"minecraft:lever":192,"minecraft:pig_spawn_egg":1,"minecraft:wheat":3,"minecraft:obsidian":1,"minecraft:black_terracotta":3,"minecraft:oak_planks":31,"minecraft:end_stone":2,"minecraft:yellow_stained_glass":2,"minecraft:azure_bluet":1,"minecraft:nether_brick_fence":1,"minecraft:carrot":61,"minecraft:red_mushroom_block":64,"minecraft:trident":1,"minecraft:coal_ore":64,"minecraft:oak_wood":9,"minecraft:ladder":64,"minecraft:spruce_slab":2,"minecraft:iron_ore":67,"minecraft:red_nether_bricks":1,"minecraft:cyan_concrete":1,"minecraft:oak_leaves":4,"minecraft:green_stained_glass":1,"minecraft:netherrack":2,"minecraft:enchanting_table":1,"minecraft:brown_concrete":1,"minecraft:egg":12,"minecraft:firework_rocket":1,"minecraft:water_bucket":5,"minecraft:iron_ingot":1,"minecraft:cyan_stained_glass":1,"minecraft:wheat_seeds":32,"minecraft:clock":3,"minecraft:chorus_flower":65,"minecraft:tnt":192,"minecraft:purpur_slab":1,"minecraft:barrier":24,"minecraft:cobblestone":6,"minecraft:granite":1,"minecraft:hopper_minecart":3,"minecraft:spruce_button":1,"minecraft:command_block":10,"minecraft:red_stained_glass":3,"minecraft:spruce_door":1,"minecraft:spruce_stairs":2,"minecraft:grass_block":7,"minecraft:stick":77,"minecraft:sign":74,"minecraft:lava_bucket":7,"minecraft:cobweb":65,"minecraft:iron_block":1,"minecraft:diorite":1,"minecraft:light_blue_stained_glass":2,"minecraft:ink_sac":65,"minecraft:sponge":128,"minecraft:torch":11,"minecraft:white_concrete":73,"minecraft:light_gray_stained_glass":1,"minecraft:potion":2,"minecraft:dead_bush":2,"minecraft:brown_terracotta":2,"minecraft:jungle_leaves":65,"minecraft:green_glazed_terracotta":6,"minecraft:pumpkin":66,"minecraft:orange_bed":3,"minecraft:smooth_stone":1,"minecraft:lily_pad":7,"minecraft:tripwire_hook":1,"minecraft:acacia_planks":25,"minecraft:redstone_block":1,"minecraft:redstone":2,"minecraft:snow_block":3,"minecraft:blue_terracotta":1,"minecraft:kelp":29,"minecraft:redstone_ore":66,"minecraft:player_head":28,"minecraft:green_terracotta":1,"minecraft:dragon_head":1,"minecraft:blaze_rod":10,"minecraft:coarse_dirt":2,"minecraft:nether_wart":73,"minecraft:stone_sword":2,"minecraft:cocoa_beans":6,"minecraft:lime_concrete":3,"minecraft:light_gray_terracotta":1,"minecraft:diamond_hoe":1,"minecraft:orange_concrete":1,"minecraft:comparator":1,"minecraft:green_concrete":5,"minecraft:structure_block":17,"minecraft:ender_eye":64,"minecraft:diamond_ore":2,"minecraft:white_terracotta":1,"minecraft:magenta_concrete":2,"minecraft:spruce_fence":2,"minecraft:shears":3,"minecraft:pumpkin_seeds":9,"minecraft:red_terracotta":3,"minecraft:flint_and_steel":1,"minecraft:diamond_sword":2,"minecraft:snow":2,"minecraft:stone":100,"minecraft:diamond_chestplate":2,"minecraft:orange_terracotta":4,"minecraft:spruce_planks":31,"minecraft:diamond_pickaxe":1,"minecraft:oak_sapling":2,"minecraft:popped_chorus_fruit":1,"minecraft:end_portal_frame":64,"minecraft:carved_pumpkin":1,"minecraft:stone_pressure_plate":1,"minecraft:cow_spawn_egg":1,"minecraft:spruce_log":1,"minecraft:sandstone":2,"minecraft:blue_orchid":7,"minecraft:bow":2,"minecraft:stone_pickaxe":6,"minecraft:wooden_pickaxe":7,"minecraft:red_tulip":6,"minecraft:light_blue_terracotta":1,"minecraft:brown_stained_glass":66,"minecraft:white_stained_glass":20,"minecraft:terracotta":3},"minecraft:killed_by":{"minecraft:blaze":1},"minecraft:crafted":{"minecraft:oak_planks":808,"minecraft:stone":13,"minecraft:nether_brick":2,"minecraft:glass":6,"minecraft:bow":3,"minecraft:comparator":2,"minecraft:stone_pressure_plate":2,"minecraft:chest":3,"minecraft:oak_button":5,"minecraft:dried_kelp_block":1,"minecraft:glass_bottle":3,"minecraft:golden_axe":1,"minecraft:redstone_lamp":1,"minecraft:wooden_shovel":2,"minecraft:crafting_table":130,"minecraft:spruce_planks":224,"minecraft:acacia_slab":6,"minecraft:wooden_pickaxe":72,"minecraft:rose_red":2,"minecraft:chest_minecart":2,"minecraft:clock":3,"minecraft:red_nether_bricks":1,"minecraft:brewing_stand":3,"minecraft:birch_planks":44,"minecraft:dandelion_yellow":5,"minecraft:dispenser":1,"minecraft:dark_oak_slab":6,"minecraft:book":1,"minecraft:wooden_hoe":1,"minecraft:paper":3,"minecraft:diamond_pickaxe":3,"minecraft:charcoal":1,"minecraft:shield":1,"minecraft:stick":552,"minecraft:stone_slab":6,"minecraft:iron_ingot":121,"minecraft:iron_pickaxe":18,"minecraft:stone_sword":23,"minecraft:snow_block":6,"minecraft:gold_ingot":15,"minecraft:redstone_torch":6,"minecraft:cactus_green":3,"minecraft:shears":4,"minecraft:coarse_dirt":4,"minecraft:wooden_sword":14,"minecraft:cookie":32,"minecraft:stone_shovel":3,"minecraft:fishing_rod":1,"minecraft:tripwire_hook":4,"minecraft:popped_chorus_fruit":2,"minecraft:spruce_button":1,"minecraft:furnace":56,"minecraft:stone_button":2,"minecraft:piston":2,"minecraft:jack_o_lantern":4,"minecraft:detector_rail":12,"minecraft:slime_ball":18,"minecraft:stone_pickaxe":33,"minecraft:diamond_boots":1,"minecraft:dark_oak_planks":252,"minecraft:lead":2,"minecraft:minecart":2,"minecraft:sugar":53,"minecraft:daylight_detector":1,"minecraft:enchanting_table":1,"minecraft:dried_kelp":24,"minecraft:bowl":8,"minecraft:dark_oak_button":1,"minecraft:bucket":2,"minecraft:glowstone":1,"minecraft:orange_dye":31,"minecraft:air":0,"minecraft:bread":3,"minecraft:jungle_planks":160,"minecraft:white_wool":6,"minecraft:wooden_axe":1,"minecraft:armor_stand":1,"minecraft:white_bed":1,"minecraft:pumpkin_pie":1,"minecraft:acacia_planks":200,"minecraft:torch":20},"minecraft:used":{"minecraft:blue_terracotta":2,"minecraft:red_sand":13,"minecraft:iron_shovel":51,"minecraft:ladder":5,"minecraft:diamond_hoe":13,"minecraft:bone_block":2,"minecraft:spruce_slab":25,"minecraft:carrot_on_a_stick":234,"minecraft:poppy":3,"minecraft:chest":5,"minecraft:white_terracotta":30,"minecraft:stone":538,"minecraft:brown_concrete":2,"minecraft:iron_sword":14,"minecraft:nether_wart":6,"minecraft:grass":9,"minecraft:player_head":2,"minecraft:farmland":8,"minecraft:green_terracotta":23,"minecraft:debug_stick":50,"minecraft:spruce_leaves":1,"minecraft:soul_sand":15,"minecraft:cocoa_beans":10,"minecraft:blue_stained_glass":4,"minecraft:jungle_planks":3,"minecraft:nether_bricks":8,"minecraft:allium":2,"minecraft:pink_terracotta":10,"minecraft:snowball":156,"minecraft:milk_bucket":1,"minecraft:obsidian":6,"minecraft:cyan_terracotta":9,"minecraft:lava_bucket":46,"minecraft:coal_ore":105,"minecraft:grass_block":565,"minecraft:spruce_wood":1,"minecraft:red_wool":678,"minecraft:blue_orchid":1,"minecraft:wet_sponge":8,"minecraft:dark_oak_wood":5,"minecraft:dark_oak_leaves":9,"minecraft:item_frame":2,"minecraft:bedrock":23,"minecraft:snow":71,"minecraft:bow":33,"minecraft:furnace":55,"minecraft:oak_sapling":43,"minecraft:egg":3,"minecraft:gold_block":3,"minecraft:skeleton_skull":1,"minecraft:emerald_ore":10,"minecraft:cow_spawn_egg":15,"minecraft:spruce_door":2,"minecraft:red_stained_glass":5,"minecraft:stone_pickaxe":1536,"minecraft:birch_wood":10,"minecraft:oak_planks":44,"minecraft:lily_pad":20,"minecraft:orange_tulip":10,"minecraft:cactus":27,"minecraft:wooden_pickaxe":599,"minecraft:sandstone":62,"minecraft:redstone_block":87,"minecraft:structure_void":2,"minecraft:diamond_axe":3,"minecraft:sugar_cane":71,"minecraft:oak_leaves":41,"minecraft:white_wool":1,"minecraft:dark_oak_trapdoor":31,"minecraft:sand":477,"minecraft:light_blue_concrete":4,"minecraft:light_gray_terracotta":8,"minecraft:yellow_concrete":4,"minecraft:sponge":52,"minecraft:purple_terracotta":22,"minecraft:gray_concrete":19,"minecraft:end_stone":18,"minecraft:squid_spawn_egg":171,"minecraft:redstone_torch":14,"minecraft:black_terracotta":51,"minecraft:lever":2,"minecraft:green_concrete":55,"minecraft:black_concrete":659,"minecraft:firework_rocket":35,"minecraft:light_gray_concrete":4,"minecraft:dark_oak_log":14,"minecraft:barrier":176,"minecraft:brown_stained_glass":12,"minecraft:stone_button":18,"minecraft:sign":168,"minecraft:red_terracotta":11,"minecraft:diamond_ore":25,"minecraft:gravel":26,"minecraft:lilac":1,"minecraft:dead_horn_coral":24,"minecraft:coal_block":13,"minecraft:wooden_sword":74,"minecraft:diamond_sword":32,"minecraft:oak_fence":10,"minecraft:cobweb":92,"minecraft:jungle_leaves":16,"minecraft:coarse_dirt":1,"minecraft:pink_stained_glass":17,"minecraft:white_stained_glass":365,"minecraft:chorus_plant":33,"minecraft:ice":7,"minecraft:white_concrete":42,"minecraft:bone_meal":177,"minecraft:petrified_oak_slab":4,"minecraft:trident":62,"minecraft:white_tulip":1,"minecraft:red_concrete":4,"minecraft:stone_sword":63,"minecraft:flint_and_steel":4,"minecraft:orange_concrete":6,"minecraft:armor_stand":1,"minecraft:redstone_ore":80,"minecraft:stone_shovel":246,"minecraft:redstone":2,"minecraft:light_blue_terracotta":2,"minecraft:spruce_planks":29,"minecraft:wooden_shovel":23,"minecraft:stripped_birch_wood":12,"minecraft:structure_block":224,"minecraft:netherrack":66,"minecraft:green_glazed_terracotta":105,"minecraft:orange_stained_glass":25,"minecraft:torch":5,"minecraft:dirt":333,"minecraft:chorus_flower":21,"minecraft:nether_quartz_ore":5,"minecraft:spruce_stairs":117,"minecraft:cobblestone_wall":1,"minecraft:yellow_carpet":4,"minecraft:oak_wood":6,"minecraft:spruce_fence":4,"minecraft:blue_concrete":23,"minecraft:granite":1,"minecraft:light_blue_stained_glass":4,"minecraft:brown_terracotta":13,"minecraft:dark_oak_planks":18,"minecraft:wooden_axe":47,"minecraft:red_tulip":6,"minecraft:light_gray_stained_glass":23,"minecraft:yellow_stained_glass":21,"minecraft:iron_axe":28,"minecraft:oak_stairs":7,"minecraft:slime_block":11,"minecraft:chicken_spawn_egg":20,"minecraft:tripwire_hook":1,"minecraft:purple_concrete":25,"minecraft:lime_concrete":93,"minecraft:magenta_terracotta":8,"minecraft:dark_oak_pressure_plate":1,"minecraft:lime_stained_glass":40,"minecraft:trapped_chest":1,"minecraft:acacia_wood":44,"minecraft:stone_pressure_plate":2,"minecraft:orange_terracotta":26,"minecraft:pumpkin":46,"minecraft:wheat_seeds":39,"minecraft:water_bucket":344,"minecraft:pink_tulip":5,"minecraft:iron_ore":281,"minecraft:birch_planks":1,"minecraft:sandstone_stairs":1,"minecraft:snow_block":2,"minecraft:brown_mushroom":1,"minecraft:red_mushroom_block":27,"minecraft:gold_ore":48,"minecraft:pink_concrete":15,"minecraft:rail":1,"minecraft:jungle_wood":1,"minecraft:mossy_cobblestone":2,"minecraft:lime_terracotta":20,"minecraft:terracotta":8,"minecraft:tnt":41,"minecraft:oak_slab":1,"minecraft:crafting_table":147,"minecraft:light_gray_concrete_powder":4,"minecraft:spruce_log":11,"minecraft:bat_spawn_egg":9,"minecraft:cyan_stained_glass":3,"minecraft:oak_log":15,"minecraft:purple_stained_glass":4,"minecraft:flower_pot":3,"minecraft:piston":2,"minecraft:wooden_hoe":2,"minecraft:ender_eye":1,"minecraft:diamond_pickaxe":262,"minecraft:command_block":149,"minecraft:oak_button":5,"minecraft:iron_pickaxe":404,"minecraft:lapis_ore":5,"minecraft:tnt_minecart":1,"minecraft:magenta_concrete":2,"minecraft:cyan_concrete":7,"minecraft:purpur_slab":1,"minecraft:spruce_sapling":2,"minecraft:stone_axe":232,"minecraft:fishing_rod":29,"minecraft:cobblestone":100,"minecraft:bucket":17,"minecraft:chain_command_block":9,"minecraft:repeating_command_block":29,"minecraft:end_portal_frame":16,"minecraft:dandelion":22,"minecraft:kelp":39,"minecraft:gray_wool":1,"minecraft:brown_mushroom_block":5,"minecraft:green_stained_glass":20},"minecraft:killed":{"minecraft:chicken":1,"minecraft:blaze":19,"minecraft:cow":10,"minecraft:villager":4}},"DataVersion":1628}