{"stats":{"minecraft:used":{"minecraft:emerald_ore":5,"minecraft:water_bucket":4,"minecraft:stone_sword":3,"minecraft:iron_ore":51,"minecraft:sandstone_stairs":12,"minecraft:redstone_ore":22,"minecraft:stone_pickaxe":60,"minecraft:oak_planks":3,"minecraft:poppy":1,"minecraft:orange_tulip":1,"minecraft:wooden_pickaxe":149,"minecraft:sandstone":22,"minecraft:stone":216,"minecraft:wooden_shovel":10,"minecraft:cobblestone_slab":3,"minecraft:grass":9,"minecraft:netherrack":9,"minecraft:oak_leaves":33,"minecraft:torch":2,"minecraft:dirt":120,"minecraft:sand":213,"minecraft:vine":7,"minecraft:crafting_table":13,"minecraft:allium":2,"minecraft:oak_wood":1,"minecraft:fern":6,"minecraft:oak_log":10,"minecraft:dark_oak_planks":1,"minecraft:coal_ore":14,"minecraft:red_tulip":1,"minecraft:grass_block":69,"minecraft:blue_orchid":2,"minecraft:slime_block":1,"minecraft:barrier":19,"minecraft:lapis_ore":12,"minecraft:diamond_ore":14,"minecraft:gravel":3,"minecraft:fishing_rod":14,"minecraft:wooden_sword":15,"minecraft:cobblestone":2,"minecraft:furnace":5,"minecraft:oak_sapling":2,"minecraft:stripped_oak_wood":3,"minecraft:andesite":10,"minecraft:egg":1,"minecraft:stone_pressure_plate":1,"minecraft:dandelion":3,"minecraft:seagrass":15,"minecraft:bone_meal":11,"minecraft:cobweb":3},"minecraft:dropped":{"minecraft:nether_wart":2,"minecraft:cocoa_beans":6,"minecraft:sandstone_stairs":1,"minecraft:cod":1,"minecraft:dirt":2,"minecraft:spruce_sapling":1},"minecraft:picked_up":{"minecraft:cocoa_beans":6,"minecraft:wheat":3,"minecraft:salmon":1,"minecraft:nether_wart":2,"minecraft:jungle_log":7,"minecraft:leather":1,"minecraft:jungle_wood":4,"minecraft:oak_log":3,"minecraft:string":14,"minecraft:dirt":47,"minecraft:pufferfish":1,"minecraft:wheat_seeds":3,"minecraft:iron_ore":13,"minecraft:sugar_cane":1,"minecraft:oak_planks":13,"minecraft:egg":1,"minecraft:torch":1,"minecraft:dandelion":1,"minecraft:sand":2,"minecraft:spruce_sapling":2,"minecraft:spruce_log":13,"minecraft:dark_oak_log":6,"minecraft:cactus":2,"minecraft:oak_wood":22,"minecraft:slime_block":5,"minecraft:netherrack":9,"minecraft:coal":6,"minecraft:snowball":3,"minecraft:cobblestone":154},"minecraft:crafted":{"minecraft:sugar":1,"minecraft:wooden_sword":3,"minecraft:oak_planks":76,"minecraft:wooden_shovel":1,"minecraft:fishing_rod":2,"minecraft:crafting_table":13,"minecraft:spruce_planks":32,"minecraft:wooden_pickaxe":10,"minecraft:furnace":5,"minecraft:jungle_planks":44,"minecraft:bow":1,"minecraft:stick":68,"minecraft:iron_ingot":3,"minecraft:stone_pickaxe":4,"minecraft:stone_sword":2,"minecraft:dark_oak_planks":12},"minecraft:mined":{"minecraft:podzol":1,"minecraft:jungle_leaves":3,"minecraft:dark_oak_log":6,"minecraft:dandelion":1,"minecraft:oak_wood":22,"minecraft:grass_block":14,"minecraft:jungle_log":7,"minecraft:cobblestone":1,"minecraft:slime_block":6,"minecraft:spruce_leaves":6,"minecraft:sugar_cane":1,"minecraft:oak_planks":13,"minecraft:nether_wart":1,"minecraft:wall_torch":1,"minecraft:cactus":2,"minecraft:jungle_wood":4,"minecraft:iron_ore":13,"minecraft:wheat":3,"minecraft:snow":2,"minecraft:jukebox":2,"minecraft:spruce_log":13,"minecraft:grass":2,"minecraft:oak_log":3,"minecraft:coal_ore":6,"minecraft:mycelium":3,"minecraft:vine":1,"minecraft:sand":2,"minecraft:dirt":27,"minecraft:cobweb":14,"minecraft:stone":160,"minecraft:netherrack":9,"minecraft:fern":1,"minecraft:oak_leaves":8},"minecraft:custom":{"minecraft:interact_with_furnace":9,"minecraft:interact_with_crafting_table":38,"minecraft:play_one_minute":228516,"minecraft:leave_game":5,"minecraft:time_since_death":16257,"minecraft:climb_one_cm":2171,"minecraft:damage_resisted":435,"minecraft:time_since_rest":16320,"minecraft:sprint_one_cm":104393,"minecraft:damage_taken":2110,"minecraft:walk_one_cm":151156,"minecraft:drop":8,"minecraft:damage_dealt":16,"minecraft:talked_to_villager":2,"minecraft:swim_one_cm":6107,"minecraft:fly_one_cm":1010229,"minecraft:crouch_one_cm":6782,"minecraft:deaths":5,"minecraft:sneak_time":5869,"minecraft:walk_under_water_one_cm":13753,"minecraft:jump":844,"minecraft:walk_on_water_one_cm":12026,"minecraft:fish_caught":2,"minecraft:fall_one_cm":34578}},"DataVersion":1628}