{"stats":{"minecraft:used":{"minecraft:orange_concrete":5,"minecraft:red_concrete":1,"minecraft:carrot_on_a_stick":2,"minecraft:stone_pickaxe":98,"minecraft:wooden_pickaxe":120,"minecraft:brown_concrete":3,"minecraft:netherrack":15,"minecraft:torch":1,"minecraft:dirt":2,"minecraft:light_blue_concrete":1,"minecraft:crafting_table":18,"minecraft:yellow_concrete":6,"minecraft:light_gray_concrete":2,"minecraft:iron_pickaxe":18,"minecraft:lime_concrete":2,"minecraft:furnace":11,"minecraft:andesite":1,"minecraft:pumpkin":1,"minecraft:green_stained_glass":1},"minecraft:crafted":{"minecraft:oak_slab":6,"minecraft:oak_planks":60,"minecraft:crafting_table":18,"minecraft:spruce_planks":52,"minecraft:wooden_pickaxe":15,"minecraft:furnace":11,"minecraft:stone":3,"minecraft:jack_o_lantern":1,"minecraft:birch_planks":20,"minecraft:orange_dye":1,"minecraft:air":0,"minecraft:shield":1,"minecraft:stick":80,"minecraft:iron_ingot":21,"minecraft:iron_pickaxe":2,"minecraft:stone_pickaxe":7,"minecraft:stone_sword":1,"minecraft:chest":1,"minecraft:redstone_torch":5,"minecraft:acacia_planks":72,"minecraft:cactus_green":1,"minecraft:dark_oak_planks":52,"minecraft:shears":1},"minecraft:picked_up":{"minecraft:light_blue_concrete":2,"minecraft:andesite":3,"minecraft:brown_mushroom":1,"minecraft:red_mushroom":1,"minecraft:acacia_wood":5,"minecraft:brown_concrete":3,"minecraft:oak_log":8,"minecraft:dirt":20,"minecraft:orange_concrete":5,"minecraft:orange_tulip":2,"minecraft:wheat_seeds":2,"minecraft:birch_wood":5,"minecraft:spruce_wood":5,"minecraft:iron_ore":23,"minecraft:glowstone_dust":4,"minecraft:purple_concrete":1,"minecraft:pumpkin":1,"minecraft:quartz":1,"minecraft:yellow_concrete":10,"minecraft:acacia_log":1,"minecraft:torch":2,"minecraft:lime_concrete":2,"minecraft:stripped_acacia_wood":14,"minecraft:stripped_spruce_log":8,"minecraft:redstone":19,"minecraft:dark_oak_log":6,"minecraft:light_gray_concrete":9,"minecraft:oak_wood":7,"minecraft:pumpkin_seeds":4,"minecraft:cactus":3,"minecraft:green_concrete":3,"minecraft:carved_pumpkin":1,"minecraft:pink_tulip":1,"minecraft:netherrack":32,"minecraft:magenta_concrete":1,"minecraft:red_concrete":1,"minecraft:dark_oak_wood":7,"minecraft:white_wool":18,"minecraft:rail":9,"minecraft:cobblestone":127},"minecraft:mined":{"minecraft:acacia_leaves":2,"minecraft:brown_concrete":3,"minecraft:brown_mushroom":1,"minecraft:light_blue_concrete":2,"minecraft:red_stained_glass":1,"minecraft:dark_oak_log":6,"minecraft:carved_pumpkin":1,"minecraft:dark_oak_wood":7,"minecraft:acacia_log":1,"minecraft:oak_wood":7,"minecraft:grass_block":10,"minecraft:magenta_concrete":1,"minecraft:white_stained_glass":1,"minecraft:nether_quartz_ore":1,"minecraft:cobblestone":18,"minecraft:birch_wood":5,"minecraft:green_concrete":3,"minecraft:red_concrete":2,"minecraft:red_mushroom":1,"minecraft:wall_torch":2,"minecraft:orange_concrete":5,"minecraft:cactus":1,"minecraft:redstone_ore":4,"minecraft:glowstone":1,"minecraft:iron_ore":23,"minecraft:acacia_wood":5,"minecraft:pumpkin":1,"minecraft:andesite":3,"minecraft:stripped_spruce_log":8,"minecraft:purple_concrete":1,"minecraft:lime_concrete":2,"minecraft:orange_tulip":2,"minecraft:green_stained_glass":1,"minecraft:grass":2,"minecraft:oak_log":8,"minecraft:light_gray_concrete":10,"minecraft:yellow_concrete":10,"minecraft:dirt":10,"minecraft:spruce_wood":5,"minecraft:stripped_acacia_wood":14,"minecraft:stone":113,"minecraft:netherrack":35,"minecraft:oak_leaves":6,"minecraft:white_wool":18,"minecraft:fern":1},"minecraft:custom":{"minecraft:interact_with_furnace":49,"minecraft:interact_with_crafting_table":49,"minecraft:play_one_minute":46267,"minecraft:leave_game":3,"minecraft:time_since_death":18666,"minecraft:climb_one_cm":894,"minecraft:damage_resisted":1860,"minecraft:time_since_rest":18690,"minecraft:sprint_one_cm":94127,"minecraft:damage_taken":1280,"minecraft:walk_one_cm":92252,"minecraft:talked_to_villager":2,"minecraft:swim_one_cm":4173,"minecraft:fly_one_cm":220466,"minecraft:crouch_one_cm":14638,"minecraft:deaths":1,"minecraft:sneak_time":5866,"minecraft:walk_under_water_one_cm":2845,"minecraft:jump":649,"minecraft:walk_on_water_one_cm":1646,"minecraft:fall_one_cm":52263}},"DataVersion":1628}