{"stats":{"minecraft:crafted":{"minecraft:stone_sword":2,"minecraft:oak_planks":28,"minecraft:crafting_table":2,"minecraft:stick":8,"minecraft:wooden_pickaxe":2},"minecraft:picked_up":{"minecraft:oak_log":7,"minecraft:dirt":11,"minecraft:cobblestone":4},"minecraft:custom":{"minecraft:play_one_minute":7786,"minecraft:crouch_one_cm":91,"minecraft:sprint_one_cm":13123,"minecraft:walk_one_cm":12724,"minecraft:sneak_time":18,"minecraft:jump":40,"minecraft:leave_game":1,"minecraft:time_since_death":7786,"minecraft:interact_with_crafting_table":5,"minecraft:fall_one_cm":1873,"minecraft:fly_one_cm":4750},"minecraft:used":{"minecraft:dirt":4,"minecraft:crafting_table":2,"minecraft:wooden_pickaxe":4},"minecraft:mined":{"minecraft:grass_block":7,"minecraft:oak_log":7,"minecraft:dirt":4,"minecraft:pink_tulip":1,"minecraft:stone":4,"minecraft:oak_leaves":1}},"DataVersion":1463}