{"stats":{"minecraft:dropped":{"minecraft:orange_tulip":1},"minecraft:picked_up":{"minecraft:torch":2,"minecraft:lime_concrete":1,"minecraft:oak_log":154,"minecraft:dirt":46,"minecraft:apple":1,"minecraft:wheat_seeds":5,"minecraft:orange_tulip":1,"minecraft:oak_sapling":12,"minecraft:cobblestone":11},"minecraft:crafted":{"minecraft:oak_planks":80,"minecraft:wooden_shovel":1,"minecraft:crafting_table":2,"minecraft:stick":8,"minecraft:wooden_pickaxe":1,"minecraft:wooden_axe":1},"minecraft:mined":{"minecraft:orange_tulip":1,"minecraft:torch":1,"minecraft:grass":3,"minecraft:allium":1,"minecraft:grass_block":3,"minecraft:oak_log":10,"minecraft:white_stained_glass":1,"minecraft:dirt":11,"minecraft:lime_stained_glass":26,"minecraft:stone":3,"minecraft:oak_leaves":20,"minecraft:wall_torch":1,"minecraft:fern":1},"minecraft:killed_by":{"minecraft:player":2,"minecraft:creeper":2},"minecraft:custom":{"minecraft:time_since_rest":19626,"minecraft:sprint_one_cm":58517,"minecraft:damage_taken":4508,"minecraft:walk_one_cm":144185,"minecraft:drop":1,"minecraft:damage_dealt":18,"minecraft:talked_to_villager":2,"minecraft:swim_one_cm":4465,"minecraft:interact_with_crafting_table":4,"minecraft:fly_one_cm":114451,"minecraft:crouch_one_cm":890,"minecraft:play_one_minute":54480,"minecraft:deaths":9,"minecraft:sneak_time":557,"minecraft:walk_under_water_one_cm":680,"minecraft:jump":589,"minecraft:leave_game":3,"minecraft:walk_on_water_one_cm":1203,"minecraft:time_since_death":19596,"minecraft:fall_one_cm":28029},"minecraft:used":{"minecraft:oak_log":3,"minecraft:wooden_axe":10,"minecraft:yellow_stained_glass":13,"minecraft:carrot_on_a_stick":2,"minecraft:oak_planks":4,"minecraft:wooden_pickaxe":6,"minecraft:wooden_shovel":5,"minecraft:torch":3,"minecraft:lime_concrete":42,"minecraft:dirt":8,"minecraft:cobblestone":4,"minecraft:crafting_table":1,"minecraft:oak_sapling":4,"minecraft:white_stained_glass":1}},"DataVersion":1628}