{"stats":{"minecraft:used":{"minecraft:dirt":3,"minecraft:crafting_table":1,"minecraft:wooden_pickaxe":6},"minecraft:picked_up":{"minecraft:oak_log":3,"minecraft:dirt":3,"minecraft:cobblestone":3},"minecraft:crafted":{"minecraft:stone_sword":1,"minecraft:oak_planks":12,"minecraft:crafting_table":1,"minecraft:stick":4,"minecraft:wooden_pickaxe":1},"minecraft:mined":{"minecraft:grass_block":1,"minecraft:oak_log":3,"minecraft:dirt":2,"minecraft:stone":3,"minecraft:oak_leaves":3},"minecraft:custom":{"minecraft:time_since_rest":4708,"minecraft:crouch_one_cm":292,"minecraft:play_one_minute":4708,"minecraft:sprint_one_cm":17836,"minecraft:walk_one_cm":5062,"minecraft:sneak_time":68,"minecraft:jump":89,"minecraft:leave_game":2,"minecraft:time_since_death":4708,"minecraft:damage_resisted":270,"minecraft:talked_to_villager":1,"minecraft:interact_with_crafting_table":3,"minecraft:fall_one_cm":7402,"minecraft:fly_one_cm":23889}},"DataVersion":1628}