{"stats":{"minecraft:custom":{"minecraft:mob_kills":1,"minecraft:interact_with_crafting_table":65,"minecraft:leave_game":11,"minecraft:time_since_death":16676,"minecraft:climb_one_cm":4125,"minecraft:damage_resisted":10338,"minecraft:sprint_one_cm":537215,"minecraft:walk_one_cm":538209,"minecraft:drop":14,"minecraft:talked_to_villager":3,"minecraft:deaths":24,"minecraft:sneak_time":32766,"minecraft:walk_under_water_one_cm":5829,"minecraft:interact_with_brewingstand":13,"minecraft:jump":2235,"minecraft:walk_on_water_one_cm":10730,"minecraft:interact_with_furnace":48,"minecraft:play_one_minute":463609,"minecraft:pot_flower":5,"minecraft:time_since_rest":16706,"minecraft:damage_taken":7053,"minecraft:trigger_trapped_chest":15,"minecraft:damage_dealt":323,"minecraft:swim_one_cm":6833,"minecraft:fly_one_cm":6384384,"minecraft:open_chest":41,"minecraft:crouch_one_cm":66865,"minecraft:fall_one_cm":175597},"minecraft:crafted":{"minecraft:wooden_sword":1,"minecraft:oak_planks":104,"minecraft:stone_shovel":1,"minecraft:furnace":14,"minecraft:stone_button":1,"minecraft:piston":2,"minecraft:stone":1,"minecraft:jack_o_lantern":1,"minecraft:nether_brick":2,"minecraft:glass":3,"minecraft:detector_rail":6,"minecraft:slime_ball":9,"minecraft:stone_pickaxe":7,"minecraft:chest":2,"minecraft:dark_oak_planks":64,"minecraft:daylight_detector":1,"minecraft:crafting_table":21,"minecraft:spruce_planks":64,"minecraft:wooden_pickaxe":12,"minecraft:clock":1,"minecraft:sticky_piston":1,"minecraft:red_nether_bricks":1,"minecraft:brewing_stand":1,"minecraft:air":0,"minecraft:jungle_planks":24,"minecraft:dark_oak_slab":6,"minecraft:stick":76,"minecraft:iron_ingot":17,"minecraft:iron_pickaxe":3,"minecraft:stone_sword":1,"minecraft:gold_ingot":4,"minecraft:nether_wart_block":2,"minecraft:acacia_planks":12,"minecraft:torch":8,"minecraft:shears":1},"minecraft:dropped":{"minecraft:dark_oak_slab":1,"minecraft:spruce_stairs":1,"minecraft:sign":1,"minecraft:dark_oak_planks":1,"minecraft:gold_ingot":8,"minecraft:redstone":2,"minecraft:detector_rail":1,"minecraft:spruce_planks":1,"minecraft:painting":1},"minecraft:mined":{"minecraft:dark_oak_planks":4,"minecraft:cobblestone_stairs":1,"minecraft:orange_stained_glass":3,"minecraft:dark_oak_log":16,"minecraft:carved_pumpkin":1,"minecraft:nether_bricks":7,"minecraft:tube_coral_wall_fan":1,"minecraft:grass_block":10,"minecraft:jungle_log":3,"minecraft:lime_stained_glass":31,"minecraft:kelp":2,"minecraft:nether_wart":7,"minecraft:orange_concrete":1,"minecraft:redstone_ore":3,"minecraft:iron_ore":43,"minecraft:acacia_wood":3,"minecraft:orange_stained_glass_pane":2,"minecraft:andesite":1,"minecraft:pumpkin":1,"minecraft:spruce_wood":12,"minecraft:stone":265,"minecraft:soul_sand":7,"minecraft:kelp_plant":3,"minecraft:oak_wood":17,"minecraft:nether_quartz_ore":4,"minecraft:cobblestone":9,"minecraft:slime_block":587,"minecraft:lapis_ore":1,"minecraft:lily_pad":1,"minecraft:seagrass":9,"minecraft:gray_wool":2,"minecraft:coarse_dirt":13,"minecraft:jungle_wood":3,"minecraft:nether_wart_block":1,"minecraft:light_gray_stained_glass":13,"minecraft:jukebox":3,"minecraft:spruce_log":4,"minecraft:grass":5,"minecraft:mycelium":2,"minecraft:oak_log":9,"minecraft:coal_ore":18,"minecraft:sand":5,"minecraft:dirt":20,"minecraft:cobweb":1,"minecraft:gold_ore":4,"minecraft:netherrack":4,"minecraft:oak_leaves":2,"minecraft:fern":2},"minecraft:killed":{"minecraft:blaze":1},"minecraft:used":{"minecraft:peony":4,"minecraft:jungle_leaves":187,"minecraft:stone_sword":8,"minecraft:white_tulip":6,"minecraft:orange_concrete":2,"minecraft:dead_bush":25,"minecraft:redstone_ore":44,"minecraft:red_concrete":2,"minecraft:stone_shovel":9,"minecraft:carrot_on_a_stick":1,"minecraft:ladder":23,"minecraft:spruce_planks":12,"minecraft:chest":1,"minecraft:white_terracotta":20,"minecraft:brown_concrete":287,"minecraft:stone":2805,"minecraft:wooden_shovel":7,"minecraft:stripped_birch_wood":1,"minecraft:grass":67,"minecraft:player_head":22,"minecraft:netherrack":3,"minecraft:green_glazed_terracotta":1,"minecraft:torch":9,"minecraft:brewing_stand":1,"minecraft:dirt":311,"minecraft:soul_sand":5,"minecraft:cocoa_beans":2,"minecraft:nether_bricks":6,"minecraft:spruce_stairs":18,"minecraft:allium":8,"minecraft:pink_carpet":4,"minecraft:spruce_fence":47,"minecraft:stripped_spruce_log":26,"minecraft:fern":57,"minecraft:wooden_axe":10,"minecraft:stone_brick_slab":2,"minecraft:dark_oak_planks":744,"minecraft:lava_bucket":18,"minecraft:coal_ore":111,"minecraft:red_wool":12,"minecraft:iron_block":1,"minecraft:grass_block":257,"minecraft:oak_stairs":3,"minecraft:slime_block":251,"minecraft:jungle_log":24,"minecraft:dark_oak_wood":46,"minecraft:dark_oak_slab":29,"minecraft:smooth_quartz":2,"minecraft:pink_wool":8,"minecraft:stone_bricks":120,"minecraft:red_carpet":17,"minecraft:lime_concrete":147,"minecraft:tall_grass":2,"minecraft:hay_block":1,"minecraft:furnace":12,"minecraft:white_stained_glass_pane":6,"minecraft:podzol":108,"minecraft:gold_block":9,"minecraft:acacia_wood":19,"minecraft:trapped_chest":1,"minecraft:stone_pressure_plate":1,"minecraft:dragon_head":1,"minecraft:pumpkin":1,"minecraft:orange_terracotta":55,"minecraft:seagrass":11,"minecraft:brown_concrete_powder":6,"minecraft:large_fern":10,"minecraft:water_bucket":18,"minecraft:mossy_stone_bricks":10,"minecraft:iron_ore":72,"minecraft:cobblestone_stairs":3,"minecraft:sandstone_stairs":17,"minecraft:birch_leaves":228,"minecraft:birch_planks":57,"minecraft:stripped_birch_log":7,"minecraft:stone_pickaxe":190,"minecraft:birch_wood":8,"minecraft:cactus":3,"minecraft:wooden_pickaxe":323,"minecraft:sandstone":481,"minecraft:sugar_cane":3,"minecraft:spruce_fence_gate":4,"minecraft:gold_ore":56,"minecraft:cracked_stone_bricks":9,"minecraft:oak_leaves":4,"minecraft:white_wool":3,"minecraft:yellow_terracotta":12,"minecraft:sand":237,"minecraft:vine":34,"minecraft:light_blue_concrete":8,"minecraft:crafting_table":22,"minecraft:yellow_concrete":38,"minecraft:painting":4,"minecraft:redstone_torch":5,"minecraft:black_terracotta":29,"minecraft:flower_pot":5,"minecraft:green_concrete":267,"minecraft:ender_eye":5,"minecraft:black_concrete":285,"minecraft:chiseled_sandstone":2,"minecraft:dark_oak_log":42,"minecraft:gray_stained_glass_pane":15,"minecraft:heavy_weighted_pressure_plate":3,"minecraft:light_gray_concrete":64,"minecraft:iron_pickaxe":10,"minecraft:stone_button":2,"minecraft:brown_wool":6,"minecraft:lapis_ore":8,"minecraft:sign":20,"minecraft:cyan_concrete":3,"minecraft:stone_slab":6,"minecraft:red_terracotta":2,"minecraft:diamond_ore":19,"minecraft:stone_axe":7,"minecraft:nether_wart_block":1,"minecraft:cobblestone":8,"minecraft:potion":1,"minecraft:white_stained_glass":5,"minecraft:birch_log":20,"minecraft:end_portal_frame":6,"minecraft:dandelion":1,"minecraft:white_concrete":8,"minecraft:kelp":9,"minecraft:coarse_dirt":352,"minecraft:gray_wool":1,"minecraft:cobweb":18},"minecraft:picked_up":{"minecraft:coarse_dirt":13,"minecraft:allium":1,"minecraft:ladder":57,"minecraft:nether_wart":22,"minecraft:brown_mushroom":1,"minecraft:string":1,"minecraft:orange_concrete":1,"minecraft:detector_rail":1,"minecraft:spruce_planks":4,"minecraft:player_head":1,"minecraft:sugar_cane":2,"minecraft:stick":1,"minecraft:torch":1,"minecraft:redstone":14,"minecraft:stone_pressure_plate":2,"minecraft:dark_oak_planks":5,"minecraft:nether_bricks":7,"minecraft:carved_pumpkin":1,"minecraft:gold_ingot":4,"minecraft:blaze_rod":2,"minecraft:cobblestone":273,"minecraft:andesite":1,"minecraft:jungle_log":3,"minecraft:jungle_wood":3,"minecraft:red_mushroom":2,"minecraft:acacia_wood":3,"minecraft:oak_log":9,"minecraft:lily_pad":1,"minecraft:nether_wart_block":1,"minecraft:cobblestone_stairs":1,"minecraft:lapis_lazuli":7,"minecraft:dirt":34,"minecraft:kelp":8,"minecraft:spruce_wood":12,"minecraft:iron_ingot":1,"minecraft:iron_ore":43,"minecraft:soul_sand":7,"minecraft:pumpkin":1,"minecraft:quartz":4,"minecraft:jungle_planks":3,"minecraft:sand":4,"minecraft:spruce_log":4,"minecraft:gold_ore":4,"minecraft:dark_oak_log":16,"minecraft:oak_wood":17,"minecraft:pumpkin_seeds":4,"minecraft:slime_block":564,"minecraft:gray_wool":2,"minecraft:chorus_fruit":5,"minecraft:netherrack":4,"minecraft:coal":18}},"DataVersion":1628}