{"stats":{"minecraft:used":{"minecraft:white_stained_glass":2,"minecraft:spruce_leaves":206,"minecraft:sign":3,"minecraft:mossy_cobblestone":44,"minecraft:cyan_terracotta":250,"minecraft:dirt":205,"minecraft:coarse_dirt":54,"minecraft:spruce_log":12,"minecraft:spruce_bark":44,"minecraft:grass":16,"minecraft:fern":56,"minecraft:structure_block":1},"minecraft:custom":{"minecraft:jump":72,"minecraft:crouch_one_cm":1017,"minecraft:play_one_minute":60794,"minecraft:leave_game":1,"minecraft:sprint_one_cm":14831,"minecraft:time_since_death":60794,"minecraft:walk_one_cm":12402,"minecraft:sneak_time":1280,"minecraft:swim_one_cm":148,"minecraft:fly_one_cm":260489}},"DataVersion":1464}