{"stats":{"minecraft:custom":{"minecraft:play_one_minute":52726,"minecraft:crouch_one_cm":2377,"minecraft:sprint_one_cm":4302,"minecraft:walk_one_cm":34676,"minecraft:sneak_time":2441,"minecraft:jump":61,"minecraft:leave_game":5,"minecraft:time_since_death":52726,"minecraft:swim_one_cm":604,"minecraft:fly_one_cm":214790},"minecraft:used":{"minecraft:gold_ore":7,"minecraft:water_bucket":12,"minecraft:iron_ore":14,"minecraft:acacia_bark":86,"minecraft:iron_bars":13,"minecraft:dirt":193,"minecraft:cobblestone":14,"minecraft:coal_ore":9,"minecraft:red_tulip":7,"minecraft:grass_block":456,"minecraft:acacia_trapdoor":6,"minecraft:cobblestone_wall":26,"minecraft:andesite":12,"minecraft:lily_pad":2,"minecraft:purple_terracotta":33,"minecraft:stone":280,"minecraft:jungle_trapdoor":8,"minecraft:coarse_dirt":23,"minecraft:diamond_ore":7,"minecraft:grass":27}},"DataVersion":1463}