{"stats":{"minecraft:dropped":{"minecraft:red_tulip":1},"minecraft:picked_up":{"minecraft:cocoa_beans":18,"minecraft:azure_bluet":1,"minecraft:oak_log":3,"minecraft:dirt":3,"minecraft:kelp":3,"minecraft:wheat_seeds":1,"minecraft:orange_tulip":4,"minecraft:poppy":1,"minecraft:torch":2,"minecraft:red_tulip":3,"minecraft:pink_tulip":3,"minecraft:cobblestone":3,"minecraft:oxeye_daisy":1},"minecraft:crafted":{"minecraft:oak_planks":12,"minecraft:crafting_table":1,"minecraft:wooden_pickaxe":1,"minecraft:stick":4,"minecraft:stone_sword":1},"minecraft:mined":{"minecraft:grass_block":2,"minecraft:oak_log":3,"minecraft:dirt":1,"minecraft:stone":3},"minecraft:custom":{"minecraft:interact_with_crafting_table":2,"minecraft:play_one_minute":414485,"minecraft:leave_game":12,"minecraft:time_since_death":162978,"minecraft:climb_one_cm":276,"minecraft:time_since_rest":159274,"minecraft:sprint_one_cm":18867,"minecraft:damage_taken":440,"minecraft:walk_one_cm":82037,"minecraft:drop":1,"minecraft:swim_one_cm":2650,"minecraft:fly_one_cm":1195854,"minecraft:crouch_one_cm":7966,"minecraft:deaths":3,"minecraft:sneak_time":8509,"minecraft:walk_under_water_one_cm":24033,"minecraft:jump":387,"minecraft:walk_on_water_one_cm":28785,"minecraft:fall_one_cm":6057},"minecraft:used":{"minecraft:petrified_oak_slab":25,"minecraft:water_bucket":65,"minecraft:jungle_leaves":323,"minecraft:blue_terracotta":1,"minecraft:tube_coral_fan":7,"minecraft:pink_tulip":15,"minecraft:tube_coral_block":6,"minecraft:dead_tube_coral_block":9,"minecraft:white_tulip":3,"minecraft:oak_planks":26,"minecraft:bubble_coral_fan":2,"minecraft:lily_pad":3,"minecraft:orange_tulip":17,"minecraft:spruce_planks":5,"minecraft:wooden_pickaxe":3,"minecraft:stone":124,"minecraft:grass":29,"minecraft:cobblestone_slab":10,"minecraft:player_head":2,"minecraft:structure_block":7,"minecraft:tube_coral":1,"minecraft:debug_stick":47,"minecraft:brain_coral":3,"minecraft:torch":3,"minecraft:jungle_wood":160,"minecraft:mossy_cobblestone":25,"minecraft:dirt":340,"minecraft:sand":27,"minecraft:cocoa_beans":11,"minecraft:terracotta":3,"minecraft:vine":75,"minecraft:crafting_table":1,"minecraft:dead_fire_coral_block":7,"minecraft:jungle_planks":54,"minecraft:jungle_slab":38,"minecraft:dead_brain_coral_block":2,"minecraft:azure_bluet":2,"minecraft:spruce_log":4,"minecraft:oak_log":4,"minecraft:jungle_sapling":7,"minecraft:black_terracotta":71,"minecraft:black_concrete":74,"minecraft:oxeye_daisy":1,"minecraft:red_tulip":16,"minecraft:red_wool":1,"minecraft:iron_block":10,"minecraft:grass_block":188,"minecraft:barrier":2,"minecraft:sign":2,"minecraft:cyan_concrete":9,"minecraft:diamond_ore":2,"minecraft:purple_concrete":67,"minecraft:cobblestone":112,"minecraft:oak_sapling":5,"minecraft:kelp":14,"minecraft:fire_coral_fan":1,"minecraft:coarse_dirt":92,"minecraft:seagrass":11,"minecraft:bone_meal":54}},"DataVersion":1628}