{"stat.crouchOneCm":33,"stat.useItem.minecraft.glass_pane":1,"stat.useItem.minecraft.chest":3,"stat.useItem.minecraft.quartz_block":65,"stat.useItem.minecraft.wooden_door":1,"stat.useItem.minecraft.iron_bars":174,"stat.useItem.minecraft.stone_brick_stairs":81,"achievement.openInventory":46,"stat.useItem.minecraft.cobblestone":70,"stat.useItem.minecraft.fence":48,"achievement.exploreAllBiomes":{"value":0,"progress":["Plains","Jungle"]},"stat.useItem.minecraft.brick_block":10,"stat.useItem.minecraft.bed":1,"stat.useItem.minecraft.planks":132,"stat.useItem.minecraft.monster_egg":77,"stat.flyOneCm":429294,"stat.useItem.minecraft.double_plant":39,"stat.useItem.minecraft.stone":20,"stat.useItem.minecraft.red_flower":12,"stat.useItem.minecraft.furnace":1,"stat.useItem.minecraft.torch":1,"stat.timeSinceDeath":59233,"stat.leaveGame":1,"stat.diveOneCm":37,"stat.useItem.minecraft.crafting_table":1,"stat.useItem.minecraft.gravel":22,"stat.playOneMinute":59233,"stat.useItem.minecraft.stone_slab":36,"stat.useItem.minecraft.carpet":1,"stat.jump":305,"stat.useItem.minecraft.wooden_slab":6,"stat.swimOneCm":1168,"stat.useItem.minecraft.spawn_egg":2,"stat.walkOneCm":137020,"stat.useItem.minecraft.deadbush":11,"stat.sprintOneCm":9886,"stat.useItem.minecraft.dirt":59,"stat.useItem.minecraft.iron_door":6}