{"stat.crouchOneCm":366,"stat.damageDealt":1140,"achievement.exploreAllBiomes":{"value":0,"progress":["Plains","Jungle"]},"achievement.openInventory":8,"stat.useItem.minecraft.prismarine":12,"stat.useItem.minecraft.diamond_sword":9,"stat.flyOneCm":285010,"stat.useItem.minecraft.repeater":21,"stat.killEntity.Villager":5,"stat.timeSinceDeath":22574,"stat.leaveGame":1,"stat.playOneMinute":22574,"stat.useItem.minecraft.nether_brick":4,"stat.jump":4,"stat.walkOneCm":1504,"stat.mobKills":5,"stat.useItem.minecraft.dirt":44}