{"stat.useItem.minecraft.anvil":18,"stat.useItem.minecraft.glass_pane":87,"stat.useItem.minecraft.chest":25,"stat.useItem.minecraft.iron_bars":222,"stat.useItem.minecraft.stone_button":18,"stat.useItem.minecraft.leaves":159,"stat.useItem.minecraft.netherrack":14,"stat.useItem.minecraft.quartz_block":38,"stat.useItem.minecraft.command_block":461,"stat.useItem.minecraft.end_stone":12,"stat.useItem.minecraft.stained_glass":247,"stat.useItem.minecraft.minecart":5,"stat.useItem.minecraft.dark_oak_stairs":601,"achievement.openInventory":1085,"stat.useItem.minecraft.red_sandstone":4,"stat.damageDealt":37030,"stat.useItem.minecraft.fence":165,"stat.useItem.minecraft.item_frame":57,"stat.useItem.minecraft.brick_block":133,"stat.useItem.minecraft.iron_block":35,"stat.useItem.minecraft.spruce_fence":123,"stat.crouchOneCm":57121,"stat.useItem.minecraft.stained_glass_pane":269,"stat.killEntity.Ghast":1,"achievement.exploreAllBiomes":{"value":0,"progress":["Plains","Jungle"]},"stat.useItem.minecraft.bedrock":39,"stat.useItem.minecraft.redstone_block":6,"stat.useItem.minecraft.spruce_door":3,"stat.useItem.minecraft.carrot_on_a_stick":1,"stat.useItem.minecraft.obsidian":22,"stat.useItem.minecraft.planks":997,"stat.talkedToVillager":144,"stat.useItem.minecraft.noteblock":16,"stat.fallOneCm":2744,"stat.flyOneCm":7849545,"stat.useItem.minecraft.writable_book":2,"stat.useItem.minecraft.jungle_stairs":1,"stat.useItem.minecraft.red_flower":62,"stat.useItem.minecraft.prismarine":457,"stat.damageTaken":570,"stat.useItem.minecraft.torch":113,"stat.useItem.minecraft.bed":6,"stat.useItem.minecraft.monster_egg":59,"stat.useItem.minecraft.dispenser":7,"stat.useItem.minecraft.diamond_sword":410,"stat.useItem.minecraft.sponge":26,"stat.useItem.minecraft.oak_stairs":1,"stat.useItem.minecraft.jukebox":2,"stat.useItem.minecraft.dropper":3,"stat.useItem.minecraft.stained_hardened_clay":234,"stat.useItem.minecraft.skull":1,"stat.useItem.minecraft.stonebrick":710,"stat.useItem.minecraft.golden_rail":25,"stat.useItem.minecraft.clay":1,"stat.useItem.minecraft.stone":377,"stat.useItem.minecraft.flower_pot":18,"stat.useItem.minecraft.rail":67,"stat.useItem.minecraft.ladder":25,"stat.useItem.minecraft.double_plant":62,"stat.useItem.minecraft.enchanting_table":2,"stat.useItem.minecraft.hardened_clay":3,"stat.useItem.minecraft.redstone_lamp":17,"stat.useItem.minecraft.flint_and_steel":16,"stat.climbOneCm":4629,"stat.useItem.minecraft.redstone":678,"stat.useItem.minecraft.potion":41,"stat.drop":542,"stat.useItem.minecraft.diamond_block":21,"stat.useItem.minecraft.repeater":266,"stat.useItem.minecraft.stone_pressure_plate":23,"stat.useItem.minecraft.nether_brick_fence":4,"stat.useItem.minecraft.comparator":41,"stat.useItem.minecraft.glowstone":10,"stat.useItem.minecraft.spruce_stairs":189,"stat.useItem.minecraft.gold_block":15,"stat.craftItem.minecraft.banner":16,"stat.useItem.minecraft.mycelium":25,"stat.useItem.minecraft.sand":1,"stat.useItem.minecraft.stone_slab":13,"stat.killEntity.Creeper":1,"stat.useItem.minecraft.lapis_block":19,"stat.useItem.minecraft.crafting_table":3,"stat.playOneMinute":2201539,"stat.useItem.minecraft.redstone_torch":46,"stat.killEntity.Rabbit":1,"stat.useItem.minecraft.birch_fence":8,"stat.useItem.minecraft.hopper":33,"stat.leaveGame":87,"stat.diveOneCm":13165,"stat.useItem.minecraft.lever":57,"stat.useItem.minecraft.glass":1,"stat.killEntity.Villager":3,"stat.useItem.minecraft.soul_sand":46,"stat.killEntity.Spider":1,"stat.killEntity.Endermite":1,"stat.timeSinceDeath":1299103,"stat.useItem.minecraft.gravel":88,"stat.killEntity.PigZombie":125,"stat.useItem.minecraft.painting":204,"stat.useItem.minecraft.wool":185,"stat.useItem.minecraft.nether_brick":517,"stat.useItem.minecraft.mossy_cobblestone":2,"stat.swimOneCm":17903,"stat.useItem.minecraft.sandstone_stairs":16,"stat.useItem.minecraft.dark_oak_door":9,"stat.killEntity.Skeleton":2,"stat.walkOneCm":4458515,"stat.useItem.minecraft.slime":1,"stat.useItem.minecraft.sandstone":39,"stat.useItem.minecraft.dark_oak_fence":308,"stat.useItem.minecraft.iron_door":29,"stat.useItem.minecraft.carpet":38,"stat.jump":3823,"stat.useItem.minecraft.wooden_button":92,"stat.useItem.minecraft.coal_block":632,"stat.deaths":1,"stat.useItem.minecraft.wooden_slab":274,"stat.mobKills":153,"stat.useItem.minecraft.string":1,"stat.killEntity.Zombie":10,"stat.useItem.minecraft.deadbush":14,"stat.useItem.minecraft.sign":198,"stat.minecartOneCm":34785,"stat.useItem.minecraft.birch_stairs":1,"stat.useItem.minecraft.bookshelf":10,"stat.tradedWithVillager":69,"stat.useItem.minecraft.armor_stand":10,"stat.killEntity.Blaze":7,"stat.useItem.minecraft.banner":77,"stat.useItem.minecraft.detector_rail":4,"stat.useItem.minecraft.tallgrass":408,"stat.useItem.minecraft.spawn_egg":56,"stat.craftItem.minecraft.redstone_torch":1,"stat.killEntity.Guardian":1,"stat.useItem.minecraft.sea_lantern":2,"stat.sprintOneCm":804408,"stat.useItem.minecraft.dirt":693}