{"stat.useItem.minecraft.anvil":43,"stat.useItem.minecraft.glass_pane":110,"stat.crouchOneCm":2733,"stat.useItem.minecraft.iron_bars":19,"stat.useItem.minecraft.stone_brick_stairs":15,"achievement.exploreAllBiomes":{"value":0,"progress":["Plains","Jungle"]},"stat.useItem.minecraft.log":79,"stat.useItem.minecraft.leaves":65,"stat.useItem.minecraft.heavy_weighted_pressure_plate":1,"stat.useItem.minecraft.quartz_block":834,"stat.useItem.minecraft.dark_oak_stairs":73,"achievement.openInventory":83,"stat.useItem.minecraft.item_frame":8,"stat.useItem.minecraft.brick_block":32,"stat.useItem.minecraft.snow_layer":11,"stat.useItem.minecraft.planks":330,"stat.useItem.minecraft.quartz_stairs":32,"stat.useItem.minecraft.stained_hardened_clay":10,"stat.flyOneCm":405334,"stat.useItem.minecraft.stonebrick":181,"stat.useItem.minecraft.golden_rail":3,"stat.useItem.minecraft.stone":20,"stat.useItem.minecraft.furnace":3,"stat.useItem.minecraft.flower_pot":10,"stat.useItem.minecraft.torch":11,"stat.useItem.minecraft.bed":2,"stat.useItem.minecraft.monster_egg":3,"stat.useItem.minecraft.double_plant":16,"stat.useItem.minecraft.oak_stairs":7,"stat.useItem.minecraft.brick_stairs":14,"stat.useItem.minecraft.jukebox":1,"stat.timeSinceDeath":59072,"stat.leaveGame":2,"stat.useItem.minecraft.crafting_table":2,"stat.useItem.minecraft.spruce_stairs":43,"stat.craftItem.minecraft.banner":2,"stat.playOneMinute":59072,"stat.useItem.minecraft.painting":16,"stat.useItem.minecraft.stone_slab":492,"stat.useItem.minecraft.carpet":47,"stat.jump":112,"stat.useItem.minecraft.wooden_slab":4,"stat.useItem.minecraft.dark_oak_door":10,"stat.useItem.minecraft.banner":6,"stat.walkOneCm":100138,"stat.useItem.minecraft.sign":2,"stat.sprintOneCm":21276,"stat.useItem.minecraft.dirt":32,"stat.useItem.minecraft.bookshelf":4}