{"stat.useItem.minecraft.anvil":11,"stat.useItem.minecraft.glass_pane":74,"stat.useItem.minecraft.chest":46,"stat.useItem.minecraft.fence_gate":8,"stat.useItem.minecraft.ice":19,"stat.useItem.minecraft.iron_bars":4,"stat.useItem.minecraft.stone_brick_stairs":168,"stat.useItem.minecraft.web":16,"stat.useItem.minecraft.cobblestone":87,"stat.useItem.minecraft.stone_button":50,"stat.useItem.minecraft.brown_mushroom":4,"stat.useItem.minecraft.leaves":220,"stat.useItem.minecraft.quartz_block":480,"stat.useItem.minecraft.command_block":327,"stat.useItem.minecraft.wooden_door":1,"stat.useItem.minecraft.stained_glass":27,"stat.useItem.minecraft.dark_oak_stairs":7,"achievement.openInventory":582,"stat.cauldronFilled":4,"stat.useItem.minecraft.red_sandstone":4,"stat.useItem.minecraft.fence":278,"stat.useItem.minecraft.item_frame":1,"stat.useItem.minecraft.brick_block":20,"stat.useItem.minecraft.iron_block":122,"stat.useItem.minecraft.spruce_fence":70,"stat.trappedChestTriggered":15,"stat.crouchOneCm":21915,"stat.useItem.minecraft.stained_glass_pane":263,"stat.useItem.minecraft.packed_ice":27,"stat.useItem.minecraft.sticky_piston":2,"stat.useItem.minecraft.acacia_door":6,"achievement.exploreAllBiomes":{"value":0,"progress":["Desert"]},"stat.useItem.minecraft.log":76,"stat.useItem.minecraft.redstone_block":332,"stat.useItem.minecraft.spruce_door":4,"stat.useItem.minecraft.obsidian":7,"stat.useItem.minecraft.planks":542,"stat.useItem.minecraft.quartz_stairs":193,"stat.fallOneCm":47803,"stat.flyOneCm":3295644,"stat.useItem.minecraft.jungle_stairs":2,"stat.mineBlock.minecraft.chest":1,"stat.useItem.minecraft.coal_ore":2,"stat.useItem.minecraft.light_weighted_pressure_plate":1,"stat.useItem.minecraft.prismarine":22,"stat.damageTaken":510,"stat.useItem.minecraft.torch":1,"stat.useItem.minecraft.bed":2,"stat.useItem.minecraft.monster_egg":1,"stat.useItem.minecraft.dispenser":6,"stat.useItem.minecraft.water_bucket":5,"stat.useItem.minecraft.sponge":62,"stat.useItem.minecraft.oak_stairs":34,"stat.useItem.minecraft.stained_hardened_clay":1394,"stat.useItem.minecraft.skull":32,"stat.useItem.minecraft.stonebrick":39,"stat.useItem.minecraft.golden_rail":9,"stat.useItem.minecraft.stone":415,"stat.useItem.minecraft.furnace":2,"stat.useItem.minecraft.flower_pot":8,"stat.useItem.minecraft.trapped_chest":14,"stat.useItem.minecraft.rail":75,"stat.useItem.minecraft.ladder":45,"stat.useItem.minecraft.hardened_clay":52,"stat.useItem.minecraft.log2":158,"stat.useItem.minecraft.redstone_lamp":4,"stat.useItem.minecraft.flint_and_steel":62,"stat.climbOneCm":18049,"stat.useItem.minecraft.redstone":8,"stat.drop":2,"stat.useItem.minecraft.brick_stairs":10,"stat.useItem.minecraft.repeater":5,"stat.useItem.minecraft.nether_brick_fence":6,"stat.useItem.minecraft.comparator":9,"stat.useItem.minecraft.glowstone":3,"stat.useItem.minecraft.spruce_stairs":5,"achievement.mineWood":14,"stat.useItem.minecraft.gold_block":15,"stat.useItem.minecraft.mycelium":32,"stat.useItem.minecraft.sand":122,"stat.useItem.minecraft.snow":274,"stat.useItem.minecraft.stone_slab":494,"stat.useItem.minecraft.jungle_fence":29,"stat.useItem.minecraft.lapis_block":89,"stat.useItem.minecraft.crafting_table":2,"stat.useItem.minecraft.acacia_fence":13,"stat.playOneMinute":863483,"stat.flowerPotted":8,"stat.useItem.minecraft.birch_fence":136,"stat.useItem.minecraft.hopper":5,"stat.useItem.minecraft.iron_ore":3,"stat.leaveGame":62,"stat.useItem.minecraft.lever":12,"stat.useItem.minecraft.glass":113,"stat.timeSinceDeath":15187,"stat.useItem.minecraft.birch_fence_gate":23,"stat.useItem.minecraft.iron_trapdoor":14,"stat.useItem.minecraft.gravel":8,"stat.useItem.minecraft.wool":1389,"stat.useItem.minecraft.nether_brick":33,"stat.useItem.minecraft.tripwire_hook":12,"stat.useItem.minecraft.acacia_stairs":20,"stat.useItem.minecraft.pumpkin":2,"stat.swimOneCm":91,"stat.useItem.minecraft.sandstone_stairs":2,"stat.walkOneCm":1363818,"stat.useItem.minecraft.slime":20,"stat.useItem.minecraft.sandstone":56,"stat.useItem.minecraft.dark_oak_fence":49,"stat.useItem.minecraft.carpet":104,"stat.jump":2085,"stat.useItem.minecraft.wooden_button":9,"stat.useItem.minecraft.red_sandstone_stairs":50,"stat.useItem.minecraft.cobblestone_wall":4,"stat.useItem.minecraft.coal_block":222,"stat.useItem.minecraft.spruce_fence_gate":3,"stat.deaths":1,"stat.useItem.minecraft.written_book":530,"stat.useItem.minecraft.wooden_slab":259,"stat.useItem.minecraft.stone_stairs":25,"stat.useItem.minecraft.string":4,"stat.useItem.minecraft.deadbush":8,"stat.useItem.minecraft.sign":16,"stat.chestOpened":205,"stat.useItem.minecraft.birch_stairs":91,"stat.useItem.minecraft.bookshelf":20,"stat.useItem.minecraft.stone_slab2":4,"stat.useItem.minecraft.cauldron":8,"stat.useItem.minecraft.banner":25,"stat.useItem.minecraft.detector_rail":4,"stat.useItem.minecraft.trapdoor":63,"stat.useItem.minecraft.sea_lantern":38,"stat.sprintOneCm":167183,"stat.useItem.minecraft.dirt":97}