{"stat.useItem.minecraft.anvil":8,"stat.useItem.minecraft.glass_pane":8,"stat.useItem.minecraft.chest":6,"stat.useItem.minecraft.nether_brick_stairs":25,"stat.useItem.minecraft.fence_gate":13,"stat.useItem.minecraft.ice":63,"stat.useItem.minecraft.iron_bars":12,"stat.useItem.minecraft.stone_brick_stairs":117,"stat.useItem.minecraft.web":32,"stat.useItem.minecraft.cobblestone":142,"stat.useItem.minecraft.stone_button":123,"stat.useItem.minecraft.leaves":325,"stat.useItem.minecraft.netherrack":1,"stat.useItem.minecraft.heavy_weighted_pressure_plate":1,"stat.useItem.minecraft.quartz_block":597,"stat.useItem.minecraft.command_block":1629,"stat.useItem.minecraft.end_stone":1,"stat.useItem.minecraft.wooden_door":17,"stat.useItem.minecraft.stained_glass":124,"stat.craftingTableInteraction":12,"stat.useItem.minecraft.dark_oak_stairs":2,"achievement.openInventory":840,"stat.useItem.minecraft.red_sandstone":8,"stat.useItem.minecraft.fence":108,"stat.useItem.minecraft.brick_block":81,"stat.useItem.minecraft.iron_block":5,"stat.useItem.minecraft.brewing_stand":3,"stat.useItem.minecraft.spruce_fence":28,"stat.trappedChestTriggered":1,"stat.crouchOneCm":33654,"stat.useItem.minecraft.stained_glass_pane":64,"stat.useItem.minecraft.potato":1,"stat.useItem.minecraft.packed_ice":111,"stat.useItem.minecraft.sticky_piston":1,"stat.useItem.minecraft.acacia_door":8,"achievement.exploreAllBiomes":{"value":0,"progress":["Desert","Hell"]},"stat.useItem.minecraft.log":157,"stat.useItem.minecraft.tnt":1,"stat.useItem.minecraft.bedrock":63,"stat.useItem.minecraft.redstone_block":494,"stat.useItem.minecraft.spruce_door":1,"stat.useItem.minecraft.red_mushroom":1,"stat.useItem.minecraft.melon_block":1,"stat.useItem.minecraft.obsidian":14,"stat.useItem.minecraft.hay_block":2,"stat.useItem.minecraft.snow_layer":160,"stat.useItem.minecraft.planks":519,"stat.fallOneCm":73675,"stat.useItem.minecraft.coal_ore":7,"stat.useItem.minecraft.light_weighted_pressure_plate":5,"stat.hopperInspected":20,"stat.useItem.minecraft.cactus":1,"stat.useItem.minecraft.torch":29,"stat.useItem.minecraft.bed":16,"stat.useItem.minecraft.dispenser":56,"stat.useItem.minecraft.water_bucket":9,"stat.useItem.minecraft.wheat_seeds":1,"stat.useItem.minecraft.yellow_flower":1,"stat.useItem.minecraft.skull":8,"stat.useItem.minecraft.stonebrick":173,"stat.useItem.minecraft.stone":794,"stat.useItem.minecraft.melon_seeds":1,"stat.useItem.minecraft.furnace":2,"stat.useItem.minecraft.birch_door":1,"stat.useItem.minecraft.trapped_chest":13,"stat.useItem.minecraft.end_portal_frame":21,"stat.useItem.minecraft.ladder":15,"stat.useItem.minecraft.double_plant":9,"stat.useItem.minecraft.hardened_clay":192,"stat.useItem.minecraft.jungle_door":2,"stat.useItem.minecraft.redstone":42,"stat.useItem.minecraft.brick_stairs":16,"stat.useItem.minecraft.quartz_stairs":358,"stat.useItem.minecraft.noteblock":1,"stat.flyOneCm":8728359,"stat.useItem.minecraft.writable_book":9,"stat.useItem.minecraft.red_flower":1,"stat.useItem.minecraft.prismarine":3,"stat.damageTaken":330,"stat.useItem.minecraft.monster_egg":7,"stat.useItem.minecraft.wooden_pressure_plate":1,"stat.useItem.minecraft.sponge":2,"stat.useItem.minecraft.cake":9,"stat.useItem.minecraft.red_mushroom_block":6,"stat.useItem.minecraft.oak_stairs":69,"stat.useItem.minecraft.jukebox":7,"stat.useItem.minecraft.dropper":1,"stat.useItem.minecraft.stained_hardened_clay":1624,"stat.useItem.minecraft.golden_rail":1,"stat.useItem.minecraft.clay":13,"stat.useItem.minecraft.dye":18,"stat.useItem.minecraft.flower_pot":5,"stat.useItem.minecraft.dragon_egg":1,"stat.useItem.minecraft.rail":135,"stat.useItem.minecraft.enchanting_table":7,"stat.useItem.minecraft.lapis_ore":1,"stat.useItem.minecraft.ender_chest":2,"stat.useItem.minecraft.log2":64,"stat.useItem.minecraft.redstone_lamp":1,"stat.useItem.minecraft.flint_and_steel":1,"stat.climbOneCm":24581,"stat.useItem.minecraft.sapling":6,"stat.drop":32,"stat.useItem.minecraft.repeater":14,"stat.useItem.minecraft.stone_pressure_plate":1,"stat.useItem.minecraft.nether_brick_fence":5,"stat.useItem.minecraft.comparator":40,"stat.useItem.minecraft.glowstone":21,"stat.useItem.minecraft.reeds":1,"achievement.mineWood":22,"stat.useItem.minecraft.spruce_stairs":9,"stat.useItem.minecraft.gold_block":122,"stat.useItem.minecraft.activator_rail":1,"stat.useItem.minecraft.diamond_ore":1,"stat.useItem.minecraft.mycelium":1,"stat.useItem.minecraft.sand":4,"stat.useItem.minecraft.snow":1082,"stat.useItem.minecraft.stone_slab":699,"stat.useItem.minecraft.mob_spawner":4,"stat.useItem.minecraft.lapis_block":21,"stat.useItem.minecraft.crafting_table":4,"stat.dispenserInspected":68,"stat.playOneMinute":2421272,"stat.useItem.minecraft.fireworks":27,"stat.useItem.minecraft.redstone_torch":21,"stat.useItem.minecraft.pumpkin_seeds":1,"stat.useItem.minecraft.birch_fence":67,"stat.useItem.minecraft.hopper":19,"stat.useItem.minecraft.iron_ore":10,"stat.leaveGame":109,"stat.useItem.minecraft.lever":48,"stat.useItem.minecraft.gold_ore":12,"stat.useItem.minecraft.glass":608,"stat.useItem.minecraft.soul_sand":1,"stat.useItem.minecraft.leaves2":8,"stat.timeSinceDeath":344775,"stat.useItem.minecraft.birch_fence_gate":53,"stat.useItem.minecraft.iron_trapdoor":1,"stat.useItem.minecraft.gravel":27,"stat.useItem.minecraft.brown_mushroom_block":1,"stat.useItem.minecraft.golden_hoe":5,"stat.useItem.minecraft.wool":1593,"stat.useItem.minecraft.nether_brick":95,"stat.useItem.minecraft.tripwire_hook":14,"stat.useItem.minecraft.mossy_cobblestone":1,"stat.useItem.minecraft.acacia_stairs":3,"stat.useItem.minecraft.pumpkin":17,"stat.swimOneCm":1464,"stat.useItem.minecraft.sandstone_stairs":58,"stat.useItem.minecraft.dark_oak_door":8,"stat.walkOneCm":2247858,"stat.useItem.minecraft.slime":3,"stat.useItem.minecraft.sandstone":538,"stat.useItem.minecraft.dark_oak_fence":21,"stat.useItem.minecraft.iron_door":20,"stat.useItem.minecraft.carpet":45,"stat.jump":3272,"stat.useItem.minecraft.wooden_button":11,"stat.useItem.minecraft.beacon":7,"stat.useItem.minecraft.red_sandstone_stairs":62,"stat.useItem.minecraft.daylight_detector":2,"stat.useItem.minecraft.cobblestone_wall":2,"stat.useItem.minecraft.coal_block":201,"stat.useItem.minecraft.written_book":1098,"stat.deaths":2,"stat.useItem.minecraft.vine":3,"stat.useItem.minecraft.wooden_slab":119,"stat.useItem.minecraft.stone_stairs":36,"stat.useItem.minecraft.string":4,"stat.useItem.minecraft.sign":88,"stat.chestOpened":113,"stat.useItem.minecraft.birch_stairs":83,"stat.useItem.minecraft.bookshelf":21,"stat.useItem.minecraft.stone_slab2":2,"stat.useItem.minecraft.armor_stand":1,"stat.useItem.minecraft.cauldron":3,"stat.useItem.minecraft.piston":2,"stat.useItem.minecraft.banner":1,"stat.useItem.minecraft.detector_rail":1,"stat.useItem.minecraft.tallgrass":2,"stat.useItem.minecraft.emerald_ore":1,"stat.useItem.minecraft.quartz_ore":1,"stat.useItem.minecraft.carrot":1,"stat.useItem.minecraft.trapdoor":2,"stat.useItem.minecraft.sea_lantern":94,"stat.sprintOneCm":221804,"stat.useItem.minecraft.dirt":161}