﻿{
    "type": "crafting_shapeless",
    "ingredients": [
        {
            "item": "minecraft:cactus_green"
        },
        {
            "item": "minecraft:melon_seeds"
        },
        {
            "item": "minecraft:cactus_green"
        },
        {
            "item": "minecraft:melon_seeds"
        },
        {
            "item": "minecraft:sand"
        },
        {
            "item": "minecraft:melon_seeds"
        },
        {
            "item": "minecraft:cactus_green"
        },
        {
            "item": "minecraft:melon_seeds"
        },
        {
            "item": "minecraft:cactus_green"
        }
    ],
    "result": {
        "item": "minecraft:cactus",
        "count": 1
    },
    "group": "stuff"
}