﻿{
    "type": "crafting_shapeless",
    "ingredients": [
        {
            "item": "minecraft:leather"
        },
        {
            "item": "minecraft:leather"
        },
        {
            "item": "minecraft:leather"
        },
        {
            "item": "minecraft:leather"
        },
        {
            "item": "minecraft:egg"
        },
        {
            "item": "minecraft:leather"
        },
        {
            "item": "minecraft:leather"
        },
        {
            "item": "minecraft:leather"
        },
        {
            "item": "minecraft:leather"
        }
    ],
    "result": {
        "item": "minecraft:cow_spawn_egg",
        "count": 1
    },
    "group": "stuff"
}