﻿{
    "type": "crafting_shapeless",
    "ingredients": [
        {
            "item": "minecraft:gold_ingot"
        },
        {
            "item": "minecraft:light_blue_dye"
        },
        {
            "item": "minecraft:gold_ingot"
        },
        {
            "item": "minecraft:light_blue_dye"
        },
        {
            "item": "minecraft:flint"
        },
        {
            "item": "minecraft:light_blue_dye"
        },
        {
            "item": "minecraft:iron_ingot"
        },
        {
            "item": "minecraft:light_blue_dye"
        },
        {
            "item": "minecraft:iron_ingot"
        }
    ],
    "result": {
        "item": "minecraft:diamond",
        "count": 1
    },
    "group": "stuff"
}