﻿{
    "type": "crafting_shapeless",
    "ingredients": [
        {
            "item": "minecraft:obsidian"
        },
        {
            "item": "minecraft:ender_pearl"
        },
        {
            "item": "minecraft:obsidian"
        },
        {
            "item": "minecraft:obsidian"
        },
        {
            "item": "minecraft:nether_star"
        },
        {
            "item": "minecraft:obsidian"
        },
        {
            "item": "minecraft:obsidian"
        },
        {
            "item": "minecraft:obsidian"
        },
        {
            "item": "minecraft:obsidian"
        }
    ],
    "result": {
        "item": "minecraft:dragon_egg",
        "count": 1
    },
    "group": "stuff"
}