﻿{
    "type": "crafting_shapeless",
    "ingredients": [
        {
            "item": "minecraft:nether_star"
        },
        {
            "item": "minecraft:obsidian"
        },
        {
            "item": "minecraft:nether_star"
        },
        {
            "item": "minecraft:ender_eye"
        },
        {
            "item": "minecraft:dragon_egg"
        },
        {
            "item": "minecraft:ender_eye"
        },
        {
            "item": "minecraft:obsidian"
        },
        {
            "item": "minecraft:player_head"
        },
        {
            "item": "minecraft:obsidian"
        }
    ],
    "result": {
        "item": "minecraft:dragon_head",
        "count": 1
    },
    "group": "stuff"
}