﻿{
    "type": "crafting_shapeless",
    "ingredients": [
        {
            "item": "minecraft:phantom_membrane"
        },
        {
            "item": "minecraft:string"
        },
        {
            "item": "minecraft:phantom_membrane"
        },
        {
            "item": "minecraft:leather"
        },
        {
            "item": "minecraft:nether_star"
        },
        {
            "item": "minecraft:leather"
        },
        {
            "item": "minecraft:phantom_membrane"
        },
        {
            "item": "minecraft:phantom_membrane"
        }
    ],
    "result": {
        "item": "minecraft:elytra",
        "count": 1
    },
    "group": "stuff"
}