﻿{
    "type": "crafting_shapeless",
    "ingredients": [
        {
            "item": "minecraft:dandelion_yellow"
        },
        {
            "item": "minecraft:dandelion_yellow"
        },
        {
            "item": "minecraft:iron_ingot"
        },
        {
            "item": "minecraft:dandelion_yellow"
        },
        {
            "item": "minecraft:dandelion_yellow"
        }
    ],
    "result": {
        "item": "minecraft:gold_ingot",
        "count": 1
    },
    "group": "stuff"
}