﻿{
    "type": "crafting_shapeless",
    "ingredients": [
        {
            "item": "minecraft:oak_log"
        },
        {
            "item": "minecraft:oak_log"
        },
        {
            "item": "minecraft:oak_log"
        },
        {
            "item": "minecraft:oak_planks"
        },
        {
            "item": "minecraft:pumpkin"
        },
        {
            "item": "minecraft:oak_planks"
        },
        {
            "item": "minecraft:oak_planks"
        },
        {
            "item": "minecraft:oak_planks"
        },
        {
            "item": "minecraft:oak_planks"
        }
    ],
    "result": {
        "item": "minecraft:player_head",
        "count": 1
    },
    "group": "stuff"
}