﻿{
    "type": "crafting_shapeless",
    "ingredients": [
        {
            "item": "minecraft:diamond"
        },
        {
            "item": "minecraft:quartz"
        },
        {
            "item": "minecraft:diamond"
        },
        {
            "item": "minecraft:quartz"
        },
        {
            "item": "minecraft:gold_block"
        },
        {
            "item": "minecraft:quartz"
        },
        {
            "item": "minecraft:diamond"
        },
        {
            "item": "minecraft:quartz"
        },
        {
            "item": "minecraft:diamond"
        }
    ],
    "result": {
        "item": "minecraft:nether_star",
        "count": 1
    },
    "group": "stuff"
}