﻿{
    "type": "crafting_shapeless",
    "ingredients": [
        {
            "item": "minecraft:gold_block"
        },
        {
            "item": "minecraft:gold_block"
        },
        {
            "item": "minecraft:gold_block"
        },
        {
            "item": "minecraft:gold_block"
        },
        {
            "item": "minecraft:golden_apple"
        },
        {
            "item": "minecraft:gold_block"
        },
        {
            "item": "minecraft:gold_block"
        },
        {
            "item": "minecraft:enchanting_table"
        },
        {
            "item": "minecraft:gold_block"
        }
    ],
    "result": {
        "item": "minecraft:enchanted_golden_apple",
        "count": 1
    },
    "group": "stuff"
}