﻿{
    "type": "crafting_shapeless",
    "ingredients": [
        {
            "item": "minecraft:bone_meal"
        },
        {
            "item": "minecraft:bone_meal"
        },
        {
            "item": "minecraft:bone_meal"
        },
        {
            "item": "minecraft:bone_meal"
        },
        {
            "item": "minecraft:wheat_seeds"
        },
        {
            "item": "minecraft:bone_meal"
        },
        {
            "item": "minecraft:bone_meal"
        },
        {
            "item": "minecraft:bone_meal"
        },
        {
            "item": "minecraft:bone_meal"
        }
    ],
    "result": {
        "item": "minecraft:pumpkin_seeds",
        "count": 1
    },
    "group": "stuff"
}