﻿{
    "type": "crafting_shapeless",
    "ingredients": [
        {
            "item": "minecraft:stick"
        },
        {
            "item": "minecraft:oak_sapling"
        },
        {
            "item": "minecraft:stick"
        },
        {
            "item": "minecraft:stick"
        },
        {
            "item": "minecraft:oak_sapling"
        },
        {
            "item": "minecraft:stick"
        },
        {
            "item": "minecraft:stick"
        },
        {
            "item": "minecraft:oak_sapling"
        },
        {
            "item": "minecraft:stick"
        }
    ],
    "result": {
        "item": "minecraft:sugar_cane",
        "count": 1
    },
    "group": "stuff"
}