{
  "custom:root": {
    "criteria": {
      "start": "2018-03-09 19:25:41 +0100"
    },
    "done": true
  },
  "custom:hint/chest": {
    "criteria": {
      "impossible": "2018-03-10 20:38:36 +0100"
    },
    "done": true
  },
  "custom:objective/hut": {
    "criteria": {
      "impossible": "2018-03-10 20:16:09 +0100"
    },
    "done": true
  },
  "custom:objective/witch": {
    "criteria": {
      "impossible": "2018-03-10 20:22:07 +0100"
    },
    "done": true
  },
  "custom:hint/chest2": {
    "criteria": {
      "impossible": "2018-03-10 20:27:50 +0100"
    },
    "done": true
  },
  "custom:objective/cave": {
    "criteria": {
      "impossible": "2018-03-24 21:06:40 +0100"
    },
    "done": true
  },
  "custom:hint/water": {
    "criteria": {
      "impossible": "2018-03-10 20:20:33 +0100"
    },
    "done": true
  },
  "custom:objective/enter": {
    "criteria": {
      "impossible": "2018-03-10 20:20:52 +0100"
    },
    "done": true
  },
  "custom:hint/door": {
    "criteria": {
      "impossible": "2018-03-19 20:56:40 +0100"
    },
    "done": true
  }
}