{"stats":{"minecraft:picked_up":{"minecraft:diamond_sword":3,"minecraft:carrot_on_a_stick":2,"minecraft:gold_nugget":8,"minecraft:ender_pearl":12},"minecraft:used":{"minecraft:diamond_sword":5,"minecraft:carrot_on_a_stick":2,"minecraft:ender_pearl":9},"minecraft:custom":{"minecraft:time_since_rest":25954,"minecraft:play_one_minute":25954,"minecraft:crouch_one_cm":289,"minecraft:sprint_one_cm":77571,"minecraft:open_enderchest":6,"minecraft:damage_taken":0,"minecraft:walk_one_cm":115432,"minecraft:sneak_time":88,"minecraft:mob_kills":4,"minecraft:damage_dealt_resisted":1301,"minecraft:jump":1160,"minecraft:damage_dealt":0,"minecraft:time_since_death":25954,"minecraft:damage_resisted":41057,"minecraft:damage_dealt_absorbed":613,"minecraft:fall_one_cm":5240,"minecraft:fly_one_cm":506587},"minecraft:broken":{"minecraft:diamond_sword":2}},"DataVersion":1631}