{"stats":{"minecraft:picked_up":{"minecraft:iron_chestplate":2,"minecraft:music_disc_strad":2,"minecraft:barrier":2,"minecraft:golden_hoe":2,"minecraft:blaze_powder":1},"minecraft:custom":{"minecraft:jump":246,"minecraft:time_since_rest":11165,"minecraft:leave_game":1,"minecraft:damage_dealt":0,"minecraft:play_one_minute":11165,"minecraft:damage_taken":0,"minecraft:sprint_one_cm":49817,"minecraft:open_enderchest":4,"minecraft:time_since_death":11165,"minecraft:walk_one_cm":65341,"minecraft:damage_resisted":2401,"minecraft:damage_dealt_absorbed":120,"minecraft:fall_one_cm":1794,"minecraft:fly_one_cm":110050}},"DataVersion":1631}