{"stats":{"minecraft:dropped":{"minecraft:diamond_sword":11,"minecraft:packed_ice":1,"minecraft:ice":1,"minecraft:blaze_rod":1,"minecraft:blue_ice":1},"minecraft:picked_up":{"minecraft:music_disc_13":1,"minecraft:diamond_sword":18},"minecraft:used":{"minecraft:packed_ice":58,"minecraft:jack_o_lantern":11,"minecraft:piston":7,"minecraft:cyan_terracotta":484,"minecraft:sea_lantern":1,"minecraft:black_concrete":23,"minecraft:black_wool":21,"minecraft:bricks":133,"minecraft:command_block":5,"minecraft:red_wool":26,"minecraft:iron_block":23,"minecraft:polished_andesite":682,"minecraft:barrier":29,"minecraft:blue_wool":46,"minecraft:stone":84,"minecraft:smooth_quartz":39,"minecraft:clay":1,"minecraft:beacon":55,"minecraft:quartz_stairs":12,"minecraft:stone_brick_stairs":148,"minecraft:stone_bricks":456,"minecraft:diamond_sword":14,"minecraft:iron_trapdoor":26,"minecraft:cobblestone_wall":9,"minecraft:light_gray_terracotta":8,"minecraft:yellow_concrete":56,"minecraft:blue_ice":30,"minecraft:ice":25,"minecraft:gray_concrete":145,"minecraft:music_disc_13":1,"minecraft:gray_wool":14,"minecraft:blue_concrete":133,"minecraft:light_blue_stained_glass":112,"minecraft:smooth_stone":120,"minecraft:jukebox":1},"minecraft:custom":{"minecraft:time_since_rest":215066,"minecraft:sprint_one_cm":163842,"minecraft:damage_taken":200,"minecraft:walk_one_cm":124581,"minecraft:mob_kills":8,"minecraft:drop":15,"minecraft:damage_dealt":0,"minecraft:play_record":1,"minecraft:interact_with_beacon":1,"minecraft:fly_one_cm":2413259,"minecraft:play_one_minute":215066,"minecraft:crouch_one_cm":11408,"minecraft:sneak_time":6417,"minecraft:jump":1958,"minecraft:damage_dealt_resisted":1152,"minecraft:leave_game":9,"minecraft:time_since_death":215066,"minecraft:damage_resisted":2927,"minecraft:fall_one_cm":28380},"minecraft:broken":{"minecraft:diamond_sword":5}},"DataVersion":1631}