{"stats":{"minecraft:used":{"minecraft:light_blue_stained_glass_pane":2,"minecraft:end_rod":15,"minecraft:iron_bars":89,"minecraft:snow_block":96,"minecraft:orange_concrete":2,"minecraft:light_gray_stained_glass_pane":2,"minecraft:red_stained_glass":77,"minecraft:red_concrete":129,"minecraft:acacia_trapdoor":4,"minecraft:polished_andesite":1665,"minecraft:carrot_on_a_stick":3,"minecraft:black_carpet":22,"minecraft:light_blue_terracotta":13,"minecraft:ender_pearl":16,"minecraft:stone":85,"minecraft:redstone_block":3,"minecraft:cauldron":2,"minecraft:clay":1183,"minecraft:quartz_stairs":137,"minecraft:red_glazed_terracotta":67,"minecraft:spruce_fence_gate":3,"minecraft:player_head":5,"minecraft:debug_stick":217,"minecraft:torch":1,"minecraft:dark_oak_trapdoor":11,"minecraft:diamond_block":94,"minecraft:white_carpet":14,"minecraft:light_blue_concrete":529,"minecraft:prismarine_bricks":1,"minecraft:spruce_stairs":9,"minecraft:cobblestone_wall":4,"minecraft:yellow_stained_glass_pane":9,"minecraft:yellow_concrete":180,"minecraft:blue_ice":279,"minecraft:yellow_carpet":2,"minecraft:chiseled_quartz_block":2,"minecraft:acacia_button":2,"minecraft:gray_concrete":569,"minecraft:light_blue_stained_glass":699,"minecraft:black_wool":10,"minecraft:black_concrete":1324,"minecraft:glass":3,"minecraft:dark_prismarine":58,"minecraft:lever":2,"minecraft:packed_ice":6,"minecraft:sea_lantern":100,"minecraft:cyan_terracotta":538,"minecraft:light_gray_stained_glass":81,"minecraft:red_wool":82,"minecraft:quartz_pillar":48,"minecraft:acacia_door":2,"minecraft:light_gray_concrete":169,"minecraft:gray_stained_glass_pane":4,"minecraft:command_block":1,"minecraft:quartz_slab":42,"minecraft:black_stained_glass_pane":365,"minecraft:spruce_button":1,"minecraft:barrier":263,"minecraft:string":1,"minecraft:stone_button":78,"minecraft:quartz_block":4,"minecraft:sign":15,"minecraft:stone_slab":2342,"minecraft:spruce_trapdoor":60,"minecraft:smooth_quartz":9,"minecraft:iron_door":4,"minecraft:stone_brick_stairs":12,"minecraft:tripwire_hook":14,"minecraft:purple_concrete":24,"minecraft:glowstone":6,"minecraft:birch_trapdoor":3,"minecraft:red_carpet":6,"minecraft:diamond_sword":18,"minecraft:coal_block":18,"minecraft:red_stained_glass_pane":7,"minecraft:snow":25,"minecraft:iron_trapdoor":166,"minecraft:white_stained_glass_pane":73,"minecraft:white_stained_glass":1642,"minecraft:andesite":263,"minecraft:pink_stained_glass":2,"minecraft:gold_block":1,"minecraft:ice":162,"minecraft:white_concrete":578,"minecraft:smooth_stone":3441},"minecraft:custom":{"minecraft:mob_kills":25,"minecraft:play_one_minute":663174,"minecraft:damage_dealt_resisted":15685,"minecraft:leave_game":22,"minecraft:time_since_death":662671,"minecraft:damage_resisted":43336,"minecraft:time_since_rest":663174,"minecraft:open_enderchest":20,"minecraft:sprint_one_cm":727677,"minecraft:damage_taken":36,"minecraft:walk_one_cm":635170,"minecraft:drop":177,"minecraft:damage_dealt":70,"minecraft:damage_dealt_absorbed":1076,"minecraft:fly_one_cm":6683792,"minecraft:crouch_one_cm":20290,"minecraft:sneak_time":26500,"minecraft:jump":4320,"minecraft:fall_one_cm":33036},"minecraft:broken":{"minecraft:diamond_sword":5},"minecraft:killed":{"minecraft:chicken":1},"minecraft:picked_up":{"minecraft:leather_chestplate":3,"minecraft:firework_star":2,"minecraft:carrot_on_a_stick":3,"minecraft:diamond_sword":11,"minecraft:ice":1,"minecraft:gold_nugget":6,"minecraft:polished_andesite":1,"minecraft:nether_star":2,"minecraft:ender_pearl":8},"minecraft:dropped":{"minecraft:clay":3,"minecraft:barrier":1,"minecraft:carrot_on_a_stick":1,"minecraft:firework_star":2,"minecraft:diamond_sword":2,"minecraft:leather_chestplate":165,"minecraft:black_stained_glass_pane":2,"minecraft:white_stained_glass_pane":1}},"DataVersion":1631}