{"stats":{"minecraft:picked_up":{"minecraft:carrot_on_a_stick":1},"minecraft:custom":{"minecraft:jump":1118,"minecraft:time_since_rest":150024,"minecraft:damage_dealt":0,"minecraft:play_one_minute":150024,"minecraft:crouch_one_cm":16205,"minecraft:leave_game":4,"minecraft:sprint_one_cm":355883,"minecraft:damage_taken":0,"minecraft:time_since_death":150024,"minecraft:walk_one_cm":173392,"minecraft:sneak_time":4049,"minecraft:damage_resisted":6716,"minecraft:mob_kills":13,"minecraft:fall_one_cm":9631,"minecraft:fly_one_cm":517328,"minecraft:damage_dealt_resisted":2166},"minecraft:used":{"minecraft:carrot_on_a_stick":1}},"DataVersion":1631}