{"stats":{"minecraft:custom":{"minecraft:time_since_rest":132737,"minecraft:crouch_one_cm":496,"minecraft:play_one_minute":132737,"minecraft:sprint_one_cm":218563,"minecraft:open_enderchest":23,"minecraft:walk_one_cm":240121,"minecraft:sneak_time":323,"minecraft:mob_kills":15,"minecraft:drop":33,"minecraft:damage_dealt_resisted":1597,"minecraft:jump":1967,"minecraft:damage_dealt":0,"minecraft:leave_game":3,"minecraft:time_since_death":132737,"minecraft:damage_resisted":1225,"minecraft:damage_dealt_absorbed":1868,"minecraft:fall_one_cm":25630,"minecraft:fly_one_cm":712370},"minecraft:dropped":{"minecraft:stick":33},"minecraft:broken":{"minecraft:diamond_sword":5},"minecraft:used":{"minecraft:cyan_terracotta":1,"minecraft:diamond_sword":30,"minecraft:carrot_on_a_stick":4,"minecraft:ender_pearl":4,"minecraft:stone":1},"minecraft:picked_up":{"minecraft:stick":33,"minecraft:carrot_on_a_stick":6,"minecraft:gold_nugget":9,"minecraft:diamond_sword":7,"minecraft:ender_pearl":6}},"DataVersion":1631}