{"stats":{"minecraft:used":{"minecraft:diamond_sword":8,"minecraft:carrot_on_a_stick":4,"minecraft:ender_pearl":8,"minecraft:iron_sword":59},"minecraft:custom":{"minecraft:time_since_rest":2419,"minecraft:crouch_one_cm":519,"minecraft:play_one_minute":50344,"minecraft:deaths":3,"minecraft:sprint_one_cm":224561,"minecraft:open_enderchest":23,"minecraft:damage_taken":330,"minecraft:walk_one_cm":202258,"minecraft:sneak_time":175,"minecraft:mob_kills":5,"minecraft:drop":2,"minecraft:damage_dealt_resisted":4267,"minecraft:jump":1301,"minecraft:damage_dealt":9,"minecraft:leave_game":2,"minecraft:time_since_death":2393,"minecraft:damage_resisted":52894,"minecraft:damage_dealt_absorbed":1830,"minecraft:fall_one_cm":11101,"minecraft:fly_one_cm":682575},"minecraft:broken":{"minecraft:diamond_sword":4},"minecraft:picked_up":{"minecraft:stick":1,"minecraft:leather_chestplate":6,"minecraft:carrot_on_a_stick":6,"minecraft:gold_nugget":10,"minecraft:diamond_sword":4,"minecraft:ender_pearl":10},"minecraft:dropped":{"minecraft:carrot_on_a_stick":1,"minecraft:stick":1}},"DataVersion":1631}