{"stats":{"minecraft:custom":{"minecraft:time_since_rest":53368,"minecraft:crouch_one_cm":211,"minecraft:play_one_minute":53368,"minecraft:sprint_one_cm":313305,"minecraft:open_enderchest":21,"minecraft:damage_taken":0,"minecraft:walk_one_cm":224479,"minecraft:sneak_time":52,"minecraft:mob_kills":9,"minecraft:drop":691,"minecraft:damage_dealt_resisted":318,"minecraft:jump":1729,"minecraft:damage_dealt":0,"minecraft:leave_game":2,"minecraft:time_since_death":53368,"minecraft:damage_resisted":16239,"minecraft:damage_dealt_absorbed":1173,"minecraft:fall_one_cm":11743,"minecraft:fly_one_cm":832331},"minecraft:dropped":{"minecraft:barrier":2,"minecraft:music_disc_strad":10,"minecraft:potato":665,"minecraft:golden_hoe":4,"minecraft:blaze_powder":4,"minecraft:iron_chestplate":6},"minecraft:broken":{"minecraft:diamond_sword":3},"minecraft:used":{"minecraft:diamond_sword":6,"minecraft:carrot_on_a_stick":3,"minecraft:ender_pearl":1},"minecraft:picked_up":{"minecraft:carrot_on_a_stick":3,"minecraft:gold_nugget":2,"minecraft:diamond_sword":3,"minecraft:potato":665,"minecraft:ender_pearl":4}},"DataVersion":1631}