{"stats":{"minecraft:picked_up":{"minecraft:polished_andesite":2,"minecraft:stone":2},"minecraft:used":{"minecraft:polished_andesite":1,"minecraft:cyan_terracotta":184},"minecraft:custom":{"minecraft:jump":212,"minecraft:time_since_rest":16679,"minecraft:damage_dealt":0,"minecraft:crouch_one_cm":339,"minecraft:play_one_minute":16679,"minecraft:leave_game":2,"minecraft:sprint_one_cm":41348,"minecraft:time_since_death":16679,"minecraft:walk_one_cm":36636,"minecraft:interact_with_beacon":2,"minecraft:sneak_time":292,"minecraft:damage_resisted":106,"minecraft:mob_kills":1,"minecraft:fall_one_cm":2306,"minecraft:drop":6,"minecraft:fly_one_cm":253868,"minecraft:damage_dealt_resisted":276},"minecraft:dropped":{"minecraft:cyan_terracotta":1,"minecraft:stone":3,"minecraft:polished_andesite":2}},"DataVersion":1631}