{"stats":{"minecraft:dropped":{"minecraft:music_disc_strad":2,"minecraft:iron_chestplate":2,"minecraft:stick":1},"minecraft:custom":{"minecraft:time_since_rest":128200,"minecraft:crouch_one_cm":13975,"minecraft:play_one_minute":128200,"minecraft:open_enderchest":10,"minecraft:sprint_one_cm":465425,"minecraft:damage_taken":0,"minecraft:walk_one_cm":364709,"minecraft:sneak_time":4560,"minecraft:mob_kills":33,"minecraft:drop":5,"minecraft:damage_dealt_resisted":12911,"minecraft:jump":2990,"minecraft:damage_dealt":0,"minecraft:leave_game":7,"minecraft:time_since_death":128200,"minecraft:damage_resisted":58542,"minecraft:damage_dealt_absorbed":787,"minecraft:fall_one_cm":16980,"minecraft:fly_one_cm":1341689},"minecraft:broken":{"minecraft:diamond_sword":8},"minecraft:picked_up":{"minecraft:stick":1,"minecraft:stone":1,"minecraft:carrot_on_a_stick":7,"minecraft:gold_nugget":15,"minecraft:diamond_sword":14,"minecraft:ice":2,"minecraft:cyan_terracotta":1,"minecraft:ender_pearl":10,"minecraft:egg":1},"minecraft:used":{"minecraft:sea_lantern":4,"minecraft:cyan_terracotta":100,"minecraft:diamond_sword":17,"minecraft:quartz_pillar":9,"minecraft:andesite":202,"minecraft:carrot_on_a_stick":7,"minecraft:white_stained_glass":18,"minecraft:blue_ice":14,"minecraft:ender_pearl":9,"minecraft:stone_slab":1,"minecraft:gray_concrete":6,"minecraft:smooth_quartz":4,"minecraft:quartz_stairs":5,"minecraft:player_head":1}},"DataVersion":1631}