{"stats":{"minecraft:custom":{"minecraft:jump":637,"minecraft:time_since_rest":18229,"minecraft:crouch_one_cm":456,"minecraft:damage_dealt":0,"minecraft:play_one_minute":18229,"minecraft:leave_game":1,"minecraft:sprint_one_cm":89482,"minecraft:damage_taken":0,"minecraft:time_since_death":18229,"minecraft:walk_one_cm":79008,"minecraft:sneak_time":198,"minecraft:damage_resisted":6168,"minecraft:mob_kills":2,"minecraft:fall_one_cm":1045,"minecraft:fly_one_cm":348735,"minecraft:damage_dealt_resisted":4643}},"DataVersion":1631}