{"stats":{"minecraft:used":{"minecraft:diamond_sword":12,"minecraft:carrot_on_a_stick":4,"minecraft:ender_pearl":4},"minecraft:custom":{"minecraft:time_since_rest":36251,"minecraft:play_one_minute":36251,"minecraft:crouch_one_cm":1312,"minecraft:sprint_one_cm":112922,"minecraft:open_enderchest":13,"minecraft:damage_taken":0,"minecraft:walk_one_cm":122324,"minecraft:sneak_time":175,"minecraft:mob_kills":8,"minecraft:damage_dealt_resisted":202,"minecraft:jump":947,"minecraft:damage_dealt":0,"minecraft:leave_game":1,"minecraft:time_since_death":36251,"minecraft:damage_resisted":22192,"minecraft:damage_dealt_absorbed":801,"minecraft:fall_one_cm":6338,"minecraft:fly_one_cm":398601},"minecraft:broken":{"minecraft:diamond_sword":6},"minecraft:picked_up":{"minecraft:carrot_on_a_stick":4,"minecraft:diamond_sword":6,"minecraft:gold_nugget":8,"minecraft:ender_pearl":4}},"DataVersion":1631}