{"stats":{"minecraft:custom":{"minecraft:jump":251,"minecraft:time_since_rest":13484,"minecraft:damage_dealt":0,"minecraft:crouch_one_cm":1216,"minecraft:play_one_minute":13484,"minecraft:leave_game":1,"minecraft:sprint_one_cm":77495,"minecraft:damage_taken":0,"minecraft:time_since_death":13484,"minecraft:walk_one_cm":32482,"minecraft:sneak_time":470,"minecraft:damage_resisted":6421,"minecraft:fall_one_cm":1463,"minecraft:fly_one_cm":503137,"minecraft:damage_dealt_resisted":885}},"DataVersion":1631}