{"stats":{"minecraft:custom":{"minecraft:jump":248,"minecraft:time_since_rest":22213,"minecraft:crouch_one_cm":838,"minecraft:damage_dealt":0,"minecraft:play_one_minute":22213,"minecraft:leave_game":1,"minecraft:sprint_one_cm":114589,"minecraft:open_enderchest":3,"minecraft:time_since_death":22213,"minecraft:walk_one_cm":70120,"minecraft:sneak_time":598,"minecraft:damage_resisted":370,"minecraft:mob_kills":7,"minecraft:damage_dealt_absorbed":1053,"minecraft:fall_one_cm":911,"minecraft:fly_one_cm":252354,"minecraft:damage_dealt_resisted":53},"minecraft:used":{"minecraft:carrot_on_a_stick":4,"minecraft:iron_sword":15},"minecraft:picked_up":{"minecraft:carrot_on_a_stick":4,"minecraft:gold_nugget":7}},"DataVersion":1631}