{"stats":{"minecraft:used":{"minecraft:diamond_sword":8,"minecraft:carrot_on_a_stick":1,"minecraft:ender_pearl":2},"minecraft:custom":{"minecraft:time_since_rest":133289,"minecraft:sprint_one_cm":495228,"minecraft:open_enderchest":80,"minecraft:damage_taken":0,"minecraft:walk_one_cm":322238,"minecraft:sneak_time":377,"minecraft:mob_kills":18,"minecraft:drop":23,"minecraft:jump":3151,"minecraft:damage_dealt":71,"minecraft:leave_game":4,"minecraft:time_since_death":133289,"minecraft:damage_resisted":74208,"minecraft:damage_dealt_absorbed":1545,"minecraft:play_one_minute":133289,"minecraft:fly_one_cm":1476800,"minecraft:fall_one_cm":45244,"minecraft:player_kills":1,"minecraft:crouch_one_cm":940},"minecraft:broken":{"minecraft:diamond_sword":4},"minecraft:killed":{"minecraft:chicken":1},"minecraft:picked_up":{"minecraft:iron_chestplate":1,"minecraft:stick":1,"minecraft:firework_star":2,"minecraft:barrier":4,"minecraft:leather_chestplate":35,"minecraft:carrot_on_a_stick":2,"minecraft:gold_nugget":11,"minecraft:diamond_sword":4,"minecraft:potato":1,"minecraft:ender_pearl":2},"minecraft:dropped":{"minecraft:gold_nugget":6,"minecraft:barrier":6,"minecraft:music_disc_strad":2,"minecraft:firework_star":1,"minecraft:golden_hoe":2,"minecraft:blaze_powder":1,"minecraft:iron_chestplate":3,"minecraft:carrot_on_a_stick":1,"minecraft:stick":1}},"DataVersion":1631}