{"stats":{"minecraft:picked_up":{"minecraft:carrot_on_a_stick":1,"minecraft:ender_pearl":2},"minecraft:custom":{"minecraft:jump":473,"minecraft:time_since_rest":27025,"minecraft:crouch_one_cm":216,"minecraft:damage_dealt":0,"minecraft:play_one_minute":27025,"minecraft:leave_game":1,"minecraft:open_enderchest":1,"minecraft:sprint_one_cm":199373,"minecraft:damage_taken":0,"minecraft:time_since_death":27025,"minecraft:walk_one_cm":123169,"minecraft:sneak_time":97,"minecraft:damage_resisted":8964,"minecraft:mob_kills":3,"minecraft:damage_dealt_absorbed":525,"minecraft:fall_one_cm":7073,"minecraft:fly_one_cm":288586,"minecraft:damage_dealt_resisted":202},"minecraft:used":{"minecraft:carrot_on_a_stick":1}},"DataVersion":1631}