{"stats":{"minecraft:picked_up":{"minecraft:diamond_sword":1},"minecraft:broken":{"minecraft:diamond_sword":1},"minecraft:custom":{"minecraft:jump":1770,"minecraft:time_since_rest":37769,"minecraft:crouch_one_cm":430,"minecraft:damage_dealt":0,"minecraft:play_one_minute":37769,"minecraft:leave_game":1,"minecraft:sprint_one_cm":160875,"minecraft:damage_taken":0,"minecraft:time_since_death":37769,"minecraft:walk_one_cm":64335,"minecraft:sneak_time":159,"minecraft:damage_resisted":18628,"minecraft:mob_kills":6,"minecraft:fall_one_cm":22363,"minecraft:fly_one_cm":1151085,"minecraft:damage_dealt_resisted":7591},"minecraft:used":{"minecraft:diamond_sword":2}},"DataVersion":1631}