{"stats":{"minecraft:picked_up":{"minecraft:diamond_sword":3},"minecraft:broken":{"minecraft:diamond_sword":3},"minecraft:custom":{"minecraft:jump":1566,"minecraft:time_since_rest":31403,"minecraft:damage_dealt":0,"minecraft:crouch_one_cm":314,"minecraft:play_one_minute":31403,"minecraft:leave_game":1,"minecraft:sprint_one_cm":80286,"minecraft:damage_taken":0,"minecraft:time_since_death":31403,"minecraft:walk_one_cm":140445,"minecraft:sneak_time":136,"minecraft:damage_resisted":43010,"minecraft:mob_kills":19,"minecraft:fall_one_cm":3898,"minecraft:fly_one_cm":722288,"minecraft:damage_dealt_resisted":20675},"minecraft:used":{"minecraft:diamond_sword":6}},"DataVersion":1631}