{"stats":{"minecraft:custom":{"minecraft:mob_kills":406,"minecraft:play_one_minute":3742616,"minecraft:damage_dealt_resisted":164068,"minecraft:leave_game":83,"minecraft:time_since_death":480775,"minecraft:climb_one_cm":1819,"minecraft:damage_resisted":202412,"minecraft:damage_taken":717,"minecraft:time_since_rest":480803,"minecraft:open_enderchest":842,"minecraft:sprint_one_cm":3364085,"minecraft:walk_one_cm":2715542,"minecraft:drop":348,"minecraft:damage_dealt":61,"minecraft:interact_with_beacon":7,"minecraft:damage_dealt_absorbed":12848,"minecraft:fly_one_cm":13863560,"minecraft:crouch_one_cm":13726,"minecraft:deaths":6,"minecraft:sneak_time":9490,"minecraft:jump":19625,"minecraft:fall_one_cm":214498},"minecraft:dropped":{"minecraft:iron_ingot":1,"minecraft:iron_sword":8,"minecraft:red_concrete_powder":64,"minecraft:music_disc_chirp":2,"minecraft:ender_chest":3,"minecraft:nether_star":1,"minecraft:blue_wool":2,"minecraft:stone_shovel":17,"minecraft:feather":3,"minecraft:barrier":7,"minecraft:blaze_powder":8,"minecraft:music_disc_far":1,"minecraft:command_block":11,"minecraft:light_blue_concrete_powder":64,"minecraft:debug_stick":1,"minecraft:spruce_fence":64,"minecraft:totem_of_undying":2,"minecraft:oak_sign":22,"minecraft:stick":193,"minecraft:polished_andesite":3,"minecraft:gold_block":3,"minecraft:cyan_terracotta":6,"minecraft:firework_star":2,"minecraft:diamond_sword":4,"minecraft:leather_chestplate":2,"minecraft:gray_concrete":3,"minecraft:potato":15,"minecraft:stone":2,"minecraft:packed_ice":4,"minecraft:ice":2,"minecraft:stone_button":65,"minecraft:iron_chestplate":4,"minecraft:wooden_axe":1,"minecraft:music_disc_strad":5,"minecraft:gold_nugget":2,"minecraft:golden_hoe":3,"minecraft:smooth_stone":6,"minecraft:stone_brick_stairs":1,"minecraft:light_gray_concrete_powder":64,"minecraft:music_disc_cat":1,"minecraft:black_wool":1,"minecraft:quartz_slab":1,"minecraft:redstone":2,"minecraft:egg":2},"minecraft:broken":{"minecraft:diamond_sword":37},"minecraft:killed_by":{"minecraft:player":1},"minecraft:killed":{"minecraft:chicken":1},"minecraft:picked_up":{"minecraft:barrier":3,"minecraft:iron_chestplate":1,"minecraft:music_disc_strad":1,"minecraft:leather_chestplate":64,"minecraft:firework_star":6,"minecraft:feather":4,"minecraft:ender_chest":3,"minecraft:carrot_on_a_stick":68,"minecraft:diamond_sword":84,"minecraft:potato":15,"minecraft:ice":25,"minecraft:music_disc_cat":1,"minecraft:quartz_slab":1,"minecraft:gold_nugget":206,"minecraft:iron_ingot":969,"minecraft:music_disc_far":1,"minecraft:iron_sword":8,"minecraft:egg":4,"minecraft:debug_stick":1,"minecraft:stick":158,"minecraft:stone":1,"minecraft:redstone":2,"minecraft:polished_andesite":1,"minecraft:command_block":9,"minecraft:stone_shovel":17,"minecraft:diamond":964,"minecraft:golden_hoe":1,"minecraft:cyan_terracotta":3,"minecraft:gold_ingot":934,"minecraft:totem_of_undying":2,"minecraft:blaze_powder":5,"minecraft:nether_star":26,"minecraft:ender_pearl":78},"minecraft:used":{"minecraft:oak_fence":11,"minecraft:iron_bars":40,"minecraft:snow_block":2,"minecraft:armor_stand":62,"minecraft:polished_andesite":24,"minecraft:stone_shovel":107,"minecraft:carrot_on_a_stick":391,"minecraft:ladder":17,"minecraft:oak_sign":179,"minecraft:blue_wool":125,"minecraft:black_carpet":3,"minecraft:ender_pearl":47,"minecraft:ender_chest":13,"minecraft:stone":7,"minecraft:iron_sword":147,"minecraft:clay":1,"minecraft:quartz_stairs":14,"minecraft:player_head":22,"minecraft:debug_stick":81,"minecraft:golden_hoe":9,"minecraft:light_gray_concrete_powder":1,"minecraft:blue_ice":7,"minecraft:yellow_carpet":2,"minecraft:gray_concrete":62,"minecraft:spruce_fence":1,"minecraft:black_wool":44,"minecraft:black_concrete":2,"minecraft:lever":1,"minecraft:packed_ice":86,"minecraft:sea_lantern":78,"minecraft:cyan_terracotta":70,"minecraft:red_wool":113,"minecraft:quartz_pillar":6,"minecraft:command_block":64,"minecraft:quartz_slab":19,"minecraft:light_gray_concrete":5,"minecraft:barrier":109,"minecraft:stone_button":7,"minecraft:quartz_block":1,"minecraft:stone_brick_stairs":4,"minecraft:stone_bricks":1,"minecraft:repeater":4,"minecraft:wooden_sword":20,"minecraft:diamond_sword":526,"minecraft:light_blue_concrete_powder":1,"minecraft:snow":38,"minecraft:iron_trapdoor":10,"minecraft:red_concrete_powder":1,"minecraft:white_stained_glass_pane":18,"minecraft:white_stained_glass":30,"minecraft:andesite":3,"minecraft:gold_block":5,"minecraft:ice":50,"minecraft:smooth_stone_slab":10,"minecraft:egg":3,"minecraft:stone_pressure_plate":1,"minecraft:white_concrete":25,"minecraft:gray_wool":16,"minecraft:smooth_stone":134}},"DataVersion":1952}