{"stats":{"minecraft:custom":{"minecraft:jump":399,"minecraft:time_since_rest":32321,"minecraft:damage_dealt":0,"minecraft:crouch_one_cm":443,"minecraft:play_one_minute":32321,"minecraft:leave_game":1,"minecraft:sprint_one_cm":80060,"minecraft:damage_taken":0,"minecraft:time_since_death":32321,"minecraft:walk_one_cm":88124,"minecraft:sneak_time":668,"minecraft:damage_resisted":9976,"minecraft:fall_one_cm":209,"minecraft:fly_one_cm":251014,"minecraft:damage_dealt_resisted":1175}},"DataVersion":1631}