{"stats":{"minecraft:picked_up":{"minecraft:music_disc_strad":1,"minecraft:iron_chestplate":1,"minecraft:barrier":1,"minecraft:gold_nugget":1,"minecraft:carrot_on_a_stick":2,"minecraft:golden_hoe":1,"minecraft:diamond_sword":1,"minecraft:blaze_powder":1,"minecraft:ender_pearl":6},"minecraft:dropped":{"minecraft:gold_nugget":1,"minecraft:potato":1},"minecraft:custom":{"minecraft:time_since_rest":48422,"minecraft:crouch_one_cm":1025,"minecraft:play_one_minute":48422,"minecraft:sprint_one_cm":198357,"minecraft:open_enderchest":17,"minecraft:damage_taken":0,"minecraft:walk_one_cm":166109,"minecraft:sneak_time":171,"minecraft:mob_kills":4,"minecraft:drop":2,"minecraft:damage_dealt_resisted":644,"minecraft:jump":1597,"minecraft:damage_dealt":0,"minecraft:leave_game":2,"minecraft:time_since_death":48422,"minecraft:damage_resisted":35411,"minecraft:damage_dealt_absorbed":429,"minecraft:fall_one_cm":22372,"minecraft:fly_one_cm":606847},"minecraft:used":{"minecraft:carrot_on_a_stick":2,"minecraft:ender_pearl":3}},"DataVersion":1631}