{"stats":{"minecraft:custom":{"minecraft:time_since_rest":1216381,"minecraft:crouch_one_cm":201,"minecraft:play_one_minute":1216381,"minecraft:sprint_one_cm":46134,"minecraft:open_enderchest":5,"minecraft:damage_taken":0,"minecraft:walk_one_cm":110801,"minecraft:sneak_time":150,"minecraft:mob_kills":15,"minecraft:damage_dealt_resisted":14480,"minecraft:jump":366,"minecraft:damage_dealt":40,"minecraft:leave_game":37,"minecraft:time_since_death":1216381,"minecraft:damage_resisted":42267,"minecraft:fall_one_cm":21088,"minecraft:fly_one_cm":355462},"minecraft:killed":{"minecraft:chicken":1},"minecraft:picked_up":{"minecraft:leather_chestplate":1,"minecraft:diamond_sword":2},"minecraft:used":{"minecraft:cyan_terracotta":13,"minecraft:packed_ice":21,"minecraft:diamond_sword":23,"minecraft:quartz_pillar":1,"minecraft:polished_andesite":12,"minecraft:barrier":2,"minecraft:stone_button":1,"minecraft:blue_ice":1,"minecraft:ice":1,"minecraft:white_concrete":1,"minecraft:gray_wool":19}},"DataVersion":1952}