{"stats":{"minecraft:used":{"minecraft:diamond_sword":1,"minecraft:carrot_on_a_stick":3,"minecraft:ender_pearl":1},"minecraft:custom":{"minecraft:time_since_rest":30548,"minecraft:crouch_one_cm":68,"minecraft:play_one_minute":30548,"minecraft:sprint_one_cm":183497,"minecraft:open_enderchest":11,"minecraft:damage_taken":0,"minecraft:walk_one_cm":134894,"minecraft:sneak_time":128,"minecraft:mob_kills":6,"minecraft:drop":8,"minecraft:damage_dealt_resisted":2427,"minecraft:jump":1016,"minecraft:damage_dealt":7,"minecraft:leave_game":2,"minecraft:time_since_death":30548,"minecraft:damage_resisted":30150,"minecraft:damage_dealt_absorbed":870,"minecraft:fall_one_cm":8996,"minecraft:fly_one_cm":618578},"minecraft:picked_up":{"minecraft:leather_chestplate":4,"minecraft:gold_nugget":9,"minecraft:carrot_on_a_stick":4,"minecraft:diamond_sword":1,"minecraft:iron_sword":4,"minecraft:ender_pearl":3},"minecraft:dropped":{"minecraft:iron_sword":3,"minecraft:leather_chestplate":4,"minecraft:ender_pearl":1}},"DataVersion":1631}