{"stats":{"minecraft:custom":{"minecraft:jump":444,"minecraft:time_since_rest":19670,"minecraft:crouch_one_cm":874,"minecraft:damage_dealt":0,"minecraft:play_one_minute":19670,"minecraft:leave_game":1,"minecraft:sprint_one_cm":82042,"minecraft:open_enderchest":5,"minecraft:time_since_death":19670,"minecraft:walk_one_cm":117191,"minecraft:sneak_time":575,"minecraft:damage_resisted":617,"minecraft:mob_kills":2,"minecraft:damage_dealt_absorbed":327,"minecraft:fall_one_cm":1256,"minecraft:fly_one_cm":213044,"minecraft:damage_dealt_resisted":100},"minecraft:used":{"minecraft:carrot_on_a_stick":2,"minecraft:ender_pearl":2},"minecraft:picked_up":{"minecraft:carrot_on_a_stick":2,"minecraft:gold_nugget":8,"minecraft:ender_pearl":2}},"DataVersion":1631}