{"stats":{"minecraft:picked_up":{"minecraft:cooked_porkchop":6,"minecraft:stone_bricks":1,"minecraft:string":1},"minecraft:custom":{"minecraft:time_since_rest":23500,"minecraft:open_chest":6,"minecraft:crouch_one_cm":2682,"minecraft:play_one_minute":77570,"minecraft:sprint_one_cm":164014,"minecraft:deaths":34,"minecraft:damage_taken":370,"minecraft:walk_one_cm":290720,"minecraft:sneak_time":1088,"minecraft:walk_under_water_one_cm":1527,"minecraft:jump":581,"minecraft:inspect_hopper":2,"minecraft:leave_game":2,"minecraft:walk_on_water_one_cm":1276,"minecraft:time_since_death":23476,"minecraft:climb_one_cm":5063,"minecraft:swim_one_cm":6450,"minecraft:fall_one_cm":8854,"minecraft:fly_one_cm":154602},"minecraft:used":{"minecraft:stone_bricks":168,"minecraft:cooked_porkchop":2,"minecraft:string":264}},"DataVersion":1631}