{"stats":{"minecraft:mined":{"minecraft:redstone_torch":1,"minecraft:spruce_button":1},"minecraft:used":{"minecraft:redstone_torch":46,"minecraft:sticky_piston":4,"minecraft:glass":8,"minecraft:dark_oak_stairs":81,"minecraft:mossy_stone_bricks":160,"minecraft:water_bucket":45,"minecraft:sea_lantern":45,"minecraft:iron_bars":71,"minecraft:cobblestone_stairs":4,"minecraft:bookshelf":26,"minecraft:dark_oak_log":114,"minecraft:command_block":2,"minecraft:heavy_weighted_pressure_plate":2,"minecraft:spruce_button":4,"minecraft:redstone":64,"minecraft:spruce_slab":43,"minecraft:gray_carpet":14,"minecraft:polished_andesite":788,"minecraft:stone_button":2,"minecraft:light_gray_carpet":51,"minecraft:sign":11,"minecraft:sandstone":4,"minecraft:stone_slab":310,"minecraft:polished_granite":20,"minecraft:stone":571,"minecraft:dark_oak_slab":90,"minecraft:redstone_block":7,"minecraft:iron_door":41,"minecraft:stone_brick_stairs":665,"minecraft:stone_bricks":184,"minecraft:cracked_stone_bricks":189,"minecraft:chiseled_stone_bricks":1,"minecraft:torch":6,"minecraft:glowstone":86,"minecraft:mossy_cobblestone":91,"minecraft:repeater":25,"minecraft:sand":1,"minecraft:black_stained_glass":324,"minecraft:emerald_block":4,"minecraft:tnt":332,"minecraft:porkchop":2,"minecraft:spruce_stairs":69,"minecraft:cobblestone_wall":21,"minecraft:sandstone_slab":4,"minecraft:andesite":143,"minecraft:glass_pane":75,"minecraft:stone_pressure_plate":5,"minecraft:infested_stone_bricks":397,"minecraft:polished_diorite":58},"minecraft:custom":{"minecraft:time_since_rest":237632,"minecraft:sprint_one_cm":615784,"minecraft:damage_taken":620,"minecraft:walk_one_cm":791822,"minecraft:drop":2,"minecraft:inspect_hopper":5,"minecraft:swim_one_cm":16445,"minecraft:fly_one_cm":5145081,"minecraft:open_chest":8,"minecraft:play_one_minute":588579,"minecraft:crouch_one_cm":11076,"minecraft:deaths":1,"minecraft:sneak_time":12328,"minecraft:walk_under_water_one_cm":25581,"minecraft:jump":3342,"minecraft:leave_game":8,"minecraft:walk_on_water_one_cm":42797,"minecraft:time_since_death":237541,"minecraft:climb_one_cm":3197,"minecraft:fall_one_cm":5744},"minecraft:picked_up":{"minecraft:sandstone":7,"minecraft:repeater":2,"minecraft:redstone":6,"minecraft:heavy_weighted_pressure_plate":1,"minecraft:sign":1,"minecraft:redstone_torch":3,"minecraft:spruce_button":2,"minecraft:light_gray_carpet":21,"minecraft:cobblestone":4},"minecraft:dropped":{"minecraft:redstone_torch":1,"minecraft:redstone":1}},"DataVersion":1631}