{"stats":{"minecraft:used":{"minecraft:oak_fence":3,"minecraft:oak_trapdoor":1,"minecraft:purpur_block":67,"minecraft:nether_brick_fence":38,"minecraft:iron_bars":948,"minecraft:red_sand":77,"minecraft:stone_sword":10,"minecraft:acacia_log":2,"minecraft:melon":4,"minecraft:dispenser":5,"minecraft:red_concrete":79,"minecraft:armor_stand":1,"minecraft:spruce_slab":28,"minecraft:redstone":580,"minecraft:ladder":136,"minecraft:light_gray_carpet":674,"minecraft:spruce_planks":74,"minecraft:chest":54,"minecraft:stone":5019,"minecraft:zombie_spawn_egg":1,"minecraft:wither_skeleton_spawn_egg":1,"minecraft:bubble_coral":5,"minecraft:player_head":31,"minecraft:tube_coral":2,"minecraft:torch":69,"minecraft:orange_stained_glass":25,"minecraft:light_gray_shulker_box":4,"minecraft:chiseled_red_sandstone":48,"minecraft:brewing_stand":2,"minecraft:soul_sand":19,"minecraft:dirt":116,"minecraft:birch_pressure_plate":2,"minecraft:anvil":50,"minecraft:skeleton_spawn_egg":1,"minecraft:white_carpet":73,"minecraft:hopper":51,"minecraft:brick_slab":9,"minecraft:spruce_stairs":74,"minecraft:nether_bricks":426,"minecraft:nether_brick_slab":27,"minecraft:cobblestone_wall":3900,"minecraft:orange_wool":5,"minecraft:allium":3,"minecraft:cod_bucket":1,"minecraft:acacia_sapling":2,"minecraft:acacia_button":7,"minecraft:spruce_fence":42,"minecraft:azure_bluet":2,"minecraft:granite":24,"minecraft:light_blue_stained_glass":75,"minecraft:nether_brick_stairs":74,"minecraft:obsidian":10,"minecraft:milk_bucket":1,"minecraft:polished_diorite":108,"minecraft:fern":5,"minecraft:dark_oak_planks":30,"minecraft:iron_hoe":11,"minecraft:birch_door":1,"minecraft:stone_brick_slab":133,"minecraft:glass":115,"minecraft:sea_lantern":146,"minecraft:lava_bucket":19,"minecraft:stripped_dark_oak_wood":68,"minecraft:bricks":521,"minecraft:bookshelf":255,"minecraft:yellow_stained_glass":7,"minecraft:quartz_slab":63,"minecraft:red_wool":131,"minecraft:grass_block":63,"minecraft:blue_orchid":3,"minecraft:oak_stairs":12,"minecraft:spruce_button":24,"minecraft:green_wool":51,"minecraft:spawner":5,"minecraft:wet_sponge":2,"minecraft:dark_oak_wood":89,"minecraft:dark_oak_slab":1,"minecraft:smooth_quartz":28,"minecraft:dark_oak_button":2,"minecraft:pink_wool":9,"minecraft:magenta_terracotta":54,"minecraft:stone_brick_stairs":344,"minecraft:melon_seeds":4,"minecraft:stone_bricks":26588,"minecraft:blue_banner":2,"minecraft:repeater":119,"minecraft:item_frame":38,"minecraft:golden_sword":38,"minecraft:birch_button":26,"minecraft:bedrock":5,"minecraft:tripwire_hook":45,"minecraft:glowstone":819,"minecraft:redstone_lamp":8,"minecraft:red_carpet":101,"minecraft:emerald_block":2,"minecraft:horn_coral":5,"minecraft:black_stained_glass":61,"minecraft:magenta_wool":13,"minecraft:hay_block":2,"minecraft:iron_trapdoor":10,"minecraft:jungle_button":10,"minecraft:dark_oak_pressure_plate":1,"minecraft:oak_sapling":5,"minecraft:lime_stained_glass":7,"minecraft:beetroot_seeds":2,"minecraft:trapped_chest":1,"minecraft:gold_block":16,"minecraft:skeleton_skull":9,"minecraft:horn_coral_block":1,"minecraft:stone_pressure_plate":61,"minecraft:cooked_beef":1,"minecraft:acacia_planks":3,"minecraft:orange_stained_glass_pane":36,"minecraft:seagrass":30,"minecraft:large_fern":3,"minecraft:lime_glazed_terracotta":1,"minecraft:brain_coral_block":9,"minecraft:light_blue_carpet":57,"minecraft:wheat_seeds":5,"minecraft:water_bucket":687,"minecraft:dark_oak_stairs":12,"minecraft:tube_coral_block":37,"minecraft:diorite":48,"minecraft:mossy_stone_bricks":75,"minecraft:end_stone_bricks":60,"minecraft:end_rod":7,"minecraft:cobblestone_stairs":17,"minecraft:light_blue_glazed_terracotta":1,"minecraft:sandstone_stairs":5,"minecraft:spruce_door":7,"minecraft:birch_planks":60,"minecraft:wither_skeleton_skull":13,"minecraft:gray_carpet":1,"minecraft:polished_andesite":2520,"minecraft:prismarine":38,"minecraft:red_stained_glass":10,"minecraft:yellow_shulker_box":3,"minecraft:acacia_trapdoor":16,"minecraft:lime_wool":8,"minecraft:oak_planks":258,"minecraft:red_nether_bricks":326,"minecraft:blue_wool":8,"minecraft:orange_tulip":2,"minecraft:cactus":177,"minecraft:purple_glazed_terracotta":1,"minecraft:sandstone":2680,"minecraft:jungle_pressure_plate":2,"minecraft:cut_sandstone":190,"minecraft:redstone_block":54,"minecraft:cauldron":51,"minecraft:magenta_stained_glass":9,"minecraft:cracked_stone_bricks":83,"minecraft:gold_ore":60,"minecraft:red_glazed_terracotta":4,"minecraft:oak_leaves":2,"minecraft:brain_coral":7,"minecraft:purpur_pillar":39,"minecraft:mossy_cobblestone":25,"minecraft:yellow_terracotta":215,"minecraft:dark_oak_trapdoor":2,"minecraft:stripped_dark_oak_log":18,"minecraft:purpur_stairs":116,"minecraft:white_wool":4,"minecraft:lime_terracotta":54,"minecraft:golden_apple":3,"minecraft:sand":4272,"minecraft:comparator":9,"minecraft:tnt":43,"minecraft:oak_slab":12,"minecraft:crafting_table":1,"minecraft:light_blue_wool":8,"minecraft:black_banner":4,"minecraft:yellow_concrete":319,"minecraft:acacia_leaves":8,"minecraft:fire_coral":3,"minecraft:painting":84,"minecraft:black_concrete_powder":2,"minecraft:infested_stone_bricks":58,"minecraft:end_stone":137,"minecraft:cake":35,"minecraft:dark_oak_door":3,"minecraft:birch_fence":448,"minecraft:redstone_torch":158,"minecraft:sticky_piston":51,"minecraft:piston":76,"minecraft:lever":148,"minecraft:flower_pot":10,"minecraft:black_wool":41,"minecraft:black_concrete":206,"minecraft:birch_slab":2,"minecraft:command_block":240,"minecraft:acacia_door":1,"minecraft:dark_oak_log":1,"minecraft:map":8,"minecraft:barrier":95,"minecraft:zombie_head":4,"minecraft:brown_stained_glass":7,"minecraft:stone_button":29,"minecraft:string":39,"minecraft:brown_wool":8,"minecraft:oak_button":17,"minecraft:pig_spawn_egg":1,"minecraft:spruce_pressure_plate":2,"minecraft:sign":155,"minecraft:white_glazed_terracotta":4,"minecraft:stone_slab":661,"minecraft:red_terracotta":9,"minecraft:polished_granite":196,"minecraft:purpur_slab":42,"minecraft:cut_red_sandstone":20,"minecraft:iron_door":144,"minecraft:gravel":33,"minecraft:yellow_wool":4654,"minecraft:chiseled_stone_bricks":6,"minecraft:diamond_sword":80,"minecraft:fire_coral_block":16,"minecraft:coal_block":3,"minecraft:cobblestone":32,"minecraft:potion":1,"minecraft:bubble_coral_block":36,"minecraft:andesite":542,"minecraft:stripped_oak_wood":11,"minecraft:white_banner":2,"minecraft:cooked_porkchop":1,"minecraft:stripped_oak_log":25,"minecraft:pink_stained_glass":8,"minecraft:glass_pane":5,"minecraft:white_stained_glass":3,"minecraft:sandstone_slab":40,"minecraft:sea_pickle":3,"minecraft:end_portal_frame":3,"minecraft:mossy_cobblestone_wall":6,"minecraft:white_concrete":234,"minecraft:bone_meal":55,"minecraft:smooth_stone":304,"minecraft:jukebox":1,"minecraft:cobweb":2,"minecraft:birch_stairs":41},"minecraft:custom":{"minecraft:mob_kills":35,"minecraft:inspect_hopper":26,"minecraft:interact_with_crafting_table":2,"minecraft:fill_cauldron":35,"minecraft:open_shulker_box":15,"minecraft:leave_game":71,"minecraft:time_since_death":250537,"minecraft:climb_one_cm":35433,"minecraft:sprint_one_cm":4290989,"minecraft:walk_one_cm":2377049,"minecraft:drop":22,"minecraft:deaths":9,"minecraft:sneak_time":80957,"minecraft:walk_under_water_one_cm":163169,"minecraft:jump":26035,"minecraft:interact_with_brewingstand":13,"minecraft:walk_on_water_one_cm":216218,"minecraft:play_one_minute":3536563,"minecraft:pot_flower":8,"minecraft:time_since_rest":250558,"minecraft:damage_taken":390,"minecraft:damage_dealt":4431,"minecraft:swim_one_cm":317769,"minecraft:fly_one_cm":43333823,"minecraft:open_chest":164,"minecraft:crouch_one_cm":88064,"minecraft:fall_one_cm":5937,"minecraft:inspect_dispenser":3},"minecraft:picked_up":{"minecraft:iron_chestplate":50,"minecraft:ladder":2,"minecraft:diamond_sword":1,"minecraft:stone_slab":1,"minecraft:enchanted_book":1,"minecraft:birch_button":5,"minecraft:stone_brick_stairs":2,"minecraft:acacia_button":16,"minecraft:string":32,"minecraft:white_carpet":13,"minecraft:diamond_leggings":1,"minecraft:redstone_torch":26,"minecraft:player_head":1,"minecraft:poppy":5,"minecraft:melon_slice":100,"minecraft:sugar_cane":11,"minecraft:black_stained_glass":1,"minecraft:stick":33,"minecraft:sandstone":32,"minecraft:end_stone":1,"minecraft:oak_fence":3,"minecraft:torch":3,"minecraft:spruce_stairs":2,"minecraft:stone_button":5,"minecraft:diorite":8,"minecraft:carrot":130,"minecraft:redstone":123,"minecraft:iron_horse_armor":2,"minecraft:stone_pressure_plate":5,"minecraft:arrow":4,"minecraft:cactus":76,"minecraft:command_block":2,"minecraft:rotten_flesh":8,"minecraft:cooked_cod":19,"minecraft:nether_bricks":2240,"minecraft:saddle":1,"minecraft:glowstone":1,"minecraft:bookshelf":2,"minecraft:gold_ingot":5,"minecraft:iron_bars":1,"minecraft:cod":1,"minecraft:rail":2,"minecraft:cobblestone":102,"minecraft:dark_oak_button":1,"minecraft:repeater":29,"minecraft:iron_door":6,"minecraft:tripwire_hook":41,"minecraft:andesite":2,"minecraft:potato":106,"minecraft:jungle_button":4,"minecraft:gunpowder":8,"minecraft:dirt":29,"minecraft:leather_boots":1,"minecraft:sign":3,"minecraft:bone":18,"minecraft:gray_carpet":1,"minecraft:apple":93,"minecraft:stone_bricks":4,"minecraft:bow":1,"minecraft:rabbit_hide":4,"minecraft:iron_ore":3,"minecraft:diamond_helmet":1,"minecraft:rabbit":1,"minecraft:oak_planks":5,"minecraft:dark_oak_stairs":1,"minecraft:cooked_porkchop":3,"minecraft:red_wool":1,"minecraft:gravel":3,"minecraft:sand":305,"minecraft:spider_eye":11,"minecraft:infested_stone_bricks":1,"minecraft:polished_andesite":2,"minecraft:diamond":3,"minecraft:lever":9,"minecraft:light_blue_carpet":2,"minecraft:painting":2,"minecraft:golden_apple":2,"minecraft:bread":168,"minecraft:spruce_button":19,"minecraft:golden_horse_armor":1,"minecraft:emerald":1,"minecraft:oak_button":1,"minecraft:blue_banner":1,"minecraft:baked_potato":13,"minecraft:light_gray_carpet":57},"minecraft:killed":{"minecraft:cave_spider":22,"minecraft:skeleton":2,"minecraft:pig":1,"minecraft:rabbit":4,"minecraft:zombie":3,"minecraft:wither_skeleton":3},"minecraft:dropped":{"minecraft:bookshelf":1,"minecraft:cooked_porkchop":18,"minecraft:command_block":2,"minecraft:spruce_stairs":1,"minecraft:polished_andesite":1,"minecraft:sign":1,"minecraft:torch":1,"minecraft:player_head":1,"minecraft:enchanted_golden_apple":1,"minecraft:stone_slab":1,"minecraft:end_stone":1,"minecraft:cooked_mutton":5,"minecraft:acacia_button":1,"minecraft:glowstone":1,"minecraft:stone_pressure_plate":1,"minecraft:stone_bricks":3,"minecraft:birch_button":1,"minecraft:iron_bars":1},"minecraft:crafted":{"minecraft:leather_leggings":1,"minecraft:leather_boots":1,"minecraft:leather_chestplate":1}},"DataVersion":1631}