{"stats":{"minecraft:dropped":{"minecraft:oak_button":2},"minecraft:picked_up":{"minecraft:cooked_mutton":5,"minecraft:iron_door":2,"minecraft:cooked_porkchop":14,"minecraft:enchanted_golden_apple":1},"minecraft:used":{"minecraft:yellow_wool":1124,"minecraft:cooked_mutton":1,"minecraft:sand":70,"minecraft:yellow_terracotta":204,"minecraft:sandstone_stairs":37,"minecraft:cooked_porkchop":6,"minecraft:polished_andesite":39,"minecraft:cobblestone_wall":2168,"minecraft:sandstone_slab":30,"minecraft:stone_slab":52,"minecraft:sandstone":357,"minecraft:stone":210,"minecraft:iron_door":2,"minecraft:enchanted_golden_apple":1,"minecraft:stone_bricks":3,"minecraft:stone_brick_stairs":27},"minecraft:custom":{"minecraft:time_since_rest":100160,"minecraft:open_chest":44,"minecraft:crouch_one_cm":82836,"minecraft:play_one_minute":401599,"minecraft:sprint_one_cm":196161,"minecraft:open_shulker_box":14,"minecraft:deaths":5,"minecraft:damage_taken":1390,"minecraft:walk_one_cm":441482,"minecraft:sneak_time":25994,"minecraft:walk_under_water_one_cm":6476,"minecraft:drop":2,"minecraft:jump":1557,"minecraft:interact_with_brewingstand":2,"minecraft:inspect_hopper":3,"minecraft:leave_game":3,"minecraft:walk_on_water_one_cm":4508,"minecraft:time_since_death":100105,"minecraft:climb_one_cm":8142,"minecraft:swim_one_cm":26087,"minecraft:fall_one_cm":29605,"minecraft:fly_one_cm":1377564},"minecraft:mined":{"minecraft:red_wool":1}},"DataVersion":1631}