{"stats":{"minecraft:dropped":{"minecraft:nether_bricks":1,"minecraft:stone":9,"minecraft:diorite":2,"minecraft:andesite":8,"minecraft:stone_pressure_plate":2,"minecraft:stone_bricks":19,"minecraft:sand":1,"minecraft:redstone":2},"minecraft:custom":{"minecraft:mob_kills":1,"minecraft:inspect_hopper":31,"minecraft:play_one_minute":486393,"minecraft:leave_game":16,"minecraft:time_since_death":486393,"minecraft:climb_one_cm":4883,"minecraft:time_since_rest":486393,"minecraft:sprint_one_cm":420859,"minecraft:walk_one_cm":477571,"minecraft:drop":44,"minecraft:damage_dealt":20,"minecraft:swim_one_cm":7319,"minecraft:fly_one_cm":3033033,"minecraft:open_chest":6,"minecraft:crouch_one_cm":22279,"minecraft:sneak_time":15779,"minecraft:walk_under_water_one_cm":3403,"minecraft:jump":1103,"minecraft:walk_on_water_one_cm":7800,"minecraft:inspect_dispenser":11},"minecraft:picked_up":{"minecraft:iron_chestplate":10,"minecraft:repeater":1,"minecraft:tripwire_hook":2,"minecraft:iron_door":2,"minecraft:andesite":8,"minecraft:string":2,"minecraft:birch_pressure_plate":1,"minecraft:stone_bricks":18,"minecraft:redstone_torch":1,"minecraft:rabbit":1,"minecraft:stick":10,"minecraft:stone":9,"minecraft:cooked_porkchop":2,"minecraft:oak_pressure_plate":2,"minecraft:sand":1,"minecraft:stone_button":1,"minecraft:diorite":2,"minecraft:redstone":57,"minecraft:stone_pressure_plate":2,"minecraft:arrow":575,"minecraft:nether_bricks":2,"minecraft:lever":1},"minecraft:used":{"minecraft:light_blue_carpet":28,"minecraft:nether_brick_fence":5,"minecraft:diorite":1,"minecraft:iron_bars":9,"minecraft:spruce_slab":7,"minecraft:lime_wool":2,"minecraft:redstone":608,"minecraft:dispenser":4,"minecraft:polished_andesite":10,"minecraft:ladder":1,"minecraft:oak_planks":1,"minecraft:chest":8,"minecraft:stone":35,"minecraft:redstone_block":3,"minecraft:torch":1,"minecraft:sand":12,"minecraft:birch_pressure_plate":2,"minecraft:anvil":3,"minecraft:comparator":24,"minecraft:hopper":18,"minecraft:spruce_stairs":40,"minecraft:yellow_concrete":104,"minecraft:infested_stone_bricks":52,"minecraft:milk_bucket":1,"minecraft:polished_diorite":2,"minecraft:redstone_torch":13,"minecraft:glass":1,"minecraft:lever":1,"minecraft:black_wool":23,"minecraft:black_concrete":331,"minecraft:lava_bucket":6,"minecraft:command_block":110,"minecraft:light_weighted_pressure_plate":9,"minecraft:oak_button":1,"minecraft:string":201,"minecraft:stone_button":6,"minecraft:stone_slab":972,"minecraft:dark_oak_slab":6,"minecraft:smooth_quartz":8,"minecraft:oak_pressure_plate":3,"minecraft:iron_door":28,"minecraft:stone_brick_stairs":63,"minecraft:stone_bricks":1192,"minecraft:yellow_wool":1,"minecraft:birch_button":1,"minecraft:tripwire_hook":64,"minecraft:glowstone":30,"minecraft:repeater":99,"minecraft:redstone_lamp":4,"minecraft:black_stained_glass":26,"minecraft:emerald_block":3,"minecraft:iron_trapdoor":2,"minecraft:andesite":22,"minecraft:stone_pressure_plate":22,"minecraft:white_concrete":1172,"minecraft:cobweb":2},"minecraft:killed":{"minecraft:rabbit":1}},"DataVersion":1631}