{
	"display": {
		"title": {
			"text": "SMAAAAAAASH"
		},
		"description": {
			"text": "Pick up a Smasher"
		},
		"icon": {
			"item": "minecraft:golden_axe"
		},
		"background": "minecraft:textures/gui/advancements/backgrounds/adventure.png",
		"frame": "goal",
		"announce_to_chat": false
	},
		"parent" : "game:players",
	"criteria": {
        "get_smasher": {
            "trigger": "minecraft:inventory_changed",
            "conditions": {
                "items": [
                    {
                        "item": "minecraft:golden_axe"
                    }
                ]
            }
        }
    }
	}