{
    "pools": [
        {
            "rolls": 1,
            "entries": [
                {
                    "type": "item",
                    "name": "minecraft:salmon",
                    "weight": 1,
                    "functions": [
                        {
                            "function": "furnace_smelt",
                            "conditions": [
                                {
                                    "condition": "entity_properties",
                                    "entity": "this",
                                    "properties": {
                                        "on_fire": true
                                    }
                                }
                            ]
                        }
                    ]
                }
            ]
        },
        {
            "conditions": [
                {
                    "condition": "random_chance",
                    "chance": 0.05
                }
            ],
            "rolls": 1,
            "entries": [
                {
                    "type": "item",
                    "name": "minecraft:bone_meal",
                    "weight": 1
                }
            ]
        }
    ]
}