{"stat.useItem.minecraft.redstone_block":2,"stat.crouchOneCm":217,"stat.useItem.minecraft.quartz_block":1,"achievement.exploreAllBiomes":{"value":0,"progress":["Desert","Mesa Plateau F","Plains","Mesa"]},"stat.useItem.minecraft.command_block":10,"achievement.openInventory":6,"stat.useItem.minecraft.flint_and_steel":2,"stat.fallOneCm":1127,"stat.flyOneCm":211890,"stat.useItem.minecraft.dispenser":4,"stat.damageTaken":60,"stat.timeSinceDeath":17207,"stat.useItem.minecraft.repeater":2,"stat.playOneMinute":17207,"stat.leaveGame":4,"stat.dispenserInspected":9,"stat.walkOneCm":23679,"stat.jump":25,"stat.swimOneCm":4,"stat.sprintOneCm":11378}