{"stats":{"minecraft:killed":{"minecraft:zombie_pigman":36,"minecraft:witch":2,"minecraft:spider":21,"minecraft:phantom":4,"minecraft:skeleton":23,"minecraft:magma_cube":1,"minecraft:zombie_villager":1,"minecraft:creeper":20,"minecraft:zombie":27,"minecraft:enderman":1},"minecraft:dropped":{"minecraft:iron_ingot":1,"minecraft:oak_slab":9,"minecraft:wheat_seeds":1,"minecraft:lapis_lazuli":1,"minecraft:nether_star":2,"minecraft:oak_log":128,"minecraft:diamond":1,"minecraft:bookshelf":1,"minecraft:spider_spawn_egg":3,"minecraft:cobblestone":672,"minecraft:sheep_spawn_egg":1,"minecraft:chicken_spawn_egg":1,"minecraft:elytra":2,"minecraft:coal":9,"minecraft:leather_helmet":1,"minecraft:dirt":1,"minecraft:brewing_stand":1,"minecraft:phantom_membrane":3,"minecraft:bone_meal":10,"minecraft:cactus":1,"minecraft:bucket":2,"minecraft:dandelion":3,"minecraft:stone_brick_slab":230,"minecraft:gold_ingot":1,"minecraft:redstone":1,"minecraft:stone_axe":1,"minecraft:sugar_cane":1,"minecraft:player_head":1,"minecraft:iron_nugget":2,"minecraft:stone_sword":1,"minecraft:blaze_rod":1,"minecraft:pig_spawn_egg":1,"minecraft:wheat":9,"minecraft:oak_planks":18,"minecraft:ender_eye":1,"minecraft:pumpkin_seeds":1,"minecraft:carrot":1,"minecraft:leather_chestplate":1,"minecraft:potato":1,"minecraft:stone":7,"minecraft:charcoal":6,"minecraft:melon_seeds":1,"minecraft:leather_boots":1,"minecraft:oak_sapling":2,"minecraft:golden_sword":1,"minecraft:leather_leggings":1,"minecraft:stone_bricks":1,"minecraft:cow_spawn_egg":1,"minecraft:stone_pickaxe":1,"minecraft:wooden_pickaxe":1,"minecraft:written_book":1,"minecraft:enchanting_table":1,"minecraft:netherrack":1},"minecraft:mined":{"minecraft:wall_sign":12,"minecraft:oak_sapling":3,"minecraft:brewing_stand":1,"minecraft:carved_pumpkin":1,"minecraft:ladder":2,"minecraft:stone_button":1,"minecraft:magma_block":35,"minecraft:oak_trapdoor":5,"minecraft:carrots":7,"minecraft:pumpkin":2,"minecraft:anvil":1,"minecraft:gold_block":1,"minecraft:enchanting_table":1,"minecraft:bookshelf":1,"minecraft:potatoes":1,"minecraft:vine":1,"minecraft:stripped_oak_log":1,"minecraft:stone":13,"minecraft:oak_slab":7,"minecraft:stone_brick_slab":174,"minecraft:dandelion":18,"minecraft:clay":17,"minecraft:torch":7,"minecraft:poppy":37,"minecraft:chest":6,"minecraft:nether_quartz_ore":35,"minecraft:cobblestone":792,"minecraft:oak_planks":2,"minecraft:sugar_cane":11,"minecraft:wheat":22,"minecraft:grass":343,"minecraft:oak_log":204,"minecraft:gravel":9,"minecraft:dirt":4,"minecraft:stone_bricks":12,"minecraft:netherrack":35,"minecraft:oak_leaves":1374},"minecraft:crafted":{"minecraft:obsidian":14,"minecraft:brick":52,"minecraft:wooden_sword":1,"minecraft:oak_door":9,"minecraft:oak_planks":527,"minecraft:coal":11,"minecraft:phantom_spawn_egg":4,"minecraft:player_head":1,"minecraft:leather_leggings":1,"minecraft:leather_boots":1,"minecraft:cactus":1,"minecraft:iron_nugget":142,"minecraft:blaze_powder":2,"minecraft:sand":24,"minecraft:furnace":1,"minecraft:sugar_cane":2,"minecraft:stone":441,"minecraft:bone_meal":1026,"minecraft:bookshelf":1,"minecraft:oak_trapdoor":16,"minecraft:flint_and_steel":1,"minecraft:pig_spawn_egg":1,"minecraft:diamond":6,"minecraft:stone_brick_slab":288,"minecraft:leather":44,"minecraft:ladder":6,"minecraft:melon_seeds":6,"minecraft:stone_pickaxe":6,"minecraft:chest":4,"minecraft:cow_spawn_egg":1,"minecraft:oak_button":2,"minecraft:water_bucket":1,"minecraft:ender_eye":1,"minecraft:stone_bricks":463,"minecraft:coal_block":2,"minecraft:oak_slab":72,"minecraft:wooden_shovel":1,"minecraft:crafting_table":2,"minecraft:enchanting_table":1,"minecraft:nether_star":1,"minecraft:wooden_pickaxe":1,"minecraft:gravel":26,"minecraft:villager_spawn_egg":1,"minecraft:leather_helmet":1,"minecraft:grass_block":5,"minecraft:wheat_seeds":8,"minecraft:dirt":28,"minecraft:brewing_stand":1,"minecraft:bucket":2,"minecraft:lava_bucket":15,"minecraft:sign":3,"minecraft:pumpkin_seeds":2,"minecraft:stone_axe":3,"minecraft:egg":4,"minecraft:bread":7,"minecraft:air":0,"minecraft:blaze_rod":2,"minecraft:dandelion_yellow":20,"minecraft:book":4,"minecraft:paper":12,"minecraft:string":12,"minecraft:white_wool":3,"minecraft:wooden_hoe":2,"minecraft:charcoal":26,"minecraft:iron_pickaxe":1,"minecraft:stick":240,"minecraft:flint":4,"minecraft:light_blue_dye":40,"minecraft:leather_chestplate":1,"minecraft:iron_ingot":67,"minecraft:wooden_axe":3,"minecraft:iron_block":3,"minecraft:stone_sword":5,"minecraft:gold_ingot":12,"minecraft:anvil":1,"minecraft:white_bed":1,"minecraft:cactus_green":30,"minecraft:torch":146,"minecraft:shears":1,"minecraft:lapis_lazuli":23,"minecraft:clay":22},"minecraft:broken":{"minecraft:stone_sword":2,"minecraft:stone_pickaxe":8,"minecraft:wooden_sword":1,"minecraft:wooden_axe":2},"minecraft:used":{"minecraft:oak_trapdoor":20,"minecraft:enchanting_table":2,"minecraft:stone_sword":613,"minecraft:flint_and_steel":1,"minecraft:ladder":10,"minecraft:chest":10,"minecraft:stone":14,"minecraft:wooden_shovel":9,"minecraft:player_head":2,"minecraft:netherrack":4,"minecraft:torch":43,"minecraft:brewing_stand":2,"minecraft:dirt":18,"minecraft:anvil":1,"minecraft:carrot":8,"minecraft:obsidian":10,"minecraft:stone_brick_slab":1085,"minecraft:wooden_axe":131,"minecraft:lava_bucket":9,"minecraft:bookshelf":1,"minecraft:grass_block":1,"minecraft:melon_seeds":1,"minecraft:stone_bricks":336,"minecraft:golden_sword":1,"minecraft:magma_block":26,"minecraft:bow":17,"minecraft:written_book":40,"minecraft:oak_sapling":35,"minecraft:furnace":1,"minecraft:gold_block":1,"minecraft:potato":2,"minecraft:pumpkin":1,"minecraft:spider_spawn_egg":2,"minecraft:wheat_seeds":27,"minecraft:water_bucket":61,"minecraft:stone_pickaxe":1042,"minecraft:oak_planks":7,"minecraft:cactus":2,"minecraft:wooden_pickaxe":58,"minecraft:sugar_cane":3,"minecraft:clay":17,"minecraft:sand":3,"minecraft:crafting_table":3,"minecraft:oak_slab":74,"minecraft:phantom_spawn_egg":4,"minecraft:white_bed":2,"minecraft:pumpkin_seeds":1,"minecraft:oak_log":19,"minecraft:wooden_hoe":9,"minecraft:iron_pickaxe":2,"minecraft:apple":18,"minecraft:command_block":2,"minecraft:bread":26,"minecraft:barrier":26,"minecraft:oak_button":2,"minecraft:stone_button":1,"minecraft:sign":16,"minecraft:gravel":9,"minecraft:stone_axe":97,"minecraft:wooden_sword":59,"minecraft:cobblestone":29,"minecraft:bucket":106,"minecraft:bone_meal":97},"minecraft:killed_by":{"minecraft:zombie_pigman":1,"minecraft:creeper":2,"minecraft:spider":2,"minecraft:enderman":1},"minecraft:picked_up":{"minecraft:charcoal":15,"minecraft:wheat":21,"minecraft:ladder":4,"minecraft:clay_ball":68,"minecraft:gold_block":1,"minecraft:brewing_stand":2,"minecraft:golden_sword":1,"minecraft:spider_spawn_egg":1,"minecraft:oak_trapdoor":4,"minecraft:string":36,"minecraft:elytra":2,"minecraft:gold_nugget":62,"minecraft:bucket":4,"minecraft:player_head":2,"minecraft:ender_eye":1,"minecraft:poppy":37,"minecraft:sugar_cane":12,"minecraft:chest":6,"minecraft:egg":3,"minecraft:phantom_membrane":1,"minecraft:stick":7,"minecraft:stone":33,"minecraft:torch":7,"minecraft:stone_button":1,"minecraft:carrot":21,"minecraft:redstone":4,"minecraft:arrow":92,"minecraft:rotten_flesh":124,"minecraft:carved_pumpkin":1,"minecraft:gold_ingot":3,"minecraft:blaze_rod":1,"minecraft:mutton":1,"minecraft:white_wool":1,"minecraft:cobblestone":767,"minecraft:stripped_oak_log":1,"minecraft:enchanting_table":1,"minecraft:magma_block":35,"minecraft:water_bucket":1,"minecraft:leather":7,"minecraft:potato":4,"minecraft:flint":3,"minecraft:oak_log":330,"minecraft:gunpowder":55,"minecraft:lapis_lazuli":1,"minecraft:dirt":3,"minecraft:sign":12,"minecraft:bone":84,"minecraft:apple":13,"minecraft:stone_bricks":13,"minecraft:bow":2,"minecraft:wheat_seeds":117,"minecraft:iron_ingot":1,"minecraft:stone_pickaxe":3,"minecraft:glowstone_dust":30,"minecraft:oak_planks":4,"minecraft:book":3,"minecraft:oak_slab":17,"minecraft:pumpkin":2,"minecraft:gravel":6,"minecraft:quartz":35,"minecraft:stone_brick_slab":893,"minecraft:lava_bucket":1,"minecraft:dandelion":21,"minecraft:white_bed":1,"minecraft:spider_eye":12,"minecraft:pumpkin_seeds":4,"minecraft:diamond":1,"minecraft:stone_axe":1,"minecraft:cactus_green":2,"minecraft:bone_meal":30,"minecraft:oak_sapling":113,"minecraft:netherrack":34,"minecraft:coal":23,"minecraft:nether_star":1},"minecraft:custom":{"minecraft:mob_kills":144,"minecraft:interact_with_crafting_table":196,"minecraft:leave_game":3,"minecraft:time_since_death":242,"minecraft:climb_one_cm":16033,"minecraft:sprint_one_cm":302617,"minecraft:walk_one_cm":823957,"minecraft:drop":116,"minecraft:deaths":25,"minecraft:sneak_time":52821,"minecraft:walk_under_water_one_cm":27677,"minecraft:jump":2372,"minecraft:enchant_item":1,"minecraft:walk_on_water_one_cm":26206,"minecraft:interact_with_furnace":279,"minecraft:play_one_minute":408008,"minecraft:sleep_in_bed":17,"minecraft:time_since_rest":265,"minecraft:damage_taken":18097,"minecraft:damage_dealt":23330,"minecraft:fly_one_cm":402638,"minecraft:player_kills":3,"minecraft:open_chest":159,"minecraft:crouch_one_cm":187266,"minecraft:aviate_one_cm":55062,"minecraft:fall_one_cm":192493}},"DataVersion":1628}