{"stats":{"minecraft:killed":{"minecraft:zombie_pigman":57,"minecraft:witch":1,"minecraft:spider":15,"minecraft:phantom":1,"minecraft:skeleton":38,"minecraft:magma_cube":1,"minecraft:zombie_villager":2,"minecraft:creeper":33,"minecraft:zombie":41,"minecraft:enderman":2},"minecraft:dropped":{"minecraft:iron_ingot":1,"minecraft:clay":1,"minecraft:wheat_seeds":17,"minecraft:lapis_lazuli":1,"minecraft:oak_log":111,"minecraft:diamond":1,"minecraft:nether_star":1,"minecraft:cobblestone":64,"minecraft:leather":7,"minecraft:elytra":2,"minecraft:coal":1,"minecraft:stick":6,"minecraft:lava_bucket":1,"minecraft:dirt":1,"minecraft:brewing_stand":1,"minecraft:cactus_green":2,"minecraft:gold_nugget":33,"minecraft:bone_meal":60,"minecraft:string":2,"minecraft:stone_brick_slab":1,"minecraft:gold_ingot":2,"minecraft:redstone":1,"minecraft:stone_axe":1,"minecraft:sugar_cane":2,"minecraft:player_head":1,"minecraft:blaze_rod":1,"minecraft:oak_planks":18,"minecraft:villager_spawn_egg":3,"minecraft:ender_eye":1,"minecraft:acacia_button":128,"minecraft:gunpowder":4,"minecraft:oak_sapling":5,"minecraft:egg":2},"minecraft:mined":{"minecraft:white_bed":2,"minecraft:magma_block":8,"minecraft:glowstone":48,"minecraft:stone_brick_slab":1,"minecraft:torch":1,"minecraft:poppy":1,"minecraft:melon":4,"minecraft:nether_quartz_ore":18,"minecraft:cobblestone":701,"minecraft:sugar_cane":21,"minecraft:wall_torch":1,"minecraft:cactus":1,"minecraft:wheat":10,"minecraft:pumpkin_stem":1,"minecraft:grass":8,"minecraft:oak_log":149,"minecraft:gravel":2,"minecraft:stone_bricks":1,"minecraft:netherrack":98,"minecraft:oak_leaves":347},"minecraft:crafted":{"minecraft:obsidian":1,"minecraft:oak_door":18,"minecraft:oak_planks":95,"minecraft:phantom_spawn_egg":1,"minecraft:sand":7,"minecraft:bone_meal":59,"minecraft:leather":17,"minecraft:stone_pickaxe":6,"minecraft:stone_hoe":1,"minecraft:chicken_spawn_egg":1,"minecraft:gravel":7,"minecraft:wooden_pickaxe":1,"minecraft:villager_spawn_egg":2,"minecraft:grass_block":6,"minecraft:wheat_seeds":1,"minecraft:dirt":8,"minecraft:lava_bucket":1,"minecraft:bucket":2,"minecraft:sheep_spawn_egg":1,"minecraft:stone_axe":2,"minecraft:egg":6,"minecraft:air":0,"minecraft:white_wool":8,"minecraft:wooden_hoe":2,"minecraft:gold_nugget":3,"minecraft:stick":56,"minecraft:stone_sword":6,"minecraft:elytra":1,"minecraft:cactus_green":8,"minecraft:torch":12,"minecraft:clay":7},"minecraft:broken":{"minecraft:stone_sword":6,"minecraft:stone_pickaxe":7,"minecraft:stone_axe":1},"minecraft:used":{"minecraft:stone_sword":848,"minecraft:stone_hoe":6,"minecraft:rotten_flesh":65,"minecraft:netherrack":69,"minecraft:torch":3,"minecraft:anvil":1,"minecraft:carrot":1,"minecraft:stone_brick_slab":2,"minecraft:chicken_spawn_egg":1,"minecraft:stone_bricks":1,"minecraft:written_book":16,"minecraft:oak_sapling":10,"minecraft:wheat_seeds":13,"minecraft:water_bucket":3,"minecraft:cow_spawn_egg":1,"minecraft:stone_pickaxe":876,"minecraft:wooden_pickaxe":3,"minecraft:sheep_spawn_egg":1,"minecraft:phantom_spawn_egg":1,"minecraft:white_bed":1,"minecraft:pumpkin_seeds":1,"minecraft:oak_log":26,"minecraft:pig_spawn_egg":1,"minecraft:stone_axe":249,"minecraft:bucket":6,"minecraft:bone_meal":28},"minecraft:killed_by":{"minecraft:player":1,"minecraft:zombie_pigman":8,"minecraft:creeper":2,"minecraft:skeleton":3,"minecraft:zombie":1},"minecraft:picked_up":{"minecraft:wheat":6,"minecraft:anvil":1,"minecraft:leather_leggings":1,"minecraft:acacia_button":64,"minecraft:brewing_stand":1,"minecraft:golden_sword":3,"minecraft:string":66,"minecraft:elytra":2,"minecraft:gold_nugget":43,"minecraft:ender_eye":1,"minecraft:player_head":1,"minecraft:poppy":1,"minecraft:melon_slice":15,"minecraft:sugar_cane":25,"minecraft:phantom_membrane":4,"minecraft:egg":2,"minecraft:torch":4,"minecraft:villager_spawn_egg":3,"minecraft:carrot":3,"minecraft:redstone":1,"minecraft:chicken_spawn_egg":1,"minecraft:stone_sword":1,"minecraft:arrow":63,"minecraft:cactus":2,"minecraft:rotten_flesh":167,"minecraft:cow_spawn_egg":1,"minecraft:bookshelf":1,"minecraft:gold_ingot":2,"minecraft:blaze_rod":1,"minecraft:cobblestone":754,"minecraft:enchanting_table":1,"minecraft:magma_block":8,"minecraft:leather_chestplate":1,"minecraft:potato":1,"minecraft:oak_log":160,"minecraft:gunpowder":108,"minecraft:lapis_lazuli":1,"minecraft:leather_boots":1,"minecraft:bone":102,"minecraft:apple":1,"minecraft:stone_bricks":1,"minecraft:bow":1,"minecraft:wheat_seeds":35,"minecraft:iron_ingot":1,"minecraft:stone_pickaxe":2,"minecraft:glowstone_dust":82,"minecraft:oak_planks":17,"minecraft:sheep_spawn_egg":1,"minecraft:stone_brick_slab":4,"minecraft:pig_spawn_egg":1,"minecraft:quartz":18,"minecraft:gravel":1,"minecraft:white_bed":1,"minecraft:spider_eye":4,"minecraft:leather_helmet":1,"minecraft:pumpkin_seeds":4,"minecraft:clay":1,"minecraft:diamond":1,"minecraft:stone_axe":1,"minecraft:bone_meal":30,"minecraft:netherrack":90,"minecraft:oak_sapling":56,"minecraft:melon_seeds":1,"minecraft:coal":1,"minecraft:nether_star":2,"minecraft:ender_pearl":2},"minecraft:custom":{"minecraft:mob_kills":202,"minecraft:interact_with_crafting_table":64,"minecraft:leave_game":2,"minecraft:time_since_death":888,"minecraft:climb_one_cm":11823,"minecraft:sprint_one_cm":338826,"minecraft:walk_one_cm":446484,"minecraft:drop":71,"minecraft:deaths":34,"minecraft:sneak_time":19292,"minecraft:jump":1864,"minecraft:interact_with_brewingstand":2,"minecraft:walk_on_water_one_cm":3846,"minecraft:interact_with_furnace":116,"minecraft:play_one_minute":191629,"minecraft:sleep_in_bed":14,"minecraft:time_since_rest":574,"minecraft:damage_taken":10208,"minecraft:damage_dealt":29965,"minecraft:fly_one_cm":246212,"minecraft:open_chest":177,"minecraft:crouch_one_cm":27861,"minecraft:aviate_one_cm":73206,"minecraft:fall_one_cm":68565}},"DataVersion":1628}