{"stats":{"minecraft:used":{"minecraft:spider_spawn_egg":8,"minecraft:purpur_block":1,"minecraft:water_bucket":6,"minecraft:end_stone_bricks":87,"minecraft:sandstone_stairs":15,"minecraft:dispenser":3,"minecraft:redstone":33,"minecraft:lime_wool":41,"minecraft:chest":1,"minecraft:zombie_spawn_egg":3,"minecraft:redstone_block":7,"minecraft:player_head":5,"minecraft:oak_leaves":133,"minecraft:dragon_egg":19,"minecraft:anvil":2,"minecraft:skeleton_spawn_egg":6,"minecraft:vine":31,"minecraft:light_blue_concrete":3,"minecraft:hopper":10,"minecraft:crafting_table":7,"minecraft:prismarine_bricks":92,"minecraft:prismarine_brick_stairs":26,"minecraft:phantom_spawn_egg":3,"minecraft:white_bed":2,"minecraft:orange_wool":1,"minecraft:end_stone":142,"minecraft:creeper_spawn_egg":6,"minecraft:oak_log":12,"minecraft:enderman_spawn_egg":4,"minecraft:command_block":153,"minecraft:red_wool":4,"minecraft:barrier":270,"minecraft:stone_button":60,"minecraft:smooth_sandstone":2349,"minecraft:sign":80,"minecraft:oak_pressure_plate":9,"minecraft:yellow_wool":6,"minecraft:repeater":8,"minecraft:glowstone":206,"minecraft:diamond_sword":96,"minecraft:magma_block":97,"minecraft:written_book":9,"minecraft:oak_sapling":1,"minecraft:furnace":1,"minecraft:gold_block":1,"minecraft:dragon_head":2,"minecraft:pumpkin":2},"minecraft:killed":{"minecraft:spider":8,"minecraft:slime":8,"minecraft:creeper":6,"minecraft:phantom":3,"minecraft:skeleton":5,"minecraft:zombie":3,"minecraft:enderman":4},"minecraft:dropped":{"minecraft:iron_ingot":2,"minecraft:sugar_cane":1,"minecraft:wheat_seeds":65,"minecraft:lapis_lazuli":2,"minecraft:oak_log":11,"minecraft:pig_spawn_egg":1,"minecraft:diamond":2,"minecraft:bookshelf":3,"minecraft:cobblestone":1,"minecraft:book":3,"minecraft:command_block":1,"minecraft:sheep_spawn_egg":1,"minecraft:totem_of_undying":2,"minecraft:chicken_spawn_egg":1,"minecraft:elytra":1,"minecraft:coal":2,"minecraft:dirt":2,"minecraft:trident":1,"minecraft:dragon_egg":5,"minecraft:slime_ball":8,"minecraft:cow_spawn_egg":1,"minecraft:string":5,"minecraft:written_book":2,"minecraft:gold_ingot":2,"minecraft:redstone":3},"minecraft:mined":{"minecraft:white_bed":2},"minecraft:picked_up":{"minecraft:oak_log":11,"minecraft:gunpowder":10,"minecraft:lapis_lazuli":1,"minecraft:dirt":2,"minecraft:string":10,"minecraft:sign":2,"minecraft:bone":7,"minecraft:wheat_seeds":1,"minecraft:iron_ingot":1,"minecraft:sugar_cane":1,"minecraft:phantom_membrane":1,"minecraft:stone_button":3,"minecraft:redstone":3,"minecraft:dragon_egg":4,"minecraft:spider_eye":1,"minecraft:arrow":8,"minecraft:rotten_flesh":2,"minecraft:slime_ball":44,"minecraft:diamond":1,"minecraft:bookshelf":3,"minecraft:gold_ingot":1,"minecraft:totem_of_undying":2,"minecraft:coal":2,"minecraft:cobblestone":1,"minecraft:ender_pearl":3},"minecraft:custom":{"minecraft:interact_with_furnace":2,"minecraft:mob_kills":38,"minecraft:inspect_hopper":3,"minecraft:interact_with_crafting_table":33,"minecraft:play_one_minute":297271,"minecraft:leave_game":16,"minecraft:time_since_death":297014,"minecraft:sleep_in_bed":2,"minecraft:climb_one_cm":434,"minecraft:time_since_rest":57059,"minecraft:sprint_one_cm":147076,"minecraft:damage_taken":610,"minecraft:walk_one_cm":262580,"minecraft:drop":65,"minecraft:damage_dealt":6729,"minecraft:fly_one_cm":593032,"minecraft:open_chest":1,"minecraft:crouch_one_cm":22077,"minecraft:deaths":2,"minecraft:sneak_time":10137,"minecraft:jump":1126,"minecraft:walk_on_water_one_cm":5246,"minecraft:fall_one_cm":846,"minecraft:inspect_dispenser":5},"minecraft:crafted":{"minecraft:phantom_spawn_egg":1,"minecraft:birch_sapling":2,"minecraft:dark_oak_sapling":2,"minecraft:oak_sapling":4,"minecraft:flint":21,"minecraft:iron_ingot":1,"minecraft:jungle_sapling":2,"minecraft:spruce_sapling":2,"minecraft:acacia_sapling":2}},"DataVersion":1628}