{"stats":{"minecraft:killed":{"minecraft:spider":2,"minecraft:creeper":4,"minecraft:skeleton":5,"minecraft:zombie":11},"minecraft:dropped":{"minecraft:water_bucket":1,"minecraft:stone_axe":1,"minecraft:oak_log":20,"minecraft:blaze_rod":1,"minecraft:cobblestone":96,"minecraft:apple":1,"minecraft:ender_eye":1,"minecraft:coal":22,"minecraft:stone":26,"minecraft:charcoal":15,"minecraft:stone_bricks":1,"minecraft:stone_pickaxe":4,"minecraft:written_book":2,"minecraft:bucket":3,"minecraft:stone_brick_slab":959},"minecraft:mined":{"minecraft:oak_slab":50,"minecraft:white_bed":2,"minecraft:oak_sapling":1,"minecraft:stone_brick_slab":54,"minecraft:torch":24,"minecraft:nether_quartz_ore":1,"minecraft:cobblestone":189,"minecraft:sugar_cane":32,"minecraft:oak_planks":9,"minecraft:magma_block":18,"minecraft:wheat":3,"minecraft:oak_log":177,"minecraft:stone":1,"minecraft:stone_bricks":3,"minecraft:netherrack":2,"minecraft:oak_leaves":1298},"minecraft:crafted":{"minecraft:brick":15,"minecraft:coal_block":15,"minecraft:oak_planks":100,"minecraft:coal":174,"minecraft:gravel":17,"minecraft:sand":3,"minecraft:furnace":3,"minecraft:sugar_cane":1,"minecraft:stone":859,"minecraft:dirt":22,"minecraft:bone_meal":292,"minecraft:bucket":1,"minecraft:stone_axe":2,"minecraft:bread":10,"minecraft:air":0,"minecraft:birch_sapling":1,"minecraft:stone_brick_slab":1260,"minecraft:dark_oak_sapling":1,"minecraft:string":24,"minecraft:white_wool":6,"minecraft:charcoal":225,"minecraft:oak_sapling":2,"minecraft:stick":96,"minecraft:iron_ingot":1,"minecraft:stone_pickaxe":6,"minecraft:stone_sword":1,"minecraft:chest":2,"minecraft:white_bed":2,"minecraft:water_bucket":1,"minecraft:spruce_sapling":1,"minecraft:jungle_sapling":1,"minecraft:acacia_sapling":1,"minecraft:stone_bricks":897,"minecraft:clay":3},"minecraft:used":{"minecraft:wheat_seeds":4,"minecraft:stone_sword":92,"minecraft:stone_pickaxe":269,"minecraft:oak_planks":9,"minecraft:chest":2,"minecraft:sugar_cane":7,"minecraft:torch":15,"minecraft:dirt":23,"minecraft:white_bed":4,"minecraft:stone_brick_slab":383,"minecraft:apple":1,"minecraft:stone_bricks":268,"minecraft:stone_axe":240,"minecraft:cobblestone":3,"minecraft:magma_block":18,"minecraft:written_book":6,"minecraft:oak_sapling":31,"minecraft:furnace":3,"minecraft:bone_meal":50},"minecraft:broken":{"minecraft:stone_pickaxe":1,"minecraft:stone_axe":1},"minecraft:killed_by":{"minecraft:player":2,"minecraft:zombie_pigman":1,"minecraft:creeper":2,"minecraft:spider":1},"minecraft:picked_up":{"minecraft:charcoal":6,"minecraft:magma_block":18,"minecraft:wheat":2,"minecraft:music_disc_stal":1,"minecraft:wooden_pickaxe":1,"minecraft:oak_log":315,"minecraft:gunpowder":20,"minecraft:music_disc_cat":1,"minecraft:string":7,"minecraft:dirt":2,"minecraft:bone":22,"minecraft:apple":7,"minecraft:stone_bricks":3,"minecraft:wheat_seeds":6,"minecraft:bucket":3,"minecraft:music_disc_far":1,"minecraft:stone_pickaxe":1,"minecraft:ender_eye":1,"minecraft:written_book":1,"minecraft:glowstone_dust":41,"minecraft:iron_nugget":2,"minecraft:melon_slice":4,"minecraft:sugar_cane":34,"minecraft:oak_planks":26,"minecraft:oak_slab":46,"minecraft:stone_brick_slab":591,"minecraft:torch":25,"minecraft:white_bed":2,"minecraft:rotten_flesh":16,"minecraft:arrow":28,"minecraft:sugar":1,"minecraft:stone_axe":1,"minecraft:bone_meal":10,"minecraft:blaze_rod":1,"minecraft:oak_sapling":98,"minecraft:netherrack":5,"minecraft:coal":8,"minecraft:cobblestone":855},"minecraft:custom":{"minecraft:interact_with_furnace":340,"minecraft:mob_kills":23,"minecraft:interact_with_crafting_table":95,"minecraft:play_one_minute":196105,"minecraft:leave_game":1,"minecraft:time_since_death":4390,"minecraft:sleep_in_bed":3,"minecraft:climb_one_cm":5185,"minecraft:time_since_rest":4558,"minecraft:sprint_one_cm":87678,"minecraft:damage_taken":5245,"minecraft:walk_one_cm":459633,"minecraft:drop":59,"minecraft:damage_dealt":3622,"minecraft:fly_one_cm":98179,"minecraft:open_chest":23,"minecraft:crouch_one_cm":196889,"minecraft:deaths":13,"minecraft:sneak_time":49429,"minecraft:walk_under_water_one_cm":38,"minecraft:jump":815,"minecraft:walk_on_water_one_cm":10241,"minecraft:fall_one_cm":36340}},"DataVersion":1628}