{
    "textures": {
        "particle": "#texture"
    },
    "elements": [
        {
            "from": [10.5,0,4.5],
            "to": [11.5,1,11.5],
            "faces": {
                "up": {
                    "uv": [5,10,11,6],
                    "texture": "#texture"
                },
                "down": {
                    "texture": "#texture",
                    "cullface": "down"
                },
                "west": {
                    "texture": "#texture"
                },
                "east": {
                    "texture": "#texture"
                },
                "north": {
                    "texture": "#texture"
                },
                "south": {
                    "texture": "#texture"
                }
            }
        },
        {
            "from": [4.5,0,4.5],
            "to": [5.5,1,11.5],
            "faces": {
                "up": {
                    "uv": [5,10,11,6],
                    "texture": "#texture"
                },
                "down": {
                    "texture": "#texture",
                    "cullface": "down"
                },
                "west": {
                    "texture": "#texture"
                },
                "east": {
                    "texture": "#texture"
                },
                "north": {
                    "texture": "#texture"
                },
                "south": {
                    "texture": "#texture"
                }
            }
        },
        {
            "from": [5.5,0,10.5],
            "to": [10.5,1,11.5],
            "faces": {
                "up": {
                    "uv": [5,10,11,6],
                    "texture": "#texture"
                },
                "down": {
                    "texture": "#texture",
                    "cullface": "down"
                },
                "west": {
                    "texture": "#texture"
                },
                "east": {
                    "texture": "#texture"
                },
                "north": {
                    "texture": "#texture"
                },
                "south": {
                    "texture": "#texture"
                }
            }
        },
        {
            "from": [5.5,0,4.5],
            "to": [10.5,1,5.5],
            "faces": {
                "up": {
                    "uv": [5,10,11,6],
                    "texture": "#texture"
                },
                "down": {
                    "texture": "#texture",
                    "cullface": "down"
                },
                "west": {
                    "texture": "#texture"
                },
                "east": {
                    "texture": "#texture"
                },
                "north": {
                    "texture": "#texture"
                },
                "south": {
                    "texture": "#texture"
                }
            }
        },
        {
            "from": [5.5,0,5.5],
            "to": [10.5,0.5,10.5],
            "faces": {
                "up": {
                    "uv": [5,10,11,6],
                    "texture": "#texture"
                },
                "down": {
                    "texture": "#texture",
                    "cullface": "down"
                },
                "west": {
                    "texture": "#texture"
                },
                "east": {
                    "texture": "#texture"
                },
                "north": {
                    "texture": "#texture"
                },
                "south": {
                    "texture": "#texture"
                }
            }
        }
    ]
}