{
    "textures": {
        "cover": "blocks/obsidian",
        "screen": "blocks/screen3",
        "particle": "blocks/obsidian"
    },
    "elements": [
        {
            "from": [1,0,1],
            "to": [15,1,15],
            "faces": {
                "up": {
                    "texture": "#cover"
                },
                "down": {
                    "texture": "#cover"
                },
                "west": {
                    "texture": "#cover"
                },
                "east": {
                    "texture": "#cover"
                },
                "north": {
                    "texture": "#cover"
                },
                "south": {
                    "texture": "#cover"
                }
            }
        },
        {
            "from": [2,1,2],
            "to": [14,2,14],
            "faces": {
                "up": {
                    "texture": "#cover"
                },
                "west": {
                    "texture": "#cover"
                },
                "east": {
                    "texture": "#cover"
                },
                "north": {
                    "texture": "#cover"
                },
                "south": {
                    "texture": "#cover"
                }
            }
        },
        {
            "from": [6,2,6],
            "to": [10,3,10],
            "faces": {
                "up": {
                    "texture": "#cover"
                },
                "west": {
                    "texture": "#cover"
                },
                "east": {
                    "texture": "#cover"
                },
                "north": {
                    "texture": "#cover"
                },
                "south": {
                    "texture": "#cover"
                }
            }
        },
        {
            "from": [7,3,7],
            "to": [9,7,9],
            "faces": {
                "west": {
                    "texture": "#cover"
                },
                "east": {
                    "texture": "#cover"
                },
                "north": {
                    "texture": "#cover"
                },
                "south": {
                    "texture": "#cover"
                }
            }
        },
        {
            "from": [0,7,7],
            "to": [16,16,8],
            "faces": {
                "down": {
                    "texture": "#cover"
                },
                "north": {
                    "texture": "#cover"
                },
                "south": {
                    "uv": [5.2173915,5.2173915,10.782609,8.347826],
                    "texture": "#screen"
                }
            }
        },
        {
            "from": [16,7,7],
            "to": [31,16,8],
            "faces": {
                "down": {
                    "uv": [1,7,16,8],
                    "texture": "#cover"
                },
                "east": {
                    "uv": [7,0,8,9],
                    "texture": "#cover"
                },
                "north": {
                    "uv": [1,0,16,9],
                    "texture": "#cover"
                },
                "south": {
                    "uv": [10.782609,5.2173915,16,8.347826],
                    "texture": "#screen"
                }
            }
        },
        {
            "from": [-15,7,7],
            "to": [0,16,8],
            "faces": {
                "down": {
                    "uv": [1,7,16,8],
                    "texture": "#cover"
                },
                "west": {
                    "uv": [7,0,8,9],
                    "texture": "#cover"
                },
                "north": {
                    "uv": [1,0,16,9],
                    "texture": "#cover"
                },
                "south": {
                    "uv": [0,5.2173915,5.2173915,8.347826],
                    "texture": "#screen"
                }
            }
        },
        {
            "from": [-15,16,7],
            "to": [0,31,8],
            "faces": {
                "up": {
                    "uv": [1,7,16,8],
                    "texture": "#cover"
                },
                "west": {
                    "uv": [7,1,8,16],
                    "texture": "#cover"
                },
                "north": {
                    "uv": [1,1,16,16],
                    "texture": "#cover"
                },
                "south": {
                    "uv": [0,0,5.2173915,5.2173915],
                    "texture": "#screen"
                }
            }
        },
        {
            "from": [0,16,7],
            "to": [16,31,8],
            "faces": {
                "up": {
                    "uv": [0,7,16,8],
                    "texture": "#cover"
                },
                "north": {
                    "uv": [0,1,16,16],
                    "texture": "#cover"
                },
                "south": {
                    "uv": [5.2173915,0,10.782609,5.2173915],
                    "texture": "#screen"
                }
            }
        },
        {
            "from": [16,16,7],
            "to": [31,31,8],
            "faces": {
                "up": {
                    "uv": [0,7,15,8],
                    "texture": "#cover"
                },
                "east": {
                    "uv": [7,1,8,16],
                    "texture": "#cover"
                },
                "north": {
                    "uv": [0,1,15,16],
                    "texture": "#cover"
                },
                "south": {
                    "uv": [10.782609,0,16,5.2173915],
                    "texture": "#screen"
                }
            }
        },
        {
            "from": [0,7,8],
            "to": [16,9,9],
            "faces": {
                "up": {
                    "texture": "#cover"
                },
                "down": {
                    "texture": "#cover"
                },
                "south": {
                    "texture": "#cover"
                }
            }
        },
        {
            "from": [16,7,8],
            "to": [31,9,9],
            "faces": {
                "up": {
                    "uv": [1,8,16,9],
                    "texture": "#cover"
                },
                "down": {
                    "uv": [1,8,16,9],
                    "texture": "#cover"
                },
                "east": {
                    "uv": [8,7,9,9],
                    "texture": "#cover"
                },
                "south": {
                    "uv": [1,7,16,9],
                    "texture": "#cover"
                }
            }
        },
        {
            "from": [-15,7,8],
            "to": [0,9,9],
            "faces": {
                "up": {
                    "uv": [1,8,16,9],
                    "texture": "#cover"
                },
                "down": {
                    "uv": [1,8,16,9],
                    "texture": "#cover"
                },
                "west": {
                    "uv": [8,7,9,9],
                    "texture": "#cover"
                },
                "south": {
                    "uv": [1,7,16,9],
                    "texture": "#cover"
                }
            }
        },
        {
            "from": [0,29,8],
            "to": [16,31,9],
            "faces": {
                "up": {
                    "uv": [0,8,16,9],
                    "texture": "#cover"
                },
                "down": {
                    "uv": [0,8,16,9],
                    "texture": "#cover"
                },
                "south": {
                    "uv": [0,1,16,3],
                    "texture": "#cover"
                }
            }
        },
        {
            "from": [-15,29,8],
            "to": [0,31,9],
            "faces": {
                "up": {
                    "uv": [1,8,16,9],
                    "texture": "#cover"
                },
                "down": {
                    "uv": [1,8,16,9],
                    "texture": "#cover"
                },
                "west": {
                    "uv": [8,1,9,3],
                    "texture": "#cover"
                },
                "south": {
                    "uv": [1,1,16,3],
                    "texture": "#cover"
                }
            }
        },
        {
            "from": [16,29,8],
            "to": [31,31,9],
            "faces": {
                "up": {
                    "uv": [0,8,15,9],
                    "texture": "#cover"
                },
                "down": {
                    "uv": [0,8,15,9],
                    "texture": "#cover"
                },
                "east": {
                    "uv": [8,1,9,3],
                    "texture": "#cover"
                },
                "south": {
                    "uv": [0,1,15,3],
                    "texture": "#cover"
                }
            }
        },
        {
            "from": [-15,16,8],
            "to": [-13,29,9],
            "faces": {
                "west": {
                    "uv": [8,3,9,16],
                    "texture": "#cover"
                },
                "east": {
                    "uv": [8,3,9,16],
                    "texture": "#cover"
                },
                "south": {
                    "uv": [1,3,3,16],
                    "texture": "#cover"
                }
            }
        },
        {
            "from": [-15,9,8],
            "to": [-13,16,9],
            "faces": {
                "west": {
                    "uv": [8,0,9,7],
                    "texture": "#cover"
                },
                "east": {
                    "uv": [8,0,9,7],
                    "texture": "#cover"
                },
                "south": {
                    "uv": [1,0,3,7],
                    "texture": "#cover"
                }
            }
        },
        {
            "from": [29,9,8],
            "to": [31,16,9],
            "faces": {
                "west": {
                    "uv": [8,0,9,7],
                    "texture": "#cover"
                },
                "east": {
                    "uv": [8,0,9,7],
                    "texture": "#cover"
                },
                "south": {
                    "uv": [14,0,16,7],
                    "texture": "#cover"
                }
            }
        },
        {
            "from": [29,16,8],
            "to": [31,29,9],
            "faces": {
                "west": {
                    "uv": [8,3,9,16],
                    "texture": "#cover"
                },
                "east": {
                    "uv": [8,3,9,16],
                    "texture": "#cover"
                },
                "south": {
                    "uv": [13,3,15,16],
                    "texture": "#cover"
                }
            }
        },
        {
            "from": [0,8,6],
            "to": [16,16,7],
            "faces": {
                "up": {
                    "texture": "#cover"
                },
                "down": {
                    "texture": "#cover"
                },
                "west": {
                    "texture": "#cover"
                },
                "east": {
                    "texture": "#cover"
                },
                "north": {
                    "texture": "#cover"
                }
            }
        }
    ]
}