{
    "textures": {
        "slab": "blocks/stone_andesite",
        "stone": "blocks/stone",
        "cross": "blocks/log_oak",
		"particle": "blocks/stone_andesite"
    },
    "elements": [
        {
            "from": [2,0,2],
            "to": [14,4,16],
            "faces": {
                "up": {
                    "texture": "#slab"
                },
                "west": {
                    "texture": "#slab"
                },
                "east": {
                    "texture": "#slab"
                },
                "north": {
                    "texture": "#slab"
                }
            }
        },
        {
            "from": [2,0,16],
            "to": [14,4,30],
            "faces": {
                "up": {
                    "uv": [2,2,14,16],
                    "texture": "#slab",
                    "cullface": "south"
                },
                "down": {
                    "uv": [2,2,14,16],
                    "texture": "#slab",
                    "cullface": "south"
                },
                "west": {
                    "uv": [2,12,16,16],
                    "texture": "#slab",
                    "cullface": "south"
                },
                "east": {
                    "uv": [2,12,16,16],
                    "texture": "#slab",
                    "cullface": "south"
                },
                "south": {
                    "texture": "#slab",
                    "cullface": "south"
                }
            }
        },
        {
            "from": [3,4,3],
            "to": [13,6,11],
            "faces": {
                "up": {
                    "texture": "#stone"
                },
                "west": {
                    "texture": "#stone"
                },
                "east": {
                    "texture": "#stone"
                },
                "north": {
                    "texture": "#stone"
                },
                "south": {
                    "texture": "#stone"
                }
            }
        },
        {
            "from": [7,10,5],
            "to": [9,16,7],
            "faces": {
                "west": {
                    "texture": "#cross"
                },
                "east": {
                    "texture": "#cross"
                },
                "north": {
                    "texture": "#cross"
                },
                "south": {
                    "texture": "#cross"
                }
            }
        },
        {
            "from": [7,16,5],
            "to": [9,32,7],
            "faces": {
                "up": {
                    "texture": "#cross",
                    "cullface": "up"
                },
                "west": {
                    "uv": [5,0,7,16],
                    "texture": "#cross",
                    "cullface": "up"
                },
                "east": {
                    "uv": [5,0,7,16],
                    "texture": "#cross",
                    "cullface": "up"
                },
                "north": {
                    "uv": [7,0,9,16],
                    "texture": "#cross",
                    "cullface": "up"
                },
                "south": {
                    "uv": [7,0,9,16],
                    "texture": "#cross",
                    "cullface": "up"
                }
            }
        },
        {
            "from": [0,23,5],
            "to": [7,25,7],
            "faces": {
                "up": {
                    "texture": "#cross",
                    "cullface": "up"
                },
                "down": {
                    "texture": "#cross",
                    "cullface": "up"
                },
                "west": {
                    "uv": [5,7,7,9],
                    "texture": "#cross",
                    "cullface": "up"
                },
                "north": {
                    "uv": [0,7,7,9],
                    "texture": "#cross",
                    "cullface": "up"
                },
                "south": {
                    "uv": [0,7,7,9],
                    "texture": "#cross",
                    "cullface": "up"
                }
            }
        },
        {
            "from": [9,23,5],
            "to": [16,25,7],
            "faces": {
                "up": {
                    "texture": "#cross",
                    "cullface": "up"
                },
                "down": {
                    "texture": "#cross",
                    "cullface": "up"
                },
                "east": {
                    "uv": [5,7,7,9],
                    "texture": "#cross",
                    "cullface": "up"
                },
                "north": {
                    "uv": [9,7,16,9],
                    "texture": "#cross",
                    "cullface": "up"
                },
                "south": {
                    "uv": [9,7,16,9],
                    "texture": "#cross",
                    "cullface": "up"
                }
            }
        },
        {
            "from": [5,6,4],
            "to": [11,10,9],
            "faces": {
                "up": {
                    "texture": "#stone"
                },
                "west": {
                    "texture": "#stone"
                },
                "east": {
                    "texture": "#stone"
                },
                "north": {
                    "texture": "#stone"
                },
                "south": {
                    "texture": "#stone"
                }
            }
        }
    ]
}