{
    "textures": {
        "flowerpot": "blocks/hardened_clay",
        "dirt": "blocks/dirt",
        "stem": "blocks/melon_side",
        "leaves": "blocks/leaves_jungle",
        "particle": "blocks/hardened_clay"
    },
    "elements": [
        {
            "from": [3,0,3],
            "to": [13,1,13],
            "faces": {
                "down": {
                    "texture": "#flowerpot"
                },
                "west": {
                    "texture": "#flowerpot"
                },
                "east": {
                    "texture": "#flowerpot"
                },
                "north": {
                    "texture": "#flowerpot"
                },
                "south": {
                    "texture": "#flowerpot"
                }
            }
        },
        {
            "from": [12,1,3],
            "to": [13,8,13],
            "faces": {
                "up": {
                    "texture": "#flowerpot"
                },
                "west": {
                    "texture": "#flowerpot"
                },
                "east": {
                    "texture": "#flowerpot"
                },
                "north": {
                    "texture": "#flowerpot"
                },
                "south": {
                    "texture": "#flowerpot"
                }
            }
        },
        {
            "from": [3,1,3],
            "to": [4,8,13],
            "faces": {
                "up": {
                    "texture": "#flowerpot"
                },
                "west": {
                    "texture": "#flowerpot"
                },
                "east": {
                    "texture": "#flowerpot"
                },
                "north": {
                    "texture": "#flowerpot"
                },
                "south": {
                    "texture": "#flowerpot"
                }
            }
        },
        {
            "from": [4,1,3],
            "to": [12,8,4],
            "faces": {
                "up": {
                    "texture": "#flowerpot"
                },
                "north": {
                    "texture": "#flowerpot"
                },
                "south": {
                    "texture": "#flowerpot"
                }
            }
        },
        {
            "from": [4,1,12],
            "to": [12,8,13],
            "faces": {
                "up": {
                    "texture": "#flowerpot"
                },
                "north": {
                    "texture": "#flowerpot"
                },
                "south": {
                    "texture": "#flowerpot"
                }
            }
        },
        {
            "from": [4,4,4],
            "to": [12,4,12],
            "faces": {
                "up": {
                    "texture": "#dirt"
                }
            }
        },
        {
            "from": [7,4,7],
            "to": [9,13,9],
            "faces": {
                "up": {
                    "texture": "#stem"
                },
                "west": {
                    "texture": "#stem"
                },
                "east": {
                    "texture": "#stem"
                },
                "north": {
                    "texture": "#stem"
                },
                "south": {
                    "texture": "#stem"
                }
            }
        },
        {
            "from": [2,13,2],
            "to": [14,19,14],
            "faces": {
                "up": {
                    "texture": "#leaves",
                    "tintindex": 0
                },
                "down": {
                    "texture": "#leaves",
                    "tintindex": 0
                },
                "west": {
                    "uv": [2,10,14,16],
                    "texture": "#leaves",
                    "tintindex": 0
                },
                "east": {
                    "uv": [2,10,14,16],
                    "texture": "#leaves",
                    "tintindex": 0
                },
                "north": {
                    "uv": [2,10,14,16],
                    "texture": "#leaves",
                    "tintindex": 0
                },
                "south": {
                    "uv": [2,10,14,16],
                    "texture": "#leaves",
                    "tintindex": 0
                }
            }
        },
        {
            "from": [6,19,6],
            "to": [10,25,10],
            "faces": {
                "west": {
                    "uv": [6,7,10,13],
                    "texture": "#leaves",
                    "tintindex": 0
                },
                "east": {
                    "uv": [6,7,10,13],
                    "texture": "#leaves",
                    "tintindex": 0
                },
                "north": {
                    "uv": [6,7,10,13],
                    "texture": "#leaves",
                    "tintindex": 0
                },
                "south": {
                    "uv": [6,7,10,13],
                    "texture": "#leaves",
                    "tintindex": 0
                }
            }
        },
        {
            "from": [3,25,3],
            "to": [13,31,13],
            "faces": {
                "up": {
                    "texture": "#leaves",
                    "tintindex": 0
                },
                "down": {
                    "texture": "#leaves",
                    "tintindex": 0
                },
                "west": {
                    "uv": [3,1,13,7],
                    "texture": "#leaves",
                    "tintindex": 0
                },
                "east": {
                    "uv": [3,1,13,7],
                    "texture": "#leaves",
                    "tintindex": 0
                },
                "north": {
                    "uv": [3,1,13,7],
                    "texture": "#leaves",
                    "tintindex": 0
                },
                "south": {
                    "uv": [3,1,13,7],
                    "texture": "#leaves",
                    "tintindex": 0
                }
            }
        }
    ]
}