{
    "textures": {
        "birch": "blocks/planks_birch",
        "oak": "blocks/planks_oak",
        "particle": "blocks/planks_oak",
        "jungle": "blocks/planks_jungle",
        "spruce": "blocks/planks_spruce"
    },
    "elements": [
        {
            "from": [0,0,1],
            "to": [14,8,9],
            "faces": {
                "up": {
                    "texture": "#birch"
                },
                "down": {
                    "texture": "#birch",
                    "cullface": "down"
                },
                "west": {
                    "texture": "#birch",
                    "cullface": "east"
                },
                "east": {
                    "texture": "#birch"
                },
                "north": {
                    "texture": "#birch"
                },
                "south": {
                    "texture": "#birch"
                }
            }
        },
        {
            "from": [8,0,8],
            "to": [16,11,16],
            "faces": {
                "up": {
                    "texture": "#spruce"
                },
                "down": {
                    "texture": "#spruce",
                    "cullface": "down"
                },
                "west": {
                    "texture": "#spruce"
                },
                "east": {
                    "texture": "#spruce"
                },
                "north": {
                    "texture": "#spruce"
                },
                "south": {
                    "texture": "#spruce",
                    "cullface": "south"
                }
            }
        },
        {
            "from": [2,0,4],
            "to": [11,16,14],
            "faces": {
                "up": {
                    "texture": "#oak"
                },
                "down": {
                    "texture": "#oak",
                    "cullface": "down"
                },
                "west": {
                    "texture": "#oak"
                },
                "east": {
                    "texture": "#oak"
                },
                "north": {
                    "texture": "#oak"
                },
                "south": {
                    "texture": "#oak"
                }
            }
        },
        {
            "from": [4,16,3],
            "to": [12,26,11],
            "faces": {
                "up": {
                    "texture": "#jungle"
                },
                "down": {
                    "texture": "#jungle"
                },
                "west": {
                    "uv": [3.0,6.0,11.0,16.0],
                    "texture": "#jungle"
                },
                "east": {
                    "uv": [3.0,6.0,11.0,16.0],
                    "texture": "#jungle"
                },
                "north": {
                    "uv": [4.0,6.0,12.0,16.0],
                    "texture": "#jungle"
                },
                "south": {
                    "uv": [4.0,6.0,12.0,16.0],
                    "texture": "#jungle"
                }
            }
        }
    ]
}