{
    "textures": {
        "texture": "blocks/planks_oak",
        "particle": "blocks/planks_oak"
    },
    "elements": [
        {
            "from": [2,0,2],
            "to": [4,8,4],
            "faces": {
                "down": {
                    "texture": "#texture"
                },
                "west": {
                    "texture": "#texture"
                },
                "east": {
                    "texture": "#texture"
                },
                "north": {
                    "texture": "#texture"
                },
                "south": {
                    "texture": "#texture"
                }
            }
        },
        {
            "from": [2,0,12],
            "to": [4,8,14],
            "faces": {
                "down": {
                    "texture": "#texture"
                },
                "west": {
                    "texture": "#texture"
                },
                "east": {
                    "texture": "#texture"
                },
                "north": {
                    "texture": "#texture"
                },
                "south": {
                    "texture": "#texture"
                }
            }
        },
        {
            "from": [12,0,2],
            "to": [14,8,4],
            "faces": {
                "down": {
                    "texture": "#texture"
                },
                "west": {
                    "texture": "#texture"
                },
                "east": {
                    "texture": "#texture"
                },
                "north": {
                    "texture": "#texture"
                },
                "south": {
                    "texture": "#texture"
                }
            }
        },
        {
            "from": [12,0,12],
            "to": [14,8,14],
            "faces": {
                "down": {
                    "texture": "#texture"
                },
                "west": {
                    "texture": "#texture"
                },
                "east": {
                    "texture": "#texture"
                },
                "north": {
                    "texture": "#texture"
                },
                "south": {
                    "texture": "#texture"
                }
            }
        },
        {
            "from": [2,8,2],
            "to": [14,10,14],
            "faces": {
                "up": {
                    "texture": "#texture"
                },
                "down": {
                    "texture": "#texture"
                },
                "west": {
                    "texture": "#texture"
                },
                "east": {
                    "texture": "#texture"
                },
                "north": {
                    "texture": "#texture"
                },
                "south": {
                    "texture": "#texture"
                }
            }
        },
        {
            "from": [2,10,12],
            "to": [4,22,14],
            "faces": {
                "west": {
                    "uv": [14,4,16,16],
                    "texture": "#texture"
                },
                "east": {
                    "uv": [14,4,16,16],
                    "texture": "#texture"
                },
                "north": {
                    "uv": [2,4,4,16],
                    "texture": "#texture"
                },
                "south": {
                    "uv": [2,4,4,16],
                    "texture": "#texture"
                }
            }
        },
        {
            "from": [12,10,12],
            "to": [14,22,14],
            "faces": {
                "west": {
                    "uv": [14,4,16,16],
                    "texture": "#texture"
                },
                "east": {
                    "uv": [14,4,16,16],
                    "texture": "#texture"
                },
                "north": {
                    "uv": [12,4,14,16],
                    "texture": "#texture"
                },
                "south": {
                    "uv": [12,4,14,16],
                    "texture": "#texture"
                }
            }
        },
        {
            "from": [7,10,12],
            "to": [9,22,14],
            "faces": {
                "west": {
                    "uv": [14,4,16,16],
                    "texture": "#texture"
                },
                "east": {
                    "uv": [14,4,16,16],
                    "texture": "#texture"
                },
                "north": {
                    "uv": [7,4,9,16],
                    "texture": "#texture"
                },
                "south": {
                    "uv": [7,4,9,16],
                    "texture": "#texture"
                }
            }
        },
        {
            "from": [2,22,12],
            "to": [14,24,14],
            "faces": {
                "up": {
                    "uv": [2,14,14,16],
                    "texture": "#texture"
                },
                "down": {
                    "uv": [2,14,14,16],
                    "texture": "#texture"
                },
                "west": {
                    "uv": [14,2,16,4],
                    "texture": "#texture"
                },
                "east": {
                    "uv": [14,2,16,4],
                    "texture": "#texture"
                },
                "north": {
                    "uv": [2,2,14,4],
                    "texture": "#texture"
                },
                "south": {
                    "uv": [2,2,14,4],
                    "texture": "#texture"
                }
            }
        }
    ]
}