{
    "textures": {
        "texture": "blocks/quartz_block_top",
        "particle": "blocks/quartz_block_top"
    },
    "elements": [
        {
            "from": [2,0,2],
            "to": [14,2,14],
            "faces": {
                "up": {
                    "texture": "#texture"
                },
                "down": {
                    "texture": "#texture",
                    "cullface": "down"
                },
                "west": {
                    "texture": "#texture"
                },
                "east": {
                    "texture": "#texture"
                },
                "north": {
                    "texture": "#texture"
                },
                "south": {
                    "texture": "#texture"
                }
            }
        },
        {
            "from": [4,2,4],
            "to": [12,4,12],
            "faces": {
                "up": {
                    "texture": "#texture"
                },
                "west": {
                    "texture": "#texture"
                },
                "east": {
                    "texture": "#texture"
                },
                "north": {
                    "texture": "#texture"
                },
                "south": {
                    "texture": "#texture"
                }
            }
        },
        {
            "from": [7,4,7],
            "to": [9,12,9],
            "faces": {
                "west": {
                    "texture": "#texture"
                },
                "east": {
                    "texture": "#texture"
                },
                "north": {
                    "texture": "#texture"
                },
                "south": {
                    "texture": "#texture"
                }
            }
        },
        {
            "from": [6,12,6],
            "to": [10,14,10],
            "faces": {
                "down": {
                    "texture": "#texture"
                },
                "west": {
                    "texture": "#texture"
                },
                "east": {
                    "texture": "#texture"
                },
                "north": {
                    "texture": "#texture"
                },
                "south": {
                    "texture": "#texture"
                }
            }
        },
        {
            "from": [5,14,5],
            "to": [11,16,11],
            "faces": {
                "up": {
                    "texture": "#texture",
                    "cullface": "up"
                },
                "down": {
                    "texture": "#texture"
                },
                "west": {
                    "texture": "#texture"
                },
                "east": {
                    "texture": "#texture"
                },
                "north": {
                    "texture": "#texture"
                },
                "south": {
                    "texture": "#texture"
                }
            }
        }
    ]
}