{
    "parent": "block/block",
    "textures": {
        "texture": "blocks/iron_block",
        "particle": "blocks/iron_block"
    },
    "elements": [
        {
            "from": [13,0,11],
            "to": [15,16,13],
            "faces": {
                "up": {
                    "uv": [2,1,4,3],
                    "texture": "#texture",
                    "cullface": "up"
                },
                "down": {
                    "uv": [2,13,4,15],
                    "texture": "#texture",
                    "cullface": "down"
                },
                "west": {
                    "uv": [2,0,4,16],
                    "texture": "#texture"
                },
                "east": {
                    "uv": [2,0,4,16],
                    "texture": "#texture"
                },
                "north": {
                    "uv": [2,0,4,16],
                    "texture": "#texture"
                },
                "south": {
                    "uv": [2,0,4,16],
                    "texture": "#texture"
                }
            }
        },
        {
            "from": [1,0,11],
            "to": [3,16,13],
            "faces": {
                "up": {
                    "uv": [2,1,4,3],
                    "texture": "#texture",
                    "cullface": "up"
                },
                "down": {
                    "uv": [2,13,4,15],
                    "texture": "#texture",
                    "cullface": "down"
                },
                "west": {
                    "uv": [2,0,4,16],
                    "texture": "#texture"
                },
                "east": {
                    "uv": [2,0,4,16],
                    "texture": "#texture"
                },
                "north": {
                    "uv": [2,0,4,16],
                    "texture": "#texture"
                },
                "south": {
                    "uv": [2,0,4,16],
                    "texture": "#texture"
                }
            }
        },
        {
            "from": [15,13,11.5],
            "to": [16,15,12.5],
            "faces": {
                "up": {
                    "uv": [1,1,2,2],
                    "texture": "#texture"
                },
                "down": {
                    "uv": [1,2,2,3],
                    "texture": "#texture"
                },
                "west": {
                    "uv": [1,1,2,3],
                    "texture": "#texture"
                },
                "east": {
                    "uv": [1,1,2,3],
                    "texture": "#texture"
                },
                "north": {
                    "uv": [1,1,2,3],
                    "texture": "#texture"
                },
                "south": {
                    "uv": [1,1,2,3],
                    "texture": "#texture"
                }
            }
        },
        {
            "from": [15,9,11.5],
            "to": [16,11,12.5],
            "faces": {
                "up": {
                    "uv": [1,1,2,2],
                    "texture": "#texture"
                },
                "down": {
                    "uv": [1,2,2,3],
                    "texture": "#texture"
                },
                "west": {
                    "uv": [1,1,2,3],
                    "texture": "#texture"
                },
                "east": {
                    "uv": [1,1,2,3],
                    "texture": "#texture"
                },
                "north": {
                    "uv": [1,1,2,3],
                    "texture": "#texture"
                },
                "south": {
                    "uv": [1,1,2,3],
                    "texture": "#texture"
                }
            }
        },
        {
            "from": [15,5,11.5],
            "to": [16,7,12.5],
            "faces": {
                "up": {
                    "uv": [1,1,2,2],
                    "texture": "#texture"
                },
                "down": {
                    "uv": [1,2,2,3],
                    "texture": "#texture"
                },
                "west": {
                    "uv": [1,1,2,3],
                    "texture": "#texture"
                },
                "east": {
                    "uv": [1,1,2,3],
                    "texture": "#texture"
                },
                "north": {
                    "uv": [1,1,2,3],
                    "texture": "#texture"
                },
                "south": {
                    "uv": [1,1,2,3],
                    "texture": "#texture"
                }
            }
        },
        {
            "from": [15,1,11.5],
            "to": [16,3,12.5],
            "faces": {
                "up": {
                    "uv": [1,1,2,2],
                    "texture": "#texture"
                },
                "down": {
                    "uv": [1,2,2,3],
                    "texture": "#texture"
                },
                "west": {
                    "uv": [1,1,2,3],
                    "texture": "#texture"
                },
                "east": {
                    "uv": [1,1,2,3],
                    "texture": "#texture"
                },
                "north": {
                    "uv": [1,1,2,3],
                    "texture": "#texture"
                },
                "south": {
                    "uv": [1,1,2,3],
                    "texture": "#texture"
                }
            }
        },
        {
            "from": [0,13,11.5],
            "to": [1,15,12.5],
            "faces": {
                "up": {
                    "uv": [14,1,15,2],
                    "texture": "#texture"
                },
                "down": {
                    "uv": [14,2,15,3],
                    "texture": "#texture"
                },
                "west": {
                    "uv": [14,1,15,3],
                    "texture": "#texture"
                },
                "east": {
                    "uv": [14,1,15,3],
                    "texture": "#texture"
                },
                "north": {
                    "uv": [14,1,15,3],
                    "texture": "#texture"
                },
                "south": {
                    "uv": [14,1,15,3],
                    "texture": "#texture"
                }
            }
        },
        {
            "from": [0,9,11.5],
            "to": [1,11,12.5],
            "faces": {
                "up": {
                    "uv": [14,1,15,2],
                    "texture": "#texture"
                },
                "down": {
                    "uv": [14,2,15,3],
                    "texture": "#texture"
                },
                "west": {
                    "uv": [14,1,15,3],
                    "texture": "#texture"
                },
                "east": {
                    "uv": [14,1,15,3],
                    "texture": "#texture"
                },
                "north": {
                    "uv": [14,1,15,3],
                    "texture": "#texture"
                },
                "south": {
                    "uv": [14,1,15,3],
                    "texture": "#texture"
                }
            }
        },
        {
            "from": [0,5,11.5],
            "to": [1,7,12.5],
            "faces": {
                "up": {
                    "uv": [14,1,15,2],
                    "texture": "#texture"
                },
                "down": {
                    "uv": [14,2,15,3],
                    "texture": "#texture"
                },
                "west": {
                    "uv": [14,1,15,3],
                    "texture": "#texture"
                },
                "east": {
                    "uv": [14,1,15,3],
                    "texture": "#texture"
                },
                "north": {
                    "uv": [14,1,15,3],
                    "texture": "#texture"
                },
                "south": {
                    "uv": [14,1,15,3],
                    "texture": "#texture"
                }
            }
        },
        {
            "from": [0,1,11.5],
            "to": [1,3,12.5],
            "faces": {
                "up": {
                    "uv": [14,1,15,2],
                    "texture": "#texture"
                },
                "down": {
                    "uv": [14,2,15,3],
                    "texture": "#texture"
                },
                "west": {
                    "uv": [14,1,15,3],
                    "texture": "#texture"
                },
                "east": {
                    "uv": [14,1,15,3],
                    "texture": "#texture"
                },
                "north": {
                    "uv": [14,1,15,3],
                    "texture": "#texture"
                },
                "south": {
                    "uv": [14,1,15,3],
                    "texture": "#texture"
                }
            }
        },
        {
            "from": [3,13,11.5],
            "to": [13,15,12.5],
            "faces": {
                "up": {
                    "uv": [4,1,12,2],
                    "texture": "#texture"
                },
                "down": {
                    "uv": [4,2,12,3],
                    "texture": "#texture"
                },
                "west": {
                    "uv": [14,1,15,3],
                    "texture": "#texture"
                },
                "east": {
                    "uv": [1,1,2,3],
                    "texture": "#texture"
                },
                "north": {
                    "uv": [4,1,12,3],
                    "texture": "#texture"
                },
                "south": {
                    "uv": [4,1,12,3],
                    "texture": "#texture"
                }
            }
        },
        {
            "from": [3,9,11.5],
            "to": [13,11,12.5],
            "faces": {
                "up": {
                    "uv": [4,1,12,2],
                    "texture": "#texture"
                },
                "down": {
                    "uv": [4,2,12,3],
                    "texture": "#texture"
                },
                "west": {
                    "uv": [14,1,15,3],
                    "texture": "#texture"
                },
                "east": {
                    "uv": [1,1,2,3],
                    "texture": "#texture"
                },
                "north": {
                    "uv": [4,1,12,3],
                    "texture": "#texture"
                },
                "south": {
                    "uv": [4,1,12,3],
                    "texture": "#texture"
                }
            }
        },
        {
            "from": [3,5,11.5],
            "to": [13,7,12.5],
            "faces": {
                "up": {
                    "uv": [4,1,12,2],
                    "texture": "#texture"
                },
                "down": {
                    "uv": [4,2,12,3],
                    "texture": "#texture"
                },
                "west": {
                    "uv": [14,1,15,3],
                    "texture": "#texture"
                },
                "east": {
                    "uv": [1,1,2,3],
                    "texture": "#texture"
                },
                "north": {
                    "uv": [4,1,12,3],
                    "texture": "#texture"
                },
                "south": {
                    "uv": [4,1,12,3],
                    "texture": "#texture"
                }
            }
        },
        {
            "from": [3,1,11.5],
            "to": [13,3,12.5],
            "faces": {
                "up": {
                    "uv": [4,1,12,2],
                    "texture": "#texture"
                },
                "down": {
                    "uv": [4,2,12,3],
                    "texture": "#texture"
                },
                "west": {
                    "uv": [14,1,15,3],
                    "texture": "#texture"
                },
                "east": {
                    "uv": [1,1,2,3],
                    "texture": "#texture"
                },
                "north": {
                    "uv": [4,1,12,3],
                    "texture": "#texture"
                },
                "south": {
                    "uv": [4,1,12,3],
                    "texture": "#texture"
                }
            }
        },
        {
            "from": [1,7,13],
            "to": [3,9,16],
            "faces": {
                "up": {
                    "uv": [2,0,4,3],
                    "texture": "#texture"
                },
                "down": {
                    "uv": [2,0,4,3],
                    "texture": "#texture"
                },
                "west": {
                    "uv": [2,0,4,3],
                    "texture": "#texture"
                },
                "east": {
                    "uv": [2,0,4,3],
                    "texture": "#texture"
                },
                "south": {
                    "uv": [2,7,4,9],
                    "texture": "#texture",
                    "cullface": "south"
                }
            }
        },
        {
            "from": [13,7,13],
            "to": [15,9,16],
            "faces": {
                "up": {
                    "uv": [2,0,4,3],
                    "texture": "#texture"
                },
                "down": {
                    "uv": [2,0,4,3],
                    "texture": "#texture"
                },
                "west": {
                    "uv": [2,0,4,3],
                    "texture": "#texture"
                },
                "east": {
                    "uv": [2,0,4,3],
                    "texture": "#texture"
                },
                "south": {
                    "uv": [2,7,4,9],
                    "texture": "#texture",
                    "cullface": "south"
                }
            }
        }
    ]
}