{
    "textures": {
		"lever": "blocks/stone",
		"light": "blocks/light_on",
        "particle": "blocks/stone"
    },
    "elements": [
        {
            "from": [10.5,0,4.5],
            "to": [11.5,1,11.5],
            "faces": {
                "up": {
                    "uv": [5,10,11,6],
                    "texture": "#lever"
                },
                "down": {
                    "texture": "#lever",
                    "cullface": "down"
                },
                "west": {
                    "texture": "#lever"
                },
                "east": {
                    "texture": "#lever"
                },
                "north": {
                    "texture": "#lever"
                },
                "south": {
                    "texture": "#lever"
                }
            }
        },
        {
            "from": [4.5,0,4.5],
            "to": [5.5,1,11.5],
            "faces": {
                "up": {
                    "uv": [5,10,11,6],
                    "texture": "#lever"
                },
                "down": {
                    "texture": "#lever",
                    "cullface": "down"
                },
                "west": {
                    "texture": "#lever"
                },
                "east": {
                    "texture": "#lever"
                },
                "north": {
                    "texture": "#lever"
                },
                "south": {
                    "texture": "#lever"
                }
            }
        },
        {
            "from": [5.5,0,10.5],
            "to": [10.5,1,11.5],
            "faces": {
                "up": {
                    "uv": [5,10,11,6],
                    "texture": "#lever"
                },
                "down": {
                    "texture": "#lever",
                    "cullface": "down"
                },
                "west": {
                    "texture": "#lever"
                },
                "east": {
                    "texture": "#lever"
                },
                "north": {
                    "texture": "#lever"
                },
                "south": {
                    "texture": "#lever"
                }
            }
        },
        {
            "from": [5.5,0,4.5],
            "to": [10.5,1,5.5],
            "faces": {
                "up": {
                    "uv": [5,10,11,6],
                    "texture": "#lever"
                },
                "down": {
                    "texture": "#lever",
                    "cullface": "down"
                },
                "west": {
                    "texture": "#lever"
                },
                "east": {
                    "texture": "#lever"
                },
                "north": {
                    "texture": "#lever"
                },
                "south": {
                    "texture": "#lever"
                }
            }
        },
        {
            "from": [5.5,0,5.5],
            "to": [10.5,0.5,10.5],
            "faces": {
                "up": {
                    "uv": [5,10,11,6],
                    "texture": "#light"
                },
                "down": {
                    "texture": "#light",
                    "cullface": "down"
                },
                "west": {
                    "texture": "#light"
                },
                "east": {
                    "texture": "#light"
                },
                "north": {
                    "texture": "#light"
                },
                "south": {
                    "texture": "#light"
                }
            }
        }
    ]
}