{
    "textures": {
        "particle": "#side"
    },
    "elements": [
        {
            "from": [0,0,0],
            "to": [16,4,16],
            "faces": {
                "up": {
                    "texture": "#top"
                },
                "down": {
                    "texture": "#bottom",
                    "cullface": "down"
                },
                "west": {
                    "texture": "#side",
                    "cullface": "west"
                },
                "east": {
                    "texture": "#side",
                    "cullface": "east"
                },
                "north": {
                    "texture": "#side",
                    "cullface": "north"
                },
                "south": {
                    "texture": "#side",
                    "cullface": "south"
                }
            }
        },
        {
            "from": [4,4,4],
            "to": [16,8,16],
            "faces": {
                "up": {
                    "texture": "#top"
                },
                "west": {
                    "texture": "#side"
                },
                "east": {
                    "texture": "#side",
                    "cullface": "east"
                },
                "north": {
                    "texture": "#side"
                },
                "south": {
                    "texture": "#side",
                    "cullface": "south"
                }
            }
        },
        {
            "from": [8,8,8],
            "to": [16,12,16],
            "faces": {
                "up": {
                    "texture": "#top"
                },
                "west": {
                    "texture": "#side"
                },
                "east": {
                    "texture": "#side",
                    "cullface": "east"
                },
                "north": {
                    "texture": "#side"
                },
                "south": {
                    "texture": "#side",
                    "cullface": "south"
                }
            }
        },
        {
            "from": [12,12,12],
            "to": [16,16,16],
            "faces": {
                "up": {
                    "texture": "#top",
                    "cullface": "up"
                },
                "west": {
                    "texture": "#side"
                },
                "east": {
                    "texture": "#side",
                    "cullface": "east"
                },
                "north": {
                    "texture": "#side"
                },
                "south": {
                    "texture": "#side",
                    "cullface": "south"
                }
            }
        }
    ]
}