{
	"parent": "block/block",
    "ambientocclusion": false,
    "textures": {
        "particle": "#texture"
    },
    "elements": [
        {
            "from": [1,0,1],
            "to": [15,1,2],
            "faces": {
                "up": {
                    "texture": "#texture"
                },
                "down": {
                    "texture": "#texture",
                    "cullface": "down"
                },
                "west": {
                    "texture": "#texture"
                },
                "east": {
                    "texture": "#texture"
                },
                "north": {
                    "texture": "#texture"
                },
                "south": {
                    "texture": "#texture"
                }
            }
        },
        {
            "from": [1,0,14],
            "to": [15,1,15],
            "faces": {
                "up": {
                    "texture": "#texture"
                },
                "down": {
                    "texture": "#texture",
                    "cullface": "down"
                },
                "west": {
                    "texture": "#texture"
                },
                "east": {
                    "texture": "#texture"
                },
                "north": {
                    "texture": "#texture"
                },
                "south": {
                    "texture": "#texture"
                }
            }
        },
        {
            "from": [1,0,2],
            "to": [2,1,14],
            "faces": {
                "up": {
                    "texture": "#texture"
                },
                "down": {
                    "texture": "#texture",
                    "cullface": "down"
                },
                "west": {
                    "texture": "#texture"
                },
                "east": {
                    "texture": "#texture"
                },
                "north": {
                    "texture": "#texture"
                },
                "south": {
                    "texture": "#texture"
                }
            }
        },
        {
            "from": [14,0,2],
            "to": [15,1,14],
            "faces": {
                "up": {
                    "texture": "#texture"
                },
                "down": {
                    "texture": "#texture",
                    "cullface": "down"
                },
                "west": {
                    "texture": "#texture"
                },
                "east": {
                    "texture": "#texture"
                },
                "north": {
                    "texture": "#texture"
                },
                "south": {
                    "texture": "#texture"
                }
            }
        },
        {
            "from": [2,0,2],
            "to": [14,2,14],
            "faces": {
                "up": {
                    "texture": "#texture"
                },
                "down": {
                    "texture": "#texture",
                    "cullface": "down"
                },
                "west": {
                    "texture": "#texture"
                },
                "east": {
                    "texture": "#texture"
                },
                "north": {
                    "texture": "#texture"
                },
                "south": {
                    "texture": "#texture"
                }
            }
        }
    ]
}