{
	"custom.music.parcels": {
		"category": "voice",
		"sounds": [
			{
			"name": "custom/music/parcels",
			"stream": true
			}
		]
	},
	"custom.music.parcel1": {
		"category": "voice",
		"sounds": [
			{
			"name": "custom/music/parcel1",
			"stream": true
			}
		]
	},
	"custom.music.mysterious": {
		"category": "voice",
		"sounds": [
			{
			"name": "custom/music/mysterious",
			"stream": true
			}
		]
	},
	"custom.music.enigmatic": {
		"category": "voice",
		"sounds": [
			{
			"name": "custom/music/enigmatic",
			"stream": true
			}
		]
	},
	"custom.music.parcel2": {
		"category": "voice",
		"sounds": [
			{
			"name": "custom/music/parcel2",
			"stream": true
			}
		]
	},
	"custom.music.parcel3": {
		"category": "voice",
		"sounds": [
			{
			"name": "custom/music/parcel3",
			"stream": true
			}
		]
	},
	"custom.music.parcel4": {
		"category": "voice",
		"sounds": [
			{
			"name": "custom/music/parcel4",
			"stream": true
			}
		]
	},
	"custom.music.parcel5": {
		"category": "voice",
		"sounds": [
			{
			"name": "custom/music/parcel5",
			"stream": true
			}
		]
	},
	"custom.music.parcel6": {
		"category": "voice",
		"sounds": [
			{
			"name": "custom/music/parcel1",
			"stream": true
			}
		]
	},
	"custom.music.parcel7": {
		"category": "voice",
		"sounds": [
			{
			"name": "custom/music/parcel7",
			"stream": true
			}
		]
	},
	"custom.music.parcel8": {
		"category": "voice",
		"sounds": [
			{
			"name": "custom/music/parcel1",
			"stream": true
			}
		]
	},
	"custom.music.parcel9": {
		"category": "voice",
		"sounds": [
			{
			"name": "custom/music/parcel5",
			"stream": true
			}
		]
	},
	"custom.music.parcel10": {
		"category": "voice",
		"sounds": [
			{
			"name": "custom/music/parcel10",
			"stream": true
			}
		]
	},
	"custom.music.parcel11": {
		"category": "voice",
		"sounds": [
			{
			"name": "custom/music/parcel11",
			"stream": true
			}
		]
	},
		"custom.music.parcel12": {
		"category": "voice",
		"sounds": [
			{
			"name": "custom/music/parcel7",
			"stream": true
			}
		]
	},
		"custom.music.parcel13": {
		"category": "voice",
		"sounds": [
			{
			"name": "custom/music/parcel13",
			"stream": true
			}
		]
	},
		"custom.music.parcel14": {
		"category": "voice",
		"sounds": [
			{
			"name": "custom/music/parcel10",
			"stream": true
			}
		]
	},
		"custom.music.parcel15": {
		"category": "voice",
		"sounds": [
			{
			"name": "custom/music/parcel15",
			"stream": true
			}
		]
	},
			"custom.music.parcel16": {
		"category": "voice",
		"sounds": [
			{
			"name": "custom/music/parcel13",
			"stream": true
			}
		]
	},
		"custom.music.parcel17": {
		"category": "voice",
		"sounds": [
			{
			"name": "custom/music/parcel11",
			"stream": true
			}
		]
	},
		"custom.music.parcel18": {
		"category": "voice",
		"sounds": [
			{
			"name": "custom/music/parcel13",
			"stream": true
			}
		]
	},
		"custom.music.parcel19": {
		"category": "voice",
		"sounds": [
			{
			"name": "custom/music/parcel19",
			"stream": true
			}
		]
	},
		"custom.music.parcel20": {
		"category": "voice",
		"sounds": [
			{
			"name": "custom/music/parcel15",
			"stream": true
			}
		]
	},
		"custom.music.danger": {
		"category": "voice",
		"sounds": [
			{
			"name": "custom/music/danger",
			"stream": true
			}
		]
	},
		"custom.music.parcel21": {
		"category": "voice",
		"sounds": [
			{
			"name": "custom/music/parcel13",
			"stream": true
			}
		]
	},
		"custom.music.parcel22": {
		"category": "voice",
		"sounds": [
			{
			"name": "custom/music/parcel3",
			"stream": true
			}
		]
	},
		"custom.music.parcel23": {
		"category": "voice",
		"sounds": [
			{
			"name": "custom/music/parcel7",
			"stream": true
			}
		]
	},
		"custom.music.parcel24": {
		"category": "voice",
		"sounds": [
			{
			"name": "custom/music/parcel4",
			"stream": true
			}
		]
	},
		"custom.music.oppression": {
		"category": "voice",
		"sounds": [
			{
			"name": "custom/music/oppression",
			"stream": true
			}
		]
	},
		"custom.music.battle": {
		"category": "voice",
		"sounds": [
			{
			"name": "custom/music/battle",
			"stream": true
			}
		]
	},
		"custom.music.inside": {
		"category": "voice",
		"sounds": [
			{
			"name": "custom/music/oppression",
			"stream": true
			}
		]
	},
		"custom.music.revelation": {
		"category": "voice",
		"sounds": [
			{
			"name": "custom/music/revelation",
			"stream": true
			}
		]
	},
		"custom.music.parcel26": {
		"category": "voice",
		"sounds": [
			{
			"name": "custom/music/parcel26",
			"stream": true
			}
		]
	},
		"custom.music.parcel27": {
		"category": "voice",
		"sounds": [
			{
			"name": "custom/music/parcel27",
			"stream": true
			}
		]
	},
		"custom.music.parcel28": {
		"category": "voice",
		"sounds": [
			{
			"name": "custom/music/parcel26",
			"stream": true
			}
		]
	},
		"custom.music.parcel29": {
		"category": "voice",
		"sounds": [
			{
			"name": "custom/music/parcel10",
			"stream": true
			}
		]
	},
		"custom.music.final_parcel": {
		"category": "voice",
		"sounds": [
			{
			"name": "custom/music/final_parcel",
			"stream": true
			}
		]
	},
		"custom.music.emergency": {
		"category": "voice",
		"sounds": [
			{
			"name": "custom/music/emergency",
			"stream": true
			}
		]
	},
		"custom.music.final_battle": {
		"category": "voice",
		"sounds": [
			{
			"name": "custom/music/final_battle",
			"stream": true
			}
		]
	},
	"custom.sound.event": {
		"category": "voice",
		"sounds": [
			{
			"name": "custom/sound/event",
			"stream": true
			}
		]
	},
	"custom.sound.toilets": {
		"category": "voice",
		"sounds": [
			{
			"name": "custom/sound/toilets",
			"stream": true
			}
		]
	},
	"custom.sound.shower": {
		"category": "voice",
		"sounds": [
			{
			"name": "custom/sound/shower",
			"stream": true
			}
		]
	},
	"custom.sound.lights": {
		"category": "voice",
		"sounds": [
			{
			"name": "custom/sound/lights",
			"stream": true
			}
		]
	},
	"custom.sound.gate": {
		"category": "voice",
		"sounds": [
			{
			"name": "custom/sound/gate",
			"stream": true
			}
		]
	},
	"custom.sound.explode": {
		"category": "voice",
		"sounds": [
			{
			"name": "custom/sound/explode",
			"stream": true
			}
		]
	},
	"custom.sound.glass": {
		"category": "voice",
		"sounds": [
			{
			"name": "custom/sound/glass",
			"stream": true
			}
		]
	},
	"custom.sound.doorbell": {
		"category": "voice",
		"sounds": [
			{
			"name": "custom/sound/doorbell",
			"stream": true
			}
		]
	},
	"custom.sound.big_gate": {
		"category": "voice",
		"sounds": [
			{
			"name": "custom/sound/big_gate",
			"stream": true
			}
		]
	},
	"custom.sound.ladder": {
		"category": "voice",
		"sounds": [
			{
			"name": "custom/sound/ladder",
			"stream": true
			}
		]
	},
	"custom.sound.teleportation": {
		"category": "voice",
		"sounds": [
			{
			"name": "custom/sound/teleportation",
			"stream": true
			}
		]
	},
	"custom.sound.easter_egg1": {
		"category": "voice",
		"sounds": [
			{
			"name": "custom/sound/easter_egg1",
			"stream": true
			}
		]
	},
	"custom.sound.parcel_guardian": {
		"category": "voice",
		"sounds": [
			{
			"name": "custom/sound/parcel_guardian",
			"stream": true
			}
		]
	},
	"custom.sound.power": {
		"category": "voice",
		"sounds": [
			{
			"name": "custom/sound/power",
			"stream": true
			}
		]
	},
	"custom.sound.easter_egg2": {
		"category": "voice",
		"sounds": [
			{
			"name": "custom/sound/easter_egg2",
			"stream": true
			}
		]
	},
	"custom.sound.explosions": {
		"category": "voice",
		"sounds": [
			{
			"name": "custom/sound/explosions",
			"stream": true
			}
		]
	},
	"custom.text.game1": {
		"category": "voice",
		"sounds": [
			{
			"name": "custom/text/game1",
			"stream": true
			}
		]
	},
	"custom.text.game2": {
		"category": "voice",
		"sounds": [
			{
			"name": "custom/text/game2",
			"stream": true
			}
		]
	},
	"custom.voice.warning": {
		"category": "voice",
		"sounds": [
			{
			"name": "custom/voice/warning",
			"stream": true
			}
		]
	},
	"custom.voice.parcel1": {
		"category": "voice",
		"sounds": [
			{
			"name": "custom/voice/parcel1",
			"stream": true
			}
		]
	},
	"custom.voice.mysterious_corridor": {
		"category": "voice",
		"sounds": [
			{
			"name": "custom/voice/mysterious_corridor",
			"stream": true
			}
		]
	},
	"custom.voice.parcel2": {
		"category": "voice",
		"sounds": [
			{
			"name": "custom/voice/parcel2",
			"stream": true
			}
		]
	},
	"custom.voice.parcel3": {
		"category": "voice",
		"sounds": [
			{
			"name": "custom/voice/parcel3",
			"stream": true
			}
		]
	},
	"custom.voice.door": {
		"category": "voice",
		"sounds": [
			{
			"name": "custom/voice/door",
			"stream": true
			}
		]
	},
	"custom.voice.parcel4": {
		"category": "voice",
		"sounds": [
			{
			"name": "custom/voice/parcel4",
			"stream": true
			}
		]
	},
	"custom.voice.parcel5": {
		"category": "voice",
		"sounds": [
			{
			"name": "custom/voice/parcel5",
			"stream": true
			}
		]
	},
	"custom.voice.invisible_walls": {
		"category": "voice",
		"sounds": [
			{
			"name": "custom/voice/invisible_walls",
			"stream": true
			}
		]
	},
	"custom.voice.parcel6": {
		"category": "voice",
		"sounds": [
			{
			"name": "custom/voice/parcel6",
			"stream": true
			}
		]
	},
	"custom.voice.parcel7": {
		"category": "voice",
		"sounds": [
			{
			"name": "custom/voice/parcel7",
			"stream": true
			}
		]
	},
	"custom.voice.parcel8": {
		"category": "voice",
		"sounds": [
			{
			"name": "custom/voice/parcel8",
			"stream": true
			}
		]
	},
	"custom.voice.parcel9": {
		"category": "voice",
		"sounds": [
			{
			"name": "custom/voice/parcel9",
			"stream": true
			}
		]
	},
	"custom.voice.parcel10": {
		"category": "voice",
		"sounds": [
			{
			"name": "custom/voice/parcel10",
			"stream": true
			}
		]
	},
	"custom.voice.parcel11": {
		"category": "voice",
		"sounds": [
			{
			"name": "custom/voice/parcel11",
			"stream": true
			}
		]
	},
	"custom.voice.parcel12": {
		"category": "voice",
		"sounds": [
			{
			"name": "custom/voice/parcel12",
			"stream": true
			}
		]
	},
	"custom.voice.parcel13": {
		"category": "voice",
		"sounds": [
			{
			"name": "custom/voice/parcel13",
			"stream": true
			}
		]
	},
	"custom.voice.parcel14": {
		"category": "voice",
		"sounds": [
			{
			"name": "custom/voice/parcel14",
			"stream": true
			}
		]
	},
	"custom.voice.parcel15": {
		"category": "voice",
		"sounds": [
			{
			"name": "custom/voice/parcel15",
			"stream": true
			}
		]
	},
	"custom.voice.parcel16": {
		"category": "voice",
		"sounds": [
			{
			"name": "custom/voice/parcel16",
			"stream": true
			}
		]
	},
	"custom.voice.parcel17": {
		"category": "voice",
		"sounds": [
			{
			"name": "custom/voice/parcel17",
			"stream": true
			}
		]
	},
	"custom.voice.parcel18": {
		"category": "voice",
		"sounds": [
			{
			"name": "custom/voice/parcel18",
			"stream": true
			}
		]
	},
	"custom.voice.parcel19": {
		"category": "voice",
		"sounds": [
			{
			"name": "custom/voice/parcel19",
			"stream": true
			}
		]
	},
	"custom.voice.parcel20": {
		"category": "voice",
		"sounds": [
			{
			"name": "custom/voice/parcel20",
			"stream": true
			}
		]
	},
	"custom.voice.parcel21": {
		"category": "voice",
		"sounds": [
			{
			"name": "custom/voice/parcel21",
			"stream": true
			}
		]
	},
	"custom.voice.parcel22": {
		"category": "voice",
		"sounds": [
			{
			"name": "custom/voice/parcel22",
			"stream": true
			}
		]
	},
	"custom.voice.parcel23": {
		"category": "voice",
		"sounds": [
			{
			"name": "custom/voice/parcel23",
			"stream": true
			}
		]
	},
	"custom.voice.parcel24": {
		"category": "voice",
		"sounds": [
			{
			"name": "custom/voice/parcel24",
			"stream": true
			}
		]
	},
	"custom.voice.parcel25": {
		"category": "voice",
		"sounds": [
			{
			"name": "custom/voice/parcel25",
			"stream": true
			}
		]
	},
	"custom.voice.insane_reserve": {
		"category": "voice",
		"sounds": [
			{
			"name": "custom/voice/insane_reserve",
			"stream": true
			}
		]
	},
	"custom.voice.dialog1": {
		"category": "voice",
		"sounds": [
			{
			"name": "custom/voice/dialog1",
			"stream": true
			}
		]
	},
	"custom.voice.dialog2": {
		"category": "voice",
		"sounds": [
			{
			"name": "custom/voice/dialog2",
			"stream": true
			}
		]
	},
	"custom.voice.dialog3": {
		"category": "voice",
		"sounds": [
			{
			"name": "custom/voice/dialog3",
			"stream": true
			}
		]
	},
	"custom.voice.dialog4": {
		"category": "voice",
		"sounds": [
			{
			"name": "custom/voice/dialog4",
			"stream": true
			}
		]
	},
	"custom.voice.dialog5": {
		"category": "voice",
		"sounds": [
			{
			"name": "custom/voice/dialog5",
			"stream": true
			}
		]
	},
	"custom.voice.dialog6": {
		"category": "voice",
		"sounds": [
			{
			"name": "custom/voice/dialog6",
			"stream": true
			}
		]
	},
	"custom.voice.dialog7": {
		"category": "voice",
		"sounds": [
			{
			"name": "custom/voice/dialog7",
			"stream": true
			}
		]
	},
	"custom.voice.dialog8": {
		"category": "voice",
		"sounds": [
			{
			"name": "custom/voice/dialog8",
			"stream": true
			}
		]
	},
	"custom.voice.dialog9": {
		"category": "voice",
		"sounds": [
			{
			"name": "custom/voice/dialog9",
			"stream": true
			}
		]
	},
	"custom.voice.parcel26": {
		"category": "voice",
		"sounds": [
			{
			"name": "custom/voice/parcel26",
			"stream": true
			}
		]
	},
	"custom.voice.parcel27": {
		"category": "voice",
		"sounds": [
			{
			"name": "custom/voice/parcel27",
			"stream": true
			}
		]
	},
	"custom.voice.parcel28": {
		"category": "voice",
		"sounds": [
			{
			"name": "custom/voice/parcel28",
			"stream": true
			}
		]
	},
	"custom.voice.parcel29": {
		"category": "voice",
		"sounds": [
			{
			"name": "custom/voice/parcel29",
			"stream": true
			}
		]
	},
	"custom.voice.parcel30": {
		"category": "voice",
		"sounds": [
			{
			"name": "custom/voice/parcel30",
			"stream": true
			}
		]
	},
	"custom.voice.dialog10": {
		"category": "voice",
		"sounds": [
			{
			"name": "custom/voice/dialog10",
			"stream": true
			}
		]
	},
	"custom.voice.dialog11": {
		"category": "voice",
		"sounds": [
			{
			"name": "custom/voice/dialog11",
			"stream": true
			}
		]
	},
	"custom.voice.dialog12": {
		"category": "voice",
		"sounds": [
			{
			"name": "custom/voice/dialog12",
			"stream": true
			}
		]
	},
	"custom.voice.dialog13": {
		"category": "voice",
		"sounds": [
			{
			"name": "custom/voice/dialog13",
			"stream": true
			}
		]
	},
	"custom.voice.dialog14": {
		"category": "voice",
		"sounds": [
			{
			"name": "custom/voice/dialog14",
			"stream": true
			}
		]
	},
	"custom.voice.dialog15": {
		"category": "voice",
		"sounds": [
			{
			"name": "custom/voice/dialog15",
			"stream": true
			}
		]
	},
	"custom.voice.dialog16": {
		"category": "voice",
		"sounds": [
			{
			"name": "custom/voice/dialog16",
			"stream": true
			}
		]
	},
	"custom.voice.dialog17": {
		"category": "voice",
		"sounds": [
			{
			"name": "custom/voice/dialog17",
			"stream": true
			}
		]
	},
	"custom.voice.dialog18": {
		"category": "voice",
		"sounds": [
			{
			"name": "custom/voice/dialog18",
			"stream": true
			}
		]
	},
	"custom.voice.dialog19": {
		"category": "voice",
		"sounds": [
			{
			"name": "custom/voice/dialog19",
			"stream": true
			}
		]
	},
	"custom.voice.dialog20": {
		"category": "voice",
		"sounds": [
			{
			"name": "custom/voice/dialog20",
			"stream": true
			}
		]
	},
	"custom.voice.final_parcel": {
		"category": "voice",
		"sounds": [
			{
			"name": "custom/voice/final_parcel",
			"stream": true
			}
		]
	},
	"custom.voice.dialog21": {
		"category": "voice",
		"sounds": [
			{
			"name": "custom/voice/dialog21",
			"stream": true
			}
		]
	},
	"custom.voice.dialog22": {
		"category": "voice",
		"sounds": [
			{
			"name": "custom/voice/dialog22",
			"stream": true
			}
		]
	},
	"custom.voice.dialog23": {
		"category": "voice",
		"sounds": [
			{
			"name": "custom/voice/dialog23",
			"stream": true
			}
		]
	},
	"custom.voice.final_boss": {
		"category": "voice",
		"sounds": [
			{
			"name": "custom/voice/final_boss",
			"stream": true
			}
		]
	},
	"custom.voice.emergency": {
		"category": "voice",
		"sounds": [
			{
			"name": "custom/voice/emergency",
			"stream": true
			}
		]
	},
	"custom.voice.exit": {
		"category": "voice",
		"sounds": [
			{
			"name": "custom/voice/exit",
			"stream": true
			}
		]
	},
	"custom.voice.dialog24": {
		"category": "voice",
		"sounds": [
			{
			"name": "custom/voice/dialog24",
			"stream": true
			}
		]
	}
}