{"stat.beaconInteraction":4,"stat.useItem.minecraft.bow":39,"stat.useItem.minecraft.quartz_block":1125,"stat.useItem.minecraft.painting":75,"stat.pickup.minecraft.wooden_slab":1,"stat.leaveGame":157,"stat.drop.minecraft.gunpowder":1,"stat.killEntity.Parrot":26,"stat.drop.minecraft.redstone":122,"stat.useItem.minecraft.glowstone":661,"stat.drop.minecraft.enchanted_book":1,"stat.drop.minecraft.feather":21,"stat.drop.minecraft.coal_block":3,"stat.drop.minecraft.redstone_torch":77,"stat.pickup.minecraft.rotten_flesh":1,"stat.useItem.minecraft.diamond_hoe":1150,"stat.useItem.minecraft.sandstone_stairs":354,"stat.drop.minecraft.leather_boots":17,"stat.useItem.minecraft.rail":4,"stat.killEntity.Enderman":2,"stat.pickup.minecraft.leather_boots":28,"stat.drop.minecraft.elytra":2,"stat.pickup.minecraft.record_ward":3,"stat.useItem.minecraft.anvil":19,"stat.useItem.minecraft.record_strad":1,"stat.killEntity.Witch":10,"stat.drop.minecraft.sand":65,"stat.killEntity.Villager":8,"stat.drop.minecraft.tnt":3,"stat.drop.minecraft.sandstone_stairs":3,"stat.pickup.minecraft.stained_hardened_clay":8,"stat.useItem.minecraft.hardened_clay":179,"stat.mineBlock.minecraft.sticky_piston":1,"stat.pickup.minecraft.record_far":3,"stat.drop.minecraft.gravel":1,"stat.furnaceInteraction":1,"stat.drop.minecraft.red_flower":2,"stat.craftItem.minecraft.leather_helmet":28,"stat.useItem.minecraft.double_plant":10,"stat.useItem.minecraft.red_sandstone":498,"stat.pickup.minecraft.leather_helmet":26,"stat.useItem.minecraft.trapdoor":8,"stat.useItem.minecraft.stained_glass":891,"stat.useItem.minecraft.fence":310,"stat.drop.minecraft.furnace":1,"stat.useItem.minecraft.dark_oak_door":33,"stat.pickup.minecraft.potion":4,"stat.useItem.minecraft.cauldron":11,"stat.useItem.minecraft.flint_and_steel":15,"stat.useItem.minecraft.wheat_seeds":1148,"stat.useItem.minecraft.wooden_button":97,"stat.killEntity.Husk":1,"stat.pickup.minecraft.emerald":187,"stat.useItem.minecraft.dye":2789,"stat.pickup.minecraft.lever":29,"stat.deaths":120,"stat.pickup.minecraft.bowl":2,"stat.pickup.minecraft.item_frame":1,"stat.drop.minecraft.torch":24,"stat.useItem.minecraft.jukebox":19,"stat.chestOpened":165,"stat.useItem.minecraft.splash_potion":3,"stat.useItem.minecraft.stone":29,"stat.pickup.minecraft.arrow":80,"stat.pickup.minecraft.wooden_pressure_plate":5,"stat.killEntity.Ghast":1,"stat.killEntity.Vex":13,"stat.pickup.minecraft.gold_nugget":62,"stat.entityKilledBy.Vex":2,"stat.crouchOneCm":34345,"stat.pickup.minecraft.painting":2,"stat.craftingTableInteraction":32,"stat.drop.minecraft.concrete_powder":27,"stat.pickup.minecraft.repeater":77,"stat.useItem.minecraft.purple_glazed_terracotta":54,"stat.useItem.minecraft.dark_oak_fence":8,"stat.pickup.minecraft.yellow_shulker_box":3,"stat.pickup.minecraft.orange_shulker_box":1,"stat.pickup.minecraft.dye":23,"stat.pickup.minecraft.planks":60,"stat.pickup.minecraft.wheat_seeds":100,"stat.useItem.minecraft.enchanting_table":4,"stat.drop.minecraft.record_ward":1,"stat.useItem.minecraft.lime_glazed_terracotta":34,"stat.pickup.minecraft.pink_shulker_box":1,"stat.drop.minecraft.carpet":5,"stat.useItem.minecraft.record_13":4,"stat.killEntity.VindicationIllager":13,"stat.flowerPotted":1,"stat.drop.minecraft.paper":2,"stat.useItem.minecraft.record_11":4,"stat.useItem.minecraft.cobblestone":3943,"stat.craftItem.minecraft.leather_boots":31,"stat.useItem.minecraft.gravel":130,"stat.useItem.minecraft.record_far":3,"stat.minecartOneCm":113,"stat.drop.minecraft.record_far":2,"stat.drop.minecraft.glass_pane":1,"stat.pickup.minecraft.bedrock":2,"stat.drop.minecraft.sapling":1,"stat.pickup.minecraft.tipped_arrow":251,"stat.useItem.minecraft.fireworks":55,"stat.useItem.minecraft.glass_pane":64,"stat.pickup.minecraft.banner":1,"stat.useItem.minecraft.record_mellohi":2,"stat.pickup.minecraft.coal_block":1,"stat.drop.minecraft.fish":5,"stat.drop.minecraft.trapped_chest":1,"stat.useItem.minecraft.barrier":443,"stat.drop.minecraft.comparator":5,"stat.useItem.minecraft.stonebrick":4,"stat.pickup.minecraft.book":7,"stat.useItem.minecraft.wooden_door":3,"stat.useItem.minecraft.monster_egg":1395,"stat.useItem.minecraft.spruce_door":35,"stat.pickup.minecraft.iron_door":17,"stat.drop.minecraft.leather_leggings":17,"stat.pickup.minecraft.red_flower":1,"stat.pickup.minecraft.wool":23,"stat.drop.minecraft.grass":13,"stat.useItem.minecraft.record_blocks":2,"stat.pickup.minecraft.tripwire_hook":19,"stat.useItem.minecraft.orange_glazed_terracotta":56,"stat.useItem.minecraft.beacon":24,"stat.drop.minecraft.beacon":1,"stat.useItem.minecraft.skull":11,"stat.pickup.minecraft.leather_chestplate":31,"stat.drop.minecraft.record_blocks":3,"stat.drop.minecraft.end_bricks":8,"stat.useItem.minecraft.concrete_powder":151,"stat.pickup.minecraft.enchanted_book":1,"stat.pickup.minecraft.glowstone":2,"stat.drop.minecraft.cobblestone":16,"stat.useItem.minecraft.coal_block":590,"stat.pickup.minecraft.sticky_piston":6,"stat.useItem.minecraft.obsidian":186,"stat.pickup.minecraft.bow":2,"stat.drop.minecraft.end_crystal":2,"stat.useItem.minecraft.white_glazed_terracotta":25,"stat.drop.minecraft.quartz_stairs":1,"stat.pickup.minecraft.record_chirp":2,"stat.flyOneCm":50996379,"stat.pickup.minecraft.sandstone":16,"stat.pickup.minecraft.fish":20,"stat.timeSinceDeath":760,"stat.cauldronFilled":3,"stat.useItem.minecraft.wooden_slab":174,"stat.useItem.minecraft.iron_door":21,"stat.drop.minecraft.repeater":57,"stat.useItem.minecraft.totem_of_undying":2,"stat.drop.minecraft.stained_glass":19,"stat.drop.minecraft.flint_and_steel":2,"stat.drop.minecraft.wool":19,"stat.useItem.minecraft.armor_stand":69,"stat.killEntity.Creeper":22,"stat.pickup.minecraft.shield":1,"stat.talkedToVillager":22,"stat.drop.minecraft.spawn_egg":4,"stat.pickup.minecraft.string":65,"stat.useItem.minecraft.milk_bucket":3,"stat.drop.minecraft.obsidian":2,"stat.drop.minecraft.oak_stairs":1,"stat.killEntity.Squid":1,"stat.sprintOneCm":5224370,"stat.useItem.minecraft.diamond_shovel":97,"stat.useItem.minecraft.diamond_block":746,"stat.drop.minecraft.dark_oak_door":3,"stat.pickup.minecraft.fireworks":1,"stat.entityKilledBy.VindicationIllager":20,"stat.useItem.minecraft.structure_block":3,"stat.drop.minecraft.lava_bucket":1,"stat.pickup.minecraft.leather_leggings":28,"stat.pickup.minecraft.sugar":3,"stat.pickup.minecraft.spawn_egg":1,"stat.craftItem.minecraft.leather_chestplate":32,"stat.useItem.minecraft.cake":10,"stat.useItem.minecraft.banner":14,"stat.useItem.minecraft.ladder":10,"stat.killEntity.Guardian":2,"stat.diveOneCm":98330,"stat.pickup.minecraft.wheat":33,"stat.useItem.minecraft.sticky_piston":104,"stat.drop.minecraft.stone_stairs":2,"stat.pickup.minecraft.sign":7,"stat.pickup.minecraft.stained_glass_pane":1,"stat.drop.minecraft.sandstone":21,"stat.jump":42124,"stat.useItem.minecraft.sand":333,"stat.drop.minecraft.diamond_sword":5,"stat.pickup.minecraft.gunpowder":30,"stat.pickup.minecraft.dirt":27,"stat.breakItem.minecraft.leather_chestplate":1,"stat.drop.minecraft.glowstone":2,"stat.useItem.minecraft.dispenser":12,"stat.useItem.minecraft.glass":7,"stat.drop.minecraft.barrier":6,"stat.useItem.minecraft.sapling":85,"stat.pickup.minecraft.command_block":25,"stat.drop.minecraft.gold_block":3,"stat.pickup.minecraft.red_sandstone":8,"stat.pickup.minecraft.iron_axe":3,"stat.damageTaken":37483,"stat.useItem.minecraft.end_crystal":14,"stat.useItem.minecraft.gold_block":148,"stat.noteblockTuned":91,"stat.drop.minecraft.nether_star":816,"stat.useItem.minecraft.slime":41,"stat.pickup.minecraft.quartz_block":5,"stat.killEntity.Shulker":4,"stat.pickup.minecraft.rabbit_hide":4,"stat.drop.minecraft.red_glazed_terracotta":1,"stat.killEntity.Silverfish":114,"stat.useItem.minecraft.pink_glazed_terracotta":56,"stat.pickup.minecraft.shulker_shell":3,"stat.pickup.minecraft.record_wait":3,"stat.drop.minecraft.emerald_block":3,"stat.useItem.minecraft.command_block":2070,"stat.useItem.minecraft.chest":69,"stat.drop.minecraft.wheat":1,"stat.useItem.minecraft.tnt":380,"stat.useItem.minecraft.lava_bucket":26,"stat.pickup.minecraft.pink_glazed_terracotta":2,"stat.useItem.minecraft.item_frame":18,"stat.drop.minecraft.record_chirp":2,"stat.drop.minecraft.orange_shulker_box":1,"stat.shulkerBoxOpened":17,"stat.useItem.minecraft.stained_hardened_clay":1410,"stat.pickup.minecraft.ender_pearl":3,"stat.drop.minecraft.wooden_slab":1,"stat.useItem.minecraft.record_mall":6,"stat.useItem.minecraft.concrete":1029,"stat.killEntity.Stray":31,"stat.drop.minecraft.lever":9,"stat.useItem.minecraft.tripwire_hook":9,"stat.mobKills":416,"stat.useItem.minecraft.mossy_cobblestone":678,"stat.pickup.minecraft.diamond":157,"stat.pickup.minecraft.torch":46,"stat.entityKilledBy.Silverfish":8,"stat.drop.minecraft.quartz_block":7,"stat.drop.minecraft.diamond_shovel":1,"stat.drop.minecraft.arrow":261,"stat.useItem.minecraft.record_stal":1,"stat.useItem.minecraft.string":9,"stat.useItem.minecraft.end_bricks":2613,"stat.drop.minecraft.armor_stand":1,"stat.drop.minecraft.waterlily":1,"stat.pickup.minecraft.record_stal":2,"stat.useItem.minecraft.bookshelf":119,"stat.killEntity.Ozelot":3,"stat.killEntity.Blaze":5,"stat.pickup.minecraft.lapis_block":1,"stat.drop.minecraft.skull":2,"stat.useItem.minecraft.planks":5718,"stat.pickup.minecraft.glowstone_dust":4,"stat.drop.minecraft.bowl":61,"stat.drop.minecraft.wooden_door":1,"stat.useItem.minecraft.red_sandstone_stairs":23,"stat.useItem.minecraft.pink_shulker_box":1,"stat.useItem.minecraft.water_bucket":344,"stat.pickup.minecraft.splash_potion":1,"stat.useItem.minecraft.red_nether_brick":3,"stat.useItem.minecraft.record_cat":2,"stat.drop.minecraft.splash_potion":2,"stat.aviateOneCm":214700,"stat.drop.minecraft.jukebox":1,"stat.useItem.minecraft.ender_pearl":29,"stat.hopperInspected":2,"stat.useItem.minecraft.fence_gate":1,"stat.useItem.minecraft.spawn_egg":145,"stat.useItem.minecraft.red_glazed_terracotta":75,"stat.pickup.minecraft.ghast_tear":1,"stat.pickup.minecraft.armor_stand":1,"stat.trappedChestTriggered":21,"stat.useItem.minecraft.oak_stairs":28,"stat.drop.minecraft.diamond_block":12,"stat.drop.minecraft.spruce_door":1,"stat.useItem.minecraft.dark_oak_stairs":2,"stat.pickup.minecraft.wooden_button":25,"stat.drop.minecraft.stone_slab":5,"stat.pickup.minecraft.fence_gate":1,"stat.drop.minecraft.wooden_pressure_plate":1,"stat.useItem.minecraft.minecart":1,"stat.useItem.minecraft.redstone":2700,"stat.drop.minecraft.stained_hardened_clay":15,"stat.pickup.minecraft.totem_of_undying":2,"stat.drop.minecraft.pink_shulker_box":1,"stat.drop.minecraft.wooden_button":8,"stat.drop.minecraft.monster_egg":3,"stat.drop.minecraft.record_stal":1,"stat.useItem.minecraft.stone_stairs":212,"stat.pickup.minecraft.skull":1,"stat.pickup.minecraft.stone_stairs":1,"stat.drop.minecraft.fireworks":2,"stat.useItem.minecraft.hopper":2,"stat.playOneMinute":5915024,"stat.pickup.minecraft.blaze_rod":1,"stat.drop.minecraft.string":82,"stat.useItem.minecraft.jungle_stairs":2,"stat.pickup.minecraft.diamond_block":11,"stat.pickup.minecraft.beacon":4,"stat.drop.minecraft.chest":1,"stat.pickup.minecraft.iron_bars":3,"stat.pickup.minecraft.dispenser":3,"stat.drop.minecraft.record_mall":6,"stat.pickup.minecraft.spruce_door":5,"stat.pickup.minecraft.red_glazed_terracotta":1,"stat.recordPlayed":32,"stat.drop.minecraft.hopper":1,"stat.useItem.minecraft.sponge":195,"stat.pickup.minecraft.waterlily":1,"stat.breakItem.minecraft.leather_helmet":1,"stat.fallOneCm":105790,"stat.drop.minecraft.stone":2,"stat.drop.minecraft.dye":20,"stat.useItem.minecraft.trapped_chest":13,"stat.drop.minecraft.book":129,"stat.drop.minecraft.stained_glass_pane":4,"stat.drop.minecraft.milk_bucket":2,"stat.pickup.minecraft.comparator":7,"stat.pickup.minecraft.feather":227,"stat.pickup.minecraft.record_cat":2,"stat.useItem.minecraft.furnace":3,"stat.pickup.minecraft.monster_egg":3,"stat.drop.minecraft.concrete":6,"stat.killEntity.Llama":2,"stat.useItem.minecraft.yellow_shulker_box":1,"stat.useItem.minecraft.record_chirp":2,"stat.drop.minecraft.fence_gate":1,"stat.useItem.minecraft.orange_shulker_box":1,"stat.killEntity.Rabbit":6,"stat.drop.minecraft.magenta_glazed_terracotta":1,"stat.useItem.minecraft.wool":1785,"stat.drop.minecraft.stick":49,"stat.pickup.minecraft.record_13":4,"stat.useItem.minecraft.iron_bars":1707,"stat.drop.minecraft.iron_axe":2,"stat.pickup.minecraft.record_11":4,"stat.useItem.minecraft.bone_block":3,"stat.useItem.minecraft.torch":252,"stat.useItem.minecraft.log":603,"stat.pickup.minecraft.crafting_table":2,"stat.useItem.minecraft.comparator":88,"stat.drop.minecraft.black_glazed_terracotta":1,"stat.pickup.minecraft.redstone_block":65,"stat.pickup.minecraft.log":38,"stat.useItem.minecraft.nether_wart_block":1019,"stat.drop.minecraft.sign":5,"stat.drop.minecraft.planks":27,"stat.pickup.minecraft.web":20,"stat.drop.minecraft.lapis_block":3,"stat.pickup.minecraft.sapling":2,"stat.useItem.minecraft.deadbush":7,"stat.drop.minecraft.bow":4,"stat.killEntity.PolarBear":36,"stat.killEntity.WitherSkeleton":6,"stat.useItem.minecraft.wooden_pressure_plate":1,"stat.sneakTime":61640,"stat.pickup.minecraft.rabbit":2,"stat.drop.minecraft.bucket":1,"stat.pickup.minecraft.stone_slab":4,"stat.pickup.minecraft.chest":1,"stat.useItem.minecraft.web":1,"stat.craftItem.minecraft.leather_leggings":29,"stat.useItem.minecraft.lapis_block":233,"stat.pickup.minecraft.bone":25,"stat.useItem.minecraft.record_ward":2,"stat.pickup.minecraft.redstone_torch":151,"stat.useItem.minecraft.repeater":2170,"stat.drop.minecraft.tripwire_hook":18,"stat.pickup.minecraft.record_blocks":3,"stat.useItem.minecraft.log2":11,"stat.drop.minecraft.leather_helmet":15,"stat.drop.minecraft.mossy_cobblestone":4,"stat.useItem.minecraft.diamond_sword":1276,"stat.swimOneCm":61433,"stat.climbOneCm":15509,"stat.useItem.minecraft.redstone_torch":994,"stat.useItem.minecraft.dirt":8135,"stat.entityKilledBy.Endermite":7,"stat.useItem.minecraft.red_flower":11,"stat.drop.minecraft.web":98,"stat.pickup.minecraft.enchanting_table":1,"stat.useItem.minecraft.iron_ore":7,"stat.drop.minecraft.ender_pearl":1,"stat.pickup.minecraft.cobblestone":20,"stat.drop.minecraft.fence":4,"stat.pickup.minecraft.gold_block":1,"stat.useItem.minecraft.yellow_glazed_terracotta":35,"stat.pickup.minecraft.glass_bottle":3,"stat.drop.minecraft.wheat_seeds":13,"stat.pickup.minecraft.redstone":233,"stat.useItem.minecraft.sign":73,"stat.drop.minecraft.log":16,"stat.pickup.minecraft.mossy_cobblestone":2,"stat.useItem.minecraft.noteblock":10,"stat.useItem.minecraft.lever":96,"stat.drop.minecraft.iron_bars":2,"stat.pickup.minecraft.dark_oak_door":4,"stat.drop.minecraft.red_sandstone_stairs":1,"stat.drop.minecraft.dirt":29,"stat.pickup.minecraft.carpet":39,"stat.drop.minecraft.bedrock":3,"stat.drop.minecraft.anvil":3,"stat.pickup.minecraft.nether_star":1582,"stat.useItem.minecraft.spruce_fence":8,"stat.pickup.minecraft.sandstone_stairs":3,"stat.pickup.minecraft.paper":6,"stat.drop.minecraft.potion":2,"stat.useItem.minecraft.stone_slab":115,"stat.useItem.minecraft.bed":26,"stat.useItem.minecraft.magenta_glazed_terracotta":1,"stat.killEntity.Endermite":33,"stat.drop.minecraft.dispenser":1,"stat.useItem.minecraft.bucket":1,"stat.drop.minecraft.tipped_arrow":128,"stat.drop":893,"stat.pickup.minecraft.stone_button":79,"stat.killEntity.Sheep":10,"stat.useItem.minecraft.purpur_block":1,"stat.useItem.minecraft.light_blue_glazed_terracotta":64,"stat.pickup.minecraft.record_strad":1,"stat.useItem.minecraft.record_wait":3,"stat.useItem.minecraft.quartz_stairs":90,"stat.killEntity.EvocationIllager":8,"stat.useItem.minecraft.blue_glazed_terracotta":39,"stat.useItem.minecraft.waterlily":8,"stat.useItem.minecraft.black_glazed_terracotta":17,"stat.useItem.minecraft.carpet":244,"stat.useItem.minecraft.potion":22,"stat.useItem.minecraft.stained_glass_pane":92,"stat.pickup.minecraft.diamond_sword":4,"stat.useItem.minecraft.flower_pot":2,"stat.useItem.minecraft.bedrock":854,"stat.killEntity.SkeletonHorse":1,"stat.pickup.minecraft.fence":1,"stat.useItem.minecraft.piston":198,"stat.drop.minecraft.chorus_plant":1,"stat.pickup.minecraft.spider_eye":4,"stat.useItem.minecraft.stone_button":249,"stat.drop.minecraft.piston":7,"stat.drop.minecraft.bed":1,"stat.drop.minecraft.glass":1,"stat.useItem.minecraft.redstone_lamp":35,"stat.pickup.minecraft.leather":1,"stat.dispenserInspected":62,"stat.drop.minecraft.stone_button":41,"stat.pickup.minecraft.end_crystal":2,"stat.drop.minecraft.water_bucket":5,"stat.drop.minecraft.red_sandstone":7,"stat.pickup.minecraft.oak_stairs":1,"stat.pickup.minecraft.stained_glass":13,"stat.damageDealt":56511,"stat.sleepInBed":104,"stat.pickup.minecraft.end_bricks":2,"stat.useItem.minecraft.crafting_table":14,"stat.killEntity.Pig":3,"stat.pickup.minecraft.piston":7,"stat.drop.minecraft.painting":2,"stat.walkOneCm":4027350,"stat.pickup.minecraft.stick":30,"stat.useItem.minecraft.emerald_block":82,"stat.useItem.minecraft.redstone_block":25,"stat.pickup.minecraft.tnt":1,"stat.drop.minecraft.leather_chestplate":20,"stat.useItem.minecraft.spruce_stairs":2,"stat.drop.minecraft.pink_glazed_terracotta":3,"stat.pickup.minecraft.stone":1,"stat.drop.minecraft.slime":1,"stat.drop.minecraft.emerald":13,"stat.useItem.minecraft.leaves":109,"stat.drop.minecraft.command_block":40,"stat.pickup.minecraft.gold_ingot":19,"stat.useItem.minecraft.prismarine":21,"stat.killEntity.Skeleton":2,"stat.pickup.minecraft.barrier":7,"stat.pickup.minecraft.record_mellohi":2,"stat.pickup.minecraft.record_mall":10,"stat.drop.minecraft.deadbush":1,"stat.killEntity.Chicken":1,"stat.drop.minecraft.crafting_table":2,"stat.useItem.minecraft.iron_block":4,"stat.killEntity.Spider":1,"stat.drop.minecraft.yellow_shulker_box":1,"stat.pickup.minecraft.concrete_powder":2,"stat.drop.minecraft.nether_wart_block":1,"stat.pickup.minecraft.water_bucket":7,"stat.pickup.minecraft.lava_bucket":1,"stat.useItem.minecraft.sandstone":6021}