{"stat.useItem.minecraft.bow":2,"stat.walkOneCm":61086,"stat.leaveGame":16,"stat.useItem.minecraft.tnt":5,"stat.pickup.minecraft.shield":1,"stat.useItem.minecraft.diamond_sword":2,"stat.drop.minecraft.shield":1,"stat.drop.minecraft.spawn_egg":5,"stat.pickup.minecraft.sponge":1472,"stat.pickup.minecraft.diamond_sword":1,"stat.jump":750,"stat.fallOneCm":1860229,"stat.climbOneCm":1178,"stat.crouchOneCm":158,"stat.sprintOneCm":34357,"achievement.exploreAllBiomes":{"value":0,"progress":["Plains"]},"achievement.openInventory":23,"stat.killEntity.Chicken":1,"stat.damageTaken":14240,"stat.mobKills":1,"stat.pickup.minecraft.spawn_egg":7,"stat.flyOneCm":443977,"stat.deaths":10,"stat.drop":6,"stat.playOneMinute":786056,"stat.sneakTime":142,"stat.damageDealt":40,"stat.timeSinceDeath":735815,"stat.pickup.minecraft.quartz_ore":64,"stat.useItem.minecraft.spawn_egg":11}