{"stat.useItem.minecraft.bow":289,"stat.useItem.minecraft.chain_command_block":836,"stat.useItem.minecraft.quartz_block":658,"stat.leaveGame":148,"stat.drop.minecraft.redstone":10,"stat.useItem.minecraft.repeating_command_block":12,"stat.drop.minecraft.shield":3,"stat.drop.minecraft.skull":6,"stat.useItem.minecraft.water_bucket":1,"stat.drop.minecraft.redstone_torch":7,"stat.useItem.minecraft.golden_sword":63,"stat.pickup.minecraft.name_tag":2,"stat.useItem.minecraft.anvil":4,"stat.useItem.minecraft.ender_pearl":1,"stat.killEntity.Witch":2,"stat.drop.minecraft.tnt":1,"stat.hopperInspected":11,"stat.drop.minecraft.golden_sword":6,"stat.useItem.minecraft.spawn_egg":630,"stat.pickup.minecraft.double_plant":1,"stat.furnaceInteraction":3,"stat.drop.minecraft.diamond_block":1,"stat.pickup.minecraft.wooden_button":1,"stat.pickup.minecraft.sponge":2,"stat.drop.minecraft.wooden_pressure_plate":1,"stat.useItem.minecraft.end_stone":9,"stat.useItem.minecraft.redstone":508,"stat.drop.minecraft.stained_hardened_clay":8,"stat.drop.minecraft.wooden_button":1,"stat.useItem.minecraft.stained_glass":10,"stat.drop.minecraft.fishing_rod":2,"stat.drop.minecraft.magma":16,"stat.pickup.minecraft.end_rod":5,"stat.useItem.minecraft.fence":7,"stat.pickup.minecraft.skull":3,"stat.useItem.minecraft.dark_oak_door":5,"stat.useItem.minecraft.wooden_button":20,"stat.drop.minecraft.fireworks":2,"stat.useItem.minecraft.hopper":55,"stat.drop.minecraft.snowball":111,"stat.pickup.minecraft.saddle":2,"stat.deaths":3,"stat.pickup.minecraft.bowl":1,"stat.drop.minecraft.chain_command_block":11,"stat.pickup.minecraft.egg":3,"stat.playOneMinute":3097739,"stat.useItem.minecraft.nether_brick":1,"stat.drop.minecraft.chest":1,"stat.chestOpened":114,"stat.useItem.minecraft.stone":16,"stat.drop.minecraft.hopper":10,"stat.pickup.minecraft.arrow":2,"stat.useItem.minecraft.ender_chest":6,"stat.pickup.minecraft.gold_nugget":1,"stat.fallOneCm":438323,"stat.pickup.minecraft.carrot":3,"stat.crouchOneCm":108627,"stat.pickup.minecraft.painting":1,"stat.drop.minecraft.stained_glass_pane":1,"stat.pickup.minecraft.milk_bucket":1,"stat.pickup.minecraft.comparator":1,"stat.pickup.minecraft.repeater":2,"stat.pickup.minecraft.feather":2,"stat.useItem.minecraft.enchanting_table":1,"stat.drop.minecraft.diamond_hoe":2,"stat.killEntity.Rabbit":3,"stat.drop.minecraft.carpet":17,"stat.useItem.minecraft.wool":98,"stat.pickup.minecraft.record_11":8,"stat.drop.minecraft.rotten_flesh":1,"stat.useItem.minecraft.comparator":50,"stat.pickup.minecraft.magma":2,"stat.drop.minecraft.sign":8,"stat.pickup.minecraft.hopper":4,"stat.useItem.minecraft.fireworks":20,"stat.drop.minecraft.bow":2,"stat.drop.minecraft.fish":1,"stat.pickup.minecraft.carrot_on_a_stick":14,"stat.useItem.minecraft.barrier":311,"stat.killEntity.WitherSkeleton":3,"stat.drop.minecraft.comparator":6,"stat.useItem.minecraft.wooden_pressure_plate":54,"stat.pickup.minecraft.book":5,"stat.useItem.minecraft.stonebrick":21,"stat.pickup.minecraft.golden_sword":18,"stat.pickup.minecraft.red_flower":20,"stat.sneakTime":52756,"stat.drop.minecraft.sea_lantern":1,"stat.pickup.minecraft.yellow_flower":1,"stat.drop.minecraft.wooden_axe":1,"stat.useItem.minecraft.fishing_rod":87,"stat.useItem.minecraft.repeater":314,"stat.useItem.minecraft.beacon":2,"stat.drop.minecraft.beacon":1,"stat.useItem.minecraft.skull":8,"stat.breakItem.minecraft.shield":1,"stat.useItem.minecraft.diamond_sword":352,"stat.pickup.minecraft.flower_pot":1,"stat.climbOneCm":3161,"stat.enderchestOpened":20,"stat.useItem.minecraft.redstone_torch":215,"stat.useItem.minecraft.obsidian":5,"stat.useItem.minecraft.dirt":100,"stat.pickup.minecraft.pumpkin_pie":6,"stat.drop.minecraft.iron_trapdoor":1,"stat.drop.minecraft.ender_pearl":8,"stat.pickup.minecraft.diamond_hoe":1,"stat.useItem.minecraft.stone_shovel":10,"stat.flyOneCm":20567841,"stat.pickup.minecraft.fish":1,"stat.pickup.minecraft.redstone":1,"stat.timeSinceDeath":2507243,"stat.useItem.minecraft.sign":180,"stat.drop.minecraft.repeater":7,"stat.breakItem.minecraft.golden_sword":5,"stat.drop.minecraft.stained_glass":2,"stat.drop.minecraft.dirt":1,"stat.pickup.minecraft.carpet":18,"stat.drop.minecraft.wool":1,"stat.pickup.minecraft.shield":11,"stat.killEntity.Creeper":25,"stat.useItem.minecraft.armor_stand":3,"stat.drop.minecraft.spawn_egg":142,"stat.drop.minecraft.bedrock":5,"stat.useItem.minecraft.sea_lantern":35,"stat.sprintOneCm":1554426,"stat.useItem.minecraft.diamond_block":102,"stat.pickup.minecraft.speckled_melon":1,"stat.drop.minecraft.carrot_on_a_stick":3,"stat.useItem.minecraft.snowball":503,"stat.useItem.minecraft.structure_block":14,"stat.useItem.minecraft.ender_eye":12,"stat.pickup.minecraft.spawn_egg":479,"stat.drop":318,"stat.useItem.minecraft.wooden_sword":2,"stat.killEntity.Sheep":1,"stat.useItem.minecraft.diamond_ore":2,"stat.drop.minecraft.blaze_rod":1,"stat.drop.minecraft.redstone_block":4,"stat.killEntity.Zombie":5,"stat.pickup.minecraft.snowball":208,"stat.pickup.minecraft.wheat":3,"stat.pickup.minecraft.sign":1,"stat.useItem.minecraft.quartz_stairs":29,"stat.useItem.minecraft.carpet":13,"stat.useItem.minecraft.heavy_weighted_pressure_plate":1,"stat.useItem.minecraft.potion":4,"stat.useItem.minecraft.stained_glass_pane":7,"stat.pickup.minecraft.diamond_sword":1,"stat.drop.minecraft.sponge":2,"stat.pickup.minecraft.brick":1,"stat.useItem.minecraft.bedrock":204,"stat.jump":10894,"stat.useItem.minecraft.iron_trapdoor":2,"stat.pickup.minecraft.coal":2,"stat.drop.minecraft.diamond_sword":6,"stat.drop.minecraft.wooden_sword":1,"stat.pickup.minecraft.diamond_ore":2,"stat.drop.minecraft.structure_block":1,"stat.pickup.minecraft.command_block":5,"stat.useItem.minecraft.redstone_lamp":3,"stat.pickup.minecraft.cookie":3,"stat.damageTaken":750,"stat.useItem.minecraft.carrot_on_a_stick":12,"stat.noteblockTuned":70,"stat.useItem.minecraft.end_portal_frame":1,"stat.killEntity.Shulker":1,"stat.pickup.minecraft.stained_glass":1,"stat.damageDealt":13685,"stat.killEntity.Silverfish":1,"stat.killEntity.Pig":2,"stat.drop.minecraft.emerald_block":1,"stat.useItem.minecraft.command_block":1246,"stat.walkOneCm":1828803,"stat.useItem.minecraft.chest":6,"stat.drop.minecraft.diamond_ore":2,"stat.useItem.minecraft.tnt":11,"stat.useItem.minecraft.emerald_block":1,"stat.drop.minecraft.iron_block":1,"stat.useItem.minecraft.redstone_block":208,"stat.useItem.minecraft.item_frame":227,"stat.useItem.minecraft.stained_hardened_clay":310,"stat.pickup.minecraft.ender_pearl":36,"stat.drop.minecraft.egg":1,"stat.drop.minecraft.command_block":16,"stat.killEntity.Stray":8,"stat.killEntity.Skeleton":18,"stat.useItem.minecraft.iron_block":11,"stat.pickup.minecraft.bread":1,"stat.mobKills":72,"stat.drop.minecraft.repeating_command_block":1,"stat.pickup.minecraft.torch":2,"stat.drop.minecraft.quartz_block":3,"stat.drop.minecraft.arrow":354}