{"stat.drop.minecraft.painting":1,"stat.walkOneCm":83773,"stat.drop.minecraft.paper":1,"stat.pickup.minecraft.speckled_melon":1,"achievement.openInventory":11,"stat.useItem.minecraft.egg":1,"stat.useItem.minecraft.snowball":12,"stat.leaveGame":1,"stat.pickup.minecraft.arrow":1,"stat.pickup.minecraft.shield":2,"stat.pickup.minecraft.spawn_egg":19,"stat.drop.minecraft.shield":1,"stat.flyOneCm":373743,"stat.pickup.minecraft.brick":1,"stat.drop":8,"stat.jump":967,"stat.pickup.minecraft.egg":1,"stat.drop.minecraft.skull":3,"stat.playOneMinute":49267,"stat.pickup.minecraft.coal":1,"stat.fallOneCm":264583,"stat.climbOneCm":1083,"stat.sneakTime":5056,"stat.damageDealt":0,"stat.crouchOneCm":13447,"stat.timeSinceDeath":49267,"stat.drop.minecraft.speckled_melon":1,"stat.pickup.minecraft.painting":1,"stat.sprintOneCm":201949,"stat.useItem.minecraft.spawn_egg":65,"achievement.exploreAllBiomes":{"value":0,"progress":["Plains"]},"stat.useItem.minecraft.fishing_rod":59,"stat.useItem.minecraft.iron_shovel":16,"stat.drop.minecraft.brick":1}