{"stat.useItem.minecraft.bow":380,"stat.walkOneCm":133416,"stat.trappedChestTriggered":1,"stat.leaveGame":2,"stat.killEntity.Creeper":1,"stat.useItem.minecraft.potion":4,"stat.jump":1379,"stat.fallOneCm":258233,"stat.climbOneCm":358,"stat.crouchOneCm":1998,"stat.sprintOneCm":263335,"achievement.exploreAllBiomes":{"value":0,"progress":["Plains"]},"stat.pickup.minecraft.carrot_on_a_stick":1,"achievement.openInventory":19,"stat.useItem.minecraft.iron_sword":38,"stat.useItem.minecraft.snowball":8,"stat.useItem.minecraft.carrot_on_a_stick":1,"stat.mobKills":1,"stat.pickup.minecraft.spawn_egg":8,"stat.useItem.minecraft.stone_shovel":13,"stat.flyOneCm":511469,"stat.useItem.minecraft.ender_pearl":8,"stat.playOneMinute":66840,"stat.useItem.minecraft.wooden_sword":10,"stat.sneakTime":1815,"stat.damageDealt":0,"stat.timeSinceDeath":66840,"stat.pickup.minecraft.snowball":8,"stat.useItem.minecraft.spawn_egg":13,"stat.useItem.minecraft.fishing_rod":14}