{"stat.useItem.minecraft.end_bricks":8,"stat.drop.minecraft.quartz_ore":64,"stat.useItem.minecraft.quartz_block":1530,"stat.recordPlayed":9,"stat.useItem.minecraft.stone":44,"stat.useItem.minecraft.jungle_fence":2,"stat.useItem.minecraft.quartz_stairs":251,"stat.useItem.minecraft.repeater":15,"stat.leaveGame":29,"stat.useItem.minecraft.skull":134,"stat.drop.minecraft.redstone":1,"stat.useItem.minecraft.carpet":485,"stat.useItem.minecraft.diamond_sword":47,"stat.useItem.minecraft.stained_glass_pane":302,"stat.drop.minecraft.sponge":1472,"stat.useItem.minecraft.flower_pot":2,"stat.jump":1023,"stat.useItem.minecraft.iron_trapdoor":136,"stat.useItem.minecraft.planks":2,"stat.fallOneCm":23420,"stat.climbOneCm":207,"stat.useItem.minecraft.end_rod":3,"stat.useItem.minecraft.nether_brick_stairs":97,"stat.drop.minecraft.diamond_sword":1,"stat.crouchOneCm":16927,"stat.useItem.minecraft.coal_block":4,"stat.useItem.minecraft.nether_brick_fence":129,"stat.useItem.minecraft.obsidian":34,"stat.useItem.minecraft.redstone_torch":2,"stat.useItem.minecraft.stone_button":3,"stat.useItem.minecraft.dirt":102,"stat.useItem.minecraft.stone_slab2":23,"stat.useItem.minecraft.red_sandstone_stairs":38,"achievement.exploreAllBiomes":{"value":0,"progress":["Plains"]},"stat.useItem.minecraft.glass":3,"stat.useItem.minecraft.light_blue_shulker_box":2,"stat.pickup.minecraft.command_block":64,"stat.drop.minecraft.iron_trapdoor":1,"stat.useItem.minecraft.red_nether_brick":3,"stat.damageTaken":40,"stat.useItem.minecraft.stone_brick_stairs":116,"stat.useItem.minecraft.gold_block":79,"stat.noteblockTuned":156,"stat.pickup.minecraft.iron_trapdoor":1,"stat.flyOneCm":12420577,"stat.useItem.minecraft.end_portal_frame":57,"stat.useItem.minecraft.birch_fence":9,"stat.useItem.minecraft.magma":1,"stat.drop.minecraft.diamond_hoe":1,"stat.damageDealt":355,"stat.pickup.minecraft.redstone":1,"stat.useItem.minecraft.wool":291,"stat.timeSinceDeath":1271257,"stat.hopperInspected":5,"stat.useItem.minecraft.sign":98,"stat.useItem.minecraft.melon_block":1,"stat.useItem.minecraft.spawn_egg":54,"stat.useItem.minecraft.wooden_slab":1,"stat.useItem.minecraft.iron_bars":350,"stat.flowerPotted":2,"stat.useItem.minecraft.command_block":55,"stat.useItem.minecraft.noteblock":52,"stat.useItem.minecraft.bone_block":56,"stat.walkOneCm":305130,"stat.useItem.minecraft.lever":5,"stat.useItem.minecraft.record_11":8,"stat.useItem.minecraft.log":4,"stat.useItem.minecraft.comparator":3,"stat.useItem.minecraft.cobblestone":4,"stat.drop.minecraft.stained_glass":1,"stat.furnaceInteraction":10,"stat.useItem.minecraft.armor_stand":12,"stat.drop.minecraft.stone_slab":2,"stat.useItem.minecraft.nether_wart_block":5,"stat.useItem.minecraft.end_stone":99,"stat.useItem.minecraft.redstone_block":2,"stat.useItem.minecraft.item_frame":45,"stat.useItem.minecraft.redstone":29,"stat.useItem.minecraft.sea_lantern":304,"stat.useItem.minecraft.spruce_fence":39,"stat.useItem.minecraft.stained_hardened_clay":3421,"stat.useItem.minecraft.leaves":25,"stat.sprintOneCm":74144,"stat.useItem.minecraft.stained_glass":6243,"stat.useItem.minecraft.tallgrass":9,"stat.drop.minecraft.command_block":64,"stat.useItem.minecraft.record_mall":1,"stat.useItem.minecraft.stone_stairs":9,"stat.pickup.minecraft.skull":6,"stat.useItem.minecraft.prismarine":1,"stat.useItem.minecraft.stone_slab":2965,"stat.pickup.minecraft.record_mall":1,"achievement.openInventory":329,"stat.useItem.minecraft.wooden_button":22,"stat.useItem.minecraft.ender_eye":1,"stat.useItem.minecraft.hopper":1,"stat.useItem.minecraft.stonebrick":1661,"stat.pickup.minecraft.spawn_egg":1,"stat.useItem.minecraft.cobblestone_wall":150,"stat.drop":32,"stat.playOneMinute":1271257,"stat.useItem.minecraft.cake":7,"stat.useItem.minecraft.banner":26,"stat.useItem.minecraft.ladder":3,"stat.useItem.minecraft.nether_brick":226,"stat.sneakTime":41183,"stat.useItem.minecraft.birch_stairs":8,"stat.pickup.minecraft.stone_slab":2,"stat.useItem.minecraft.jukebox":7}