{"stats":{"minecraft:custom":{"minecraft:time_since_rest":24205,"minecraft:play_one_minute":75937,"minecraft:crouch_one_cm":2826,"minecraft:deaths":12,"minecraft:sprint_one_cm":66369,"minecraft:damage_taken":4075,"minecraft:walk_one_cm":209628,"minecraft:sneak_time":1144,"minecraft:walk_under_water_one_cm":7137,"minecraft:mob_kills":134,"minecraft:drop":2,"minecraft:jump":469,"minecraft:damage_dealt":5887,"minecraft:leave_game":1,"minecraft:time_since_death":24182,"minecraft:walk_on_water_one_cm":79004,"minecraft:climb_one_cm":751,"minecraft:damage_resisted":1232,"minecraft:fall_one_cm":9782,"minecraft:tune_noteblock":1,"minecraft:fly_one_cm":129464,"minecraft:player_kills":3},"minecraft:picked_up":{"minecraft:cooked_beef":1,"minecraft:diamond":104,"minecraft:diamond_block":18},"minecraft:used":{"minecraft:trident":268,"minecraft:cooked_beef":4},"minecraft:killed":{"minecraft:drowned":44,"minecraft:guardian":8,"minecraft:zombie":82},"minecraft:killed_by":{"minecraft:guardian":1,"minecraft:zombie":2,"minecraft:player":3},"minecraft:dropped":{"minecraft:red_concrete":1,"minecraft:cooked_beef":1}},"DataVersion":1631}