{"stats":{"minecraft:custom":{"minecraft:time_since_rest":9316,"minecraft:play_one_minute":81598,"minecraft:crouch_one_cm":4498,"minecraft:deaths":16,"minecraft:sprint_one_cm":119131,"minecraft:damage_taken":8414,"minecraft:walk_one_cm":191417,"minecraft:sneak_time":2824,"minecraft:walk_under_water_one_cm":2819,"minecraft:mob_kills":144,"minecraft:drop":2,"minecraft:jump":734,"minecraft:damage_dealt":5307,"minecraft:leave_game":1,"minecraft:time_since_death":9283,"minecraft:walk_on_water_one_cm":66760,"minecraft:damage_resisted":860,"minecraft:swim_one_cm":2752,"minecraft:fall_one_cm":51347,"minecraft:tune_noteblock":20,"minecraft:fly_one_cm":159065,"minecraft:player_kills":3},"minecraft:picked_up":{"minecraft:diamond":73,"minecraft:diamond_block":14,"minecraft:paper":2},"minecraft:used":{"minecraft:trident":253,"minecraft:cooked_beef":15},"minecraft:killed":{"minecraft:drowned":44,"minecraft:guardian":9,"minecraft:zombie":91},"minecraft:killed_by":{"minecraft:zombie":3,"minecraft:player":6},"minecraft:dropped":{"minecraft:paper":1,"minecraft:magenta_concrete":1}},"DataVersion":1631}