{"stats":{"minecraft:killed":{"minecraft:witch":1,"minecraft:guardian":142,"minecraft:drowned":258,"minecraft:parrot":7,"minecraft:elder_guardian":50,"minecraft:zombie":1131},"minecraft:used":{"minecraft:peony":25,"minecraft:oak_fence":11,"minecraft:jungle_leaves":241,"minecraft:purpur_block":1,"minecraft:stripped_acacia_wood":14,"minecraft:light_blue_stained_glass_pane":110,"minecraft:trident":3025,"minecraft:jack_o_lantern":29,"minecraft:blue_terracotta":15,"minecraft:rose_bush":35,"minecraft:iron_bars":39,"minecraft:brain_coral_fan":2,"minecraft:dead_bush":10,"minecraft:orange_concrete":154,"minecraft:flint_and_steel":33,"minecraft:red_concrete":308,"minecraft:armor_stand":8,"minecraft:spruce_slab":26,"minecraft:redstone":60,"minecraft:carrot_on_a_stick":5812,"minecraft:ladder":56,"minecraft:poppy":11,"minecraft:black_carpet":5,"minecraft:spruce_planks":49,"minecraft:chest":4,"minecraft:white_terracotta":70,"minecraft:stone":953,"minecraft:quartz_stairs":2638,"minecraft:bubble_coral":3,"minecraft:player_head":35,"minecraft:farmland":16,"minecraft:netherrack":2,"minecraft:tube_coral":2,"minecraft:debug_stick":369,"minecraft:orange_stained_glass":64,"minecraft:torch":24,"minecraft:soul_sand":21,"minecraft:dirt":26,"minecraft:anvil":17,"minecraft:white_carpet":55,"minecraft:hopper":3,"minecraft:blue_stained_glass":73,"minecraft:prismarine_bricks":88,"minecraft:spruce_stairs":18,"minecraft:cobblestone_wall":419,"minecraft:allium":2,"minecraft:orange_wool":260,"minecraft:yellow_carpet":24,"minecraft:spruce_fence":37,"minecraft:light_blue_stained_glass":58,"minecraft:jungle_trapdoor":35,"minecraft:cyan_wool":10,"minecraft:blue_concrete":78,"minecraft:azure_bluet":10,"minecraft:obsidian":169,"minecraft:spruce_boat":1,"minecraft:brown_terracotta":23,"minecraft:dark_oak_planks":450,"minecraft:packed_ice":320,"minecraft:sea_lantern":329,"minecraft:cyan_terracotta":89,"minecraft:stripped_dark_oak_wood":5,"minecraft:light_gray_stained_glass":9,"minecraft:quartz_pillar":426,"minecraft:yellow_stained_glass":64,"minecraft:quartz_slab":1093,"minecraft:grass_block":1618,"minecraft:red_wool":548,"minecraft:spruce_wood":79,"minecraft:iron_block":3,"minecraft:blue_orchid":4,"minecraft:oak_stairs":56,"minecraft:quartz_block":2336,"minecraft:green_wool":61,"minecraft:jungle_log":532,"minecraft:dark_oak_wood":2,"minecraft:dark_oak_leaves":328,"minecraft:smooth_quartz":1407,"minecraft:pink_wool":77,"minecraft:prismarine_slab":5,"minecraft:item_frame":1,"minecraft:repeater":160,"minecraft:red_stained_glass_pane":125,"minecraft:horn_coral":1,"minecraft:light_gray_wool":168,"minecraft:purple_concrete":97,"minecraft:glowstone":261,"minecraft:birch_trapdoor":2,"minecraft:red_carpet":56,"minecraft:redstone_lamp":2,"minecraft:lime_concrete":320,"minecraft:snow":241,"minecraft:black_stained_glass":11,"minecraft:magenta_wool":199,"minecraft:emerald_block":2,"minecraft:magenta_terracotta":16,"minecraft:dark_oak_pressure_plate":1,"minecraft:furnace":1,"minecraft:lime_stained_glass":244,"minecraft:podzol":29,"minecraft:infested_cobblestone":7,"minecraft:gold_block":395,"minecraft:fire_coral_fan":14,"minecraft:orange_terracotta":253,"minecraft:cooked_beef":94,"minecraft:stripped_spruce_wood":2,"minecraft:seagrass":89,"minecraft:observer":2,"minecraft:orange_stained_glass_pane":26,"minecraft:turtle_egg":33,"minecraft:dead_brain_coral_fan":3,"minecraft:large_fern":16,"minecraft:horn_coral_fan":1,"minecraft:magenta_shulker_box":2,"minecraft:turtle_spawn_egg":1,"minecraft:dark_oak_stairs":134,"minecraft:water_bucket":187,"minecraft:end_rod":123,"minecraft:end_stone_bricks":7,"minecraft:sandstone_stairs":34,"minecraft:snow_block":96,"minecraft:prismarine_brick_slab":43,"minecraft:birch_planks":20,"minecraft:stripped_birch_log":23,"minecraft:red_stained_glass":112,"minecraft:gray_carpet":16,"minecraft:polished_andesite":69,"minecraft:lime_wool":254,"minecraft:oak_planks":164,"minecraft:lily_pad":22,"minecraft:blue_wool":356,"minecraft:sandstone":1,"minecraft:brown_mushroom":12,"minecraft:jungle_pressure_plate":4,"minecraft:redstone_block":15,"minecraft:magenta_stained_glass":292,"minecraft:cobblestone_slab":214,"minecraft:purpur_pillar":2,"minecraft:diamond_block":48,"minecraft:oak_leaves":213,"minecraft:rail":70,"minecraft:white_wool":940,"minecraft:brain_coral":12,"minecraft:golden_apple":6,"minecraft:jungle_wood":14,"minecraft:mossy_cobblestone":51,"minecraft:dark_oak_trapdoor":5,"minecraft:orange_carpet":19,"minecraft:sand":64,"minecraft:lime_terracotta":18,"minecraft:vine":208,"minecraft:yellow_terracotta":211,"minecraft:light_blue_concrete":136,"minecraft:lime_stained_glass_pane":96,"minecraft:red_mushroom":6,"minecraft:yellow_concrete":410,"minecraft:acacia_leaves":6,"minecraft:light_blue_wool":252,"minecraft:smooth_red_sandstone":90,"minecraft:yellow_stained_glass_pane":77,"minecraft:blue_ice":470,"minecraft:gray_concrete":969,"minecraft:purple_terracotta":15,"minecraft:chiseled_quartz_block":456,"minecraft:lingering_potion":29,"minecraft:fire_coral":21,"minecraft:magenta_carpet":110,"minecraft:end_stone":199,"minecraft:spruce_log":12,"minecraft:cyan_stained_glass":6,"minecraft:redstone_torch":2,"minecraft:purple_stained_glass":545,"minecraft:black_terracotta":1,"minecraft:blue_stained_glass_pane":111,"minecraft:dark_prismarine":1,"minecraft:green_concrete":37,"minecraft:black_wool":775,"minecraft:red_sandstone":3,"minecraft:black_concrete":405,"minecraft:oxeye_daisy":6,"minecraft:command_block":21,"minecraft:lime_carpet":14,"minecraft:light_gray_concrete":5,"minecraft:dead_fire_coral":2,"minecraft:sunflower":3,"minecraft:zombie_head":3,"minecraft:heavy_weighted_pressure_plate":1,"minecraft:barrier":5,"minecraft:brown_stained_glass":120,"minecraft:brown_wool":115,"minecraft:stone_button":27,"minecraft:red_terracotta":35,"minecraft:sign":49,"minecraft:detector_rail":8,"minecraft:stone_slab":58,"minecraft:magenta_concrete":110,"minecraft:spruce_trapdoor":20,"minecraft:diamond_ore":17,"minecraft:gravel":40,"minecraft:lilac":5,"minecraft:yellow_wool":503,"minecraft:magenta_stained_glass_pane":90,"minecraft:blue_carpet":17,"minecraft:coal_block":4,"minecraft:pufferfish_bucket":1,"minecraft:andesite":167,"minecraft:stripped_oak_wood":5,"minecraft:pink_stained_glass":27,"minecraft:lapis_block":1,"minecraft:glass_pane":45,"minecraft:magenta_glazed_terracotta":187,"minecraft:green_concrete_powder":15,"minecraft:white_stained_glass":135,"minecraft:ice":103,"minecraft:chain_command_block":3,"minecraft:grass_path":33,"minecraft:mossy_cobblestone_wall":87,"minecraft:repeating_command_block":66,"minecraft:chest_minecart":1,"minecraft:sea_pickle":5,"minecraft:white_concrete":8,"minecraft:dandelion":10,"minecraft:purple_carpet":47,"minecraft:gray_wool":70,"minecraft:brown_mushroom_block":16,"minecraft:bone_meal":3,"minecraft:purple_wool":29,"minecraft:cobweb":57,"minecraft:gray_stained_glass":6,"minecraft:green_stained_glass":2},"minecraft:killed_by":{"minecraft:player":21,"minecraft:guardian":3,"minecraft:zombie":14,"minecraft:elder_guardian":2,"minecraft:vex":4},"minecraft:picked_up":{"minecraft:wooden_axe":1,"minecraft:light_blue_concrete":1,"minecraft:blue_concrete":2,"minecraft:pufferfish":67,"minecraft:quartz_stairs":1,"minecraft:trident":5,"minecraft:carrot":8,"minecraft:blue_stained_glass":2,"minecraft:cod":3,"minecraft:lapis_ore":1,"minecraft:nautilus_shell":1,"minecraft:feather":7,"minecraft:salmon":93,"minecraft:light_gray_dye":300,"minecraft:paper":5,"minecraft:gray_carpet":1,"minecraft:spruce_wood":1,"minecraft:glass_bottle":2,"minecraft:music_disc_chirp":1,"minecraft:purple_concrete":1,"minecraft:yellow_concrete":1,"minecraft:lime_concrete":2,"minecraft:gravel":2,"minecraft:diamond_block":333,"minecraft:coal_ore":1,"minecraft:diamond":1845,"minecraft:bone_meal":1,"minecraft:magenta_concrete":9},"minecraft:dropped":{"minecraft:water_bucket":1,"minecraft:repeating_command_block":9,"minecraft:wheat_seeds":64,"minecraft:diamond":10,"minecraft:yellow_concrete":4,"minecraft:feather":6,"minecraft:barrier":1,"minecraft:purple_concrete":5,"minecraft:end_rod":1,"minecraft:pufferfish":130,"minecraft:sign":17,"minecraft:wooden_axe":3,"minecraft:lapis_ore":1,"minecraft:pumpkin_pie":2,"minecraft:bone_meal":64,"minecraft:black_concrete":1,"minecraft:paper":3,"minecraft:gray_carpet":1,"minecraft:red_concrete":4,"minecraft:magenta_stained_glass":1,"minecraft:music_disc_chirp":1,"minecraft:player_head":2,"minecraft:lime_concrete":4,"minecraft:orange_concrete":3,"minecraft:stripped_dark_oak_log":1,"minecraft:blue_concrete":3,"minecraft:end_stone":1,"minecraft:magenta_concrete":13,"minecraft:light_blue_concrete":6,"minecraft:salmon":95,"minecraft:carrot":14,"minecraft:blue_stained_glass":2,"minecraft:snow":64,"minecraft:stone":3,"minecraft:orange_terracotta":1,"minecraft:coal_ore":1,"minecraft:quartz_block":1,"minecraft:quartz_stairs":1,"minecraft:cake":17,"minecraft:spruce_wood":1,"minecraft:iron_ore":1,"minecraft:red_tulip":1,"minecraft:nautilus_shell":1,"minecraft:quartz_slab":1},"minecraft:custom":{"minecraft:mob_kills":1594,"minecraft:open_shulker_box":3,"minecraft:leave_game":50,"minecraft:time_since_death":27795,"minecraft:climb_one_cm":11648,"minecraft:damage_resisted":20506,"minecraft:sprint_one_cm":3183915,"minecraft:walk_one_cm":2748516,"minecraft:drop":563,"minecraft:deaths":66,"minecraft:sneak_time":207276,"minecraft:walk_under_water_one_cm":180407,"minecraft:boat_one_cm":83614,"minecraft:jump":36444,"minecraft:walk_on_water_one_cm":941753,"minecraft:tune_noteblock":384,"minecraft:play_one_minute":4638721,"minecraft:time_since_rest":27819,"minecraft:damage_taken":35217,"minecraft:damage_absorbed":105,"minecraft:damage_dealt":52884,"minecraft:interact_with_beacon":3,"minecraft:swim_one_cm":32157,"minecraft:fly_one_cm":39149177,"minecraft:player_kills":13,"minecraft:open_chest":1,"minecraft:crouch_one_cm":332857,"minecraft:fall_one_cm":386147}},"DataVersion":1631}