{"stats":{"minecraft:used":{"minecraft:oak_fence":3,"minecraft:purpur_block":188,"minecraft:stripped_acacia_wood":35,"minecraft:light_blue_stained_glass_pane":20,"minecraft:trident":2793,"minecraft:orange_concrete_powder":1,"minecraft:jungle_leaves":1,"minecraft:blue_terracotta":12,"minecraft:iron_bars":11,"minecraft:red_sand":17,"minecraft:orange_concrete":196,"minecraft:brain_coral_fan":3,"minecraft:pufferfish_spawn_egg":1,"minecraft:ladder":29,"minecraft:red_concrete":467,"minecraft:bone_block":6,"minecraft:armor_stand":4,"minecraft:spruce_slab":2,"minecraft:redstone":21,"minecraft:carrot_on_a_stick":7693,"minecraft:dead_brain_coral":5,"minecraft:poppy":4,"minecraft:oak_sign":2250,"minecraft:light_blue_terracotta":16,"minecraft:black_carpet":19,"minecraft:spruce_planks":183,"minecraft:chest":4,"minecraft:white_terracotta":167,"minecraft:brown_concrete":4,"minecraft:stone":650,"minecraft:zombie_spawn_egg":2,"minecraft:creeper_head":4,"minecraft:quartz_stairs":1039,"minecraft:bubble_coral":3,"minecraft:stripped_birch_wood":26,"minecraft:grass":25,"minecraft:green_terracotta":96,"minecraft:player_head":20,"minecraft:netherrack":151,"minecraft:dried_kelp_block":1,"minecraft:tube_coral":3,"minecraft:debug_stick":817,"minecraft:spruce_leaves":25,"minecraft:orange_stained_glass":26,"minecraft:torch":4,"minecraft:soul_sand":10,"minecraft:dirt":1,"minecraft:anvil":21,"minecraft:white_carpet":12,"minecraft:hopper":1,"minecraft:blue_stained_glass":135,"minecraft:prismarine_bricks":104,"minecraft:nether_bricks":8,"minecraft:prismarine_brick_stairs":2,"minecraft:cobblestone_wall":54,"minecraft:orange_wool":60,"minecraft:allium":4,"minecraft:shulker_box":4,"minecraft:oak_wood":38,"minecraft:pink_terracotta":53,"minecraft:granite":3,"minecraft:cyan_wool":20,"minecraft:light_blue_stained_glass":67,"minecraft:blue_concrete":853,"minecraft:stripped_spruce_log":1,"minecraft:milk_bucket":1,"minecraft:obsidian":67,"minecraft:fern":1,"minecraft:jungle_sapling":2,"minecraft:purple_stained_glass_pane":4,"minecraft:glass":5,"minecraft:brown_terracotta":8,"minecraft:dark_oak_planks":221,"minecraft:packed_ice":56,"minecraft:sea_lantern":300,"minecraft:cyan_terracotta":14,"minecraft:lava_bucket":14,"minecraft:stripped_dark_oak_wood":30,"minecraft:coal_ore":3,"minecraft:light_gray_stained_glass":17,"minecraft:quartz_pillar":246,"minecraft:villager_spawn_egg":1,"minecraft:yellow_stained_glass":18,"minecraft:quartz_slab":570,"minecraft:grass_block":125,"minecraft:red_wool":401,"minecraft:iron_block":89,"minecraft:light_weighted_pressure_plate":2,"minecraft:slime_block":1,"minecraft:smooth_sandstone":179,"minecraft:quartz_block":1756,"minecraft:green_wool":207,"minecraft:jungle_log":4,"minecraft:chicken_spawn_egg":2,"minecraft:music_disc_chirp":1,"minecraft:dark_oak_slab":9,"minecraft:gray_concrete_powder":18,"minecraft:smooth_quartz":79,"minecraft:pink_wool":38,"minecraft:prismarine_slab":2,"minecraft:stone_bricks":11,"minecraft:repeater":131,"minecraft:red_stained_glass_pane":4,"minecraft:blaze_spawn_egg":1,"minecraft:yellow_concrete_powder":14,"minecraft:tripwire_hook":6,"minecraft:light_gray_wool":211,"minecraft:purple_concrete":141,"minecraft:glowstone":1,"minecraft:horn_coral":3,"minecraft:lime_concrete":341,"minecraft:snow":45,"minecraft:black_stained_glass":75,"minecraft:magenta_wool":127,"minecraft:emerald_block":16,"minecraft:iron_trapdoor":1,"minecraft:oak_sapling":1,"minecraft:lime_stained_glass":71,"minecraft:white_stained_glass_pane":40,"minecraft:podzol":28,"minecraft:gold_block":171,"minecraft:stone_pressure_plate":1,"minecraft:cooked_beef":199,"minecraft:orange_terracotta":211,"minecraft:stripped_spruce_wood":30,"minecraft:turtle_egg":2,"minecraft:seagrass":39,"minecraft:brown_concrete_powder":12,"minecraft:horn_coral_fan":1,"minecraft:magenta_shulker_box":2,"minecraft:dark_oak_stairs":28,"minecraft:water_bucket":177,"minecraft:tube_coral_fan":1,"minecraft:end_rod":269,"minecraft:end_stone_bricks":36,"minecraft:cobblestone_stairs":5,"minecraft:sandstone_stairs":35,"minecraft:snow_block":80,"minecraft:birch_planks":20,"minecraft:red_stained_glass":42,"minecraft:gray_carpet":12,"minecraft:polished_andesite":88,"minecraft:prismarine_stairs":2,"minecraft:prismarine":31,"minecraft:lime_wool":221,"minecraft:oak_planks":66,"minecraft:bubble_coral_fan":2,"minecraft:blue_wool":61,"minecraft:lime_concrete_powder":38,"minecraft:parrot_spawn_egg":5,"minecraft:black_shulker_box":6,"minecraft:cut_sandstone":82,"minecraft:redstone_block":976,"minecraft:blue_concrete_powder":9,"minecraft:structure_void":34,"minecraft:magenta_stained_glass":61,"minecraft:beacon":29,"minecraft:sheep_spawn_egg":2,"minecraft:cobblestone_slab":42,"minecraft:purpur_pillar":19,"minecraft:oak_leaves":36,"minecraft:white_wool":1251,"minecraft:brain_coral":2,"minecraft:pink_concrete":3,"minecraft:mossy_cobblestone":3,"minecraft:dark_oak_trapdoor":2,"minecraft:diamond_block":364,"minecraft:lime_terracotta":109,"minecraft:lime_stained_glass_pane":151,"minecraft:stripped_dark_oak_log":3,"minecraft:yellow_terracotta":54,"minecraft:light_blue_concrete":562,"minecraft:tnt":1,"minecraft:crafting_table":1,"minecraft:yellow_concrete":189,"minecraft:light_blue_wool":161,"minecraft:phantom_spawn_egg":4,"minecraft:smooth_red_sandstone":37,"minecraft:yellow_stained_glass_pane":51,"minecraft:light_gray_terracotta":34,"minecraft:blue_ice":22,"minecraft:chiseled_quartz_block":181,"minecraft:fire_coral":4,"minecraft:note_block":12,"minecraft:purple_concrete_powder":15,"minecraft:gray_concrete":4749,"minecraft:spruce_log":41,"minecraft:creeper_spawn_egg":1,"minecraft:cyan_stained_glass":13,"minecraft:end_stone":79,"minecraft:cake":1,"minecraft:dark_oak_door":1,"minecraft:redstone_torch":1,"minecraft:mushroom_stem":20,"minecraft:oak_log":36,"minecraft:blue_glazed_terracotta":2,"minecraft:enderman_spawn_egg":4,"minecraft:piston":1,"minecraft:purple_stained_glass":278,"minecraft:black_terracotta":20,"minecraft:blue_stained_glass_pane":62,"minecraft:gray_terracotta":16,"minecraft:dark_prismarine":113,"minecraft:lever":2,"minecraft:green_concrete":69,"minecraft:black_wool":806,"minecraft:red_sandstone":10,"minecraft:black_concrete":3597,"minecraft:acacia_door":8,"minecraft:dead_fire_coral":4,"minecraft:command_block":1143,"minecraft:light_gray_concrete":11,"minecraft:zombie_head":2,"minecraft:heavy_weighted_pressure_plate":18,"minecraft:barrier":989,"minecraft:brown_stained_glass":13,"minecraft:oak_button":1,"minecraft:brown_wool":163,"minecraft:stone_button":376,"minecraft:red_terracotta":75,"minecraft:cyan_concrete":38,"minecraft:magenta_concrete":585,"minecraft:polished_granite":13,"minecraft:magenta_concrete_powder":15,"minecraft:diamond_ore":6,"minecraft:spruce_sapling":2,"minecraft:yellow_wool":201,"minecraft:magenta_stained_glass_pane":42,"minecraft:dead_horn_coral":7,"minecraft:cod_spawn_egg":8,"minecraft:coal_block":59,"minecraft:zombie_pigman_spawn_egg":1,"minecraft:diamond_sword":7,"minecraft:fire_charge":3,"minecraft:cobblestone":63,"minecraft:light_blue_concrete_powder":40,"minecraft:andesite":46,"minecraft:cyan_stained_glass_pane":6,"minecraft:red_concrete_powder":7,"minecraft:stripped_oak_wood":44,"minecraft:pink_stained_glass":15,"minecraft:glass_pane":42,"minecraft:magenta_glazed_terracotta":346,"minecraft:green_concrete_powder":41,"minecraft:white_stained_glass":283,"minecraft:chain_command_block":2274,"minecraft:sandstone_slab":4,"minecraft:repeating_command_block":213,"minecraft:mossy_cobblestone_wall":4,"minecraft:smooth_stone_slab":32,"minecraft:sea_pickle":20,"minecraft:stripped_oak_log":14,"minecraft:white_concrete":1172,"minecraft:coarse_dirt":44,"minecraft:gray_wool":203,"minecraft:smooth_stone":11,"minecraft:jukebox":1,"minecraft:purple_wool":87,"minecraft:gray_stained_glass":65,"minecraft:cobweb":3,"minecraft:green_stained_glass":19},"minecraft:killed":{"minecraft:guardian":170,"minecraft:drowned":418,"minecraft:parrot":5,"minecraft:elder_guardian":41,"minecraft:creeper":1,"minecraft:sheep":2,"minecraft:zombie":1321,"minecraft:blaze":1},"minecraft:picked_up":{"minecraft:orange_concrete":1,"minecraft:trident":9,"minecraft:command_block":1,"minecraft:rotten_flesh":6,"minecraft:pumpkin_pie":2,"minecraft:mutton":2,"minecraft:white_wool":1,"minecraft:feather":17,"minecraft:salmon":2,"minecraft:light_gray_dye":885,"minecraft:paper":4,"minecraft:wheat_seeds":64,"minecraft:iron_ore":1,"minecraft:purple_concrete":1,"minecraft:music_disc_chirp":1,"minecraft:white_stained_glass_pane":1,"minecraft:yellow_concrete":1,"minecraft:diamond_block":488,"minecraft:stripped_acacia_log":1,"minecraft:diamond":2560,"minecraft:gray_wool":1},"minecraft:custom":{"minecraft:mob_kills":1962,"minecraft:inspect_hopper":13,"minecraft:interact_with_crafting_table":1,"minecraft:open_shulker_box":38,"minecraft:leave_game":121,"minecraft:time_since_death":76916,"minecraft:climb_one_cm":10643,"minecraft:damage_resisted":24403,"minecraft:sprint_one_cm":3748653,"minecraft:walk_one_cm":5509353,"minecraft:drop":140,"minecraft:talked_to_villager":9,"minecraft:deaths":32,"minecraft:sneak_time":320275,"minecraft:walk_under_water_one_cm":92633,"minecraft:jump":20436,"minecraft:walk_on_water_one_cm":765743,"minecraft:interact_with_furnace":5,"minecraft:play_record":1,"minecraft:tune_noteblock":57,"minecraft:play_one_minute":6432244,"minecraft:time_since_rest":76939,"minecraft:damage_taken":36966,"minecraft:damage_dealt":84092,"minecraft:interact_with_beacon":13,"minecraft:swim_one_cm":10252,"minecraft:fly_one_cm":65943345,"minecraft:player_kills":23,"minecraft:open_chest":30,"minecraft:crouch_one_cm":257582,"minecraft:fall_one_cm":227189,"minecraft:horse_one_cm":870},"minecraft:killed_by":{"minecraft:player":12,"minecraft:guardian":2,"minecraft:zombie":6},"minecraft:dropped":{"minecraft:repeating_command_block":4,"minecraft:cyan_stained_glass":1,"minecraft:diamond":1,"minecraft:lime_stained_glass":1,"minecraft:yellow_concrete":1,"minecraft:barrier":30,"minecraft:purple_concrete":2,"minecraft:command_block":4,"minecraft:grass_block":1,"minecraft:enderman_spawn_egg":2,"minecraft:light_blue_stained_glass":1,"minecraft:stone_button":1,"minecraft:white_stained_glass_pane":1,"minecraft:pumpkin_pie":2,"minecraft:paper":5,"minecraft:redstone_block":1,"minecraft:red_concrete":3,"minecraft:gray_stained_glass":1,"minecraft:smooth_stone_slab":1,"minecraft:black_carpet":1,"minecraft:orange_concrete":5,"minecraft:blue_concrete":3,"minecraft:debug_stick":1,"minecraft:light_blue_concrete":2,"minecraft:oak_sign":11,"minecraft:purple_stained_glass":1,"minecraft:trident":17,"minecraft:quartz_block":1,"minecraft:cake":9,"minecraft:pink_wool":1,"minecraft:stripped_acacia_log":1,"minecraft:iron_ore":1,"minecraft:chain_command_block":23}},"DataVersion":1963}